date,open,close,high,low,volume
2019-01-02,8.96,8.85,9.05,8.78,40357.27
2019-01-03,8.82,8.46,8.87,8.44,57849.02
2019-01-04,8.38,8.66,8.72,8.32,77795.98
2019-01-07,8.82,9.13,9.17,8.7,88709.32
2019-01-08,9.11,9.12,9.19,9.02,39842.22
2019-01-09,9.16,9.15,9.33,9.09,58122.87
2019-01-10,9.15,9.1,9.22,9.06,34543.78
2019-01-11,9.16,9.08,9.21,8.97,37654.11
2019-01-14,9.04,9.1,9.22,8.99,37938.28
2019-01-15,9.19,9.14,9.19,8.97,44833.07
2019-01-16,9.12,9.06,9.17,9.05,25138.53
2019-01-17,9.07,8.77,9.09,8.71,55646.06
2019-01-18,8.86,8.9,8.92,8.75,44621.02
2019-01-21,8.88,9.05,9.16,8.88,61507.74
2019-01-22,9.04,8.72,9.05,8.63,59457.65
2019-01-23,8.74,8.72,8.82,8.68,36714.95
2019-01-24,8.72,8.79,8.89,8.72,29462.0
2019-01-25,8.8,8.79,8.89,8.75,34424.0
2019-01-28,8.82,8.65,8.89,8.57,54675.69
2019-01-29,8.63,8.56,8.67,8.41,57616.59
2019-01-30,8.5,8.39,8.53,8.37,52932.02
2019-01-31,8.33,8.22,8.49,8.18,63208.41
2019-02-01,8.29,8.61,8.62,8.26,61744.01
2019-02-11,8.56,8.84,8.89,8.55,57364.71
2019-02-12,8.83,9.06,9.11,8.82,73517.54
2019-02-13,9.03,9.37,9.39,9.03,99650.3
2019-02-14,9.34,9.48,9.56,9.29,76013.78
2019-02-15,9.5,9.53,9.78,9.46,99677.61
2019-02-18,9.67,9.71,9.76,9.55,101271.68
2019-02-19,9.75,9.74,9.96,9.61,96262.02
2019-02-20,9.74,9.79,9.88,9.59,72327.41
2019-02-21,9.8,9.67,9.95,9.63,92188.78
2019-02-22,9.76,9.87,9.96,9.69,97051.49
2019-02-25,10.0,10.38,10.4,9.99,160384.3
2019-02-26,10.38,10.14,10.43,10.11,163206.17
2019-02-27,10.35,10.22,10.51,10.14,141395.01
2019-02-28,10.24,10.34,10.46,10.23,90110.13
2019-03-01,10.38,10.39,10.57,10.26,105921.99
2019-03-04,10.44,10.55,10.8,10.44,161331.97
2019-03-05,10.61,10.84,10.84,10.48,127794.24
2019-03-06,10.94,10.95,11.04,10.72,127714.73
2019-03-07,10.94,11.05,11.22,10.88,144773.9
2019-03-08,10.85,10.93,11.18,10.68,192185.63
2019-03-11,10.92,11.05,11.12,10.78,179457.62
2019-03-12,11.21,11.17,11.38,11.02,193309.76
2019-03-13,11.24,11.61,12.06,11.14,320640.91
2019-03-14,11.46,10.99,11.66,10.79,170341.03
2019-03-15,11.11,11.57,12.0,11.04,236492.28
2019-03-18,11.59,11.62,11.67,11.33,138324.93
2019-03-19,11.62,11.79,11.92,11.49,122377.29
2019-03-20,11.9,11.58,11.9,11.34,118471.93
2019-03-21,11.59,11.58,11.81,11.48,115058.05
2019-03-22,11.52,11.65,11.7,11.29,112711.73
2019-03-25,11.41,11.26,11.58,11.24,87537.97
2019-03-26,11.34,11.14,11.54,11.08,116433.66
2019-03-27,11.14,11.13,11.37,10.93,76610.33
2019-03-28,11.27,11.22,11.67,11.19,127682.99
2019-03-29,11.19,11.51,11.53,11.0,117917.17
2019-04-01,11.52,11.87,11.88,11.52,146334.58
2019-04-02,12.03,11.91,12.23,11.77,168300.76
2019-04-03,11.77,11.85,11.95,11.67,131346.94
2019-04-04,12.14,11.96,12.21,11.89,131523.56
2019-04-08,12.12,11.57,12.12,11.41,148974.37
2019-04-09,11.58,11.63,11.77,11.43,97681.64
2019-04-10,11.66,11.57,11.75,11.38,91569.6
2019-04-11,11.57,11.25,11.59,11.22,84014.41
2019-04-12,11.25,11.55,11.62,11.19,95125.41
2019-04-15,11.62,11.28,11.72,11.27,116937.45
2019-04-16,11.26,11.6,11.6,11.02,85295.84
2019-04-17,11.57,11.41,11.58,11.39,73985.52
2019-04-18,11.51,11.62,11.77,11.38,113714.64
2019-04-19,11.58,11.51,11.58,11.37,91156.06
2019-04-22,11.55,11.45,11.62,11.42,67115.47
2019-04-23,11.47,11.22,11.5,11.22,72544.83
2019-04-24,11.22,11.42,11.49,11.19,59637.72
2019-04-25,11.41,10.95,11.47,10.94,72338.08
2019-04-26,11.0,10.95,11.15,10.93,61997.7
2019-04-29,10.94,11.05,11.43,10.94,100867.97
2019-04-30,11.09,10.95,11.27,10.8,85659.91
2019-05-06,10.56,9.86,10.56,9.86,139023.27
2019-05-07,9.9,9.93,10.13,9.65,95311.41
2019-05-08,9.82,9.99,10.12,9.66,68172.2
2019-05-09,9.88,9.76,9.98,9.43,79035.25
2019-05-10,9.86,10.1,10.28,9.66,99179.42
2019-05-13,10.0,9.24,10.0,9.1,185731.33
2019-05-14,9.26,9.8,9.98,9.22,239540.33
2019-05-15,9.87,9.71,9.9,9.53,169785.16
2019-05-16,9.61,9.57,9.67,9.48,98403.28
2019-05-17,9.56,9.29,9.68,9.22,113859.62
2019-05-20,9.3,9.12,9.3,8.72,116728.78
2019-05-21,9.09,9.14,9.22,8.98,84666.24
2019-05-22,9.13,9.01,9.13,8.89,70014.27
2019-05-23,8.94,8.71,8.94,8.67,88048.06
2019-05-24,8.67,8.76,8.85,8.67,48282.18
2019-05-27,8.81,8.99,9.03,8.76,57997.76
2019-05-28,9.04,9.12,9.12,9.0,62517.75
2019-05-29,9.36,9.15,9.36,9.11,102137.26
2019-05-30,9.09,8.85,9.09,8.72,77459.33
2019-05-31,8.84,8.92,9.07,8.78,65955.38
2019-06-03,8.91,8.89,9.08,8.78,55779.54
2019-06-04,9.02,8.73,9.03,8.66,65875.88
2019-06-05,8.82,8.84,8.95,8.79,56211.6
2019-06-06,8.87,8.51,8.87,8.5,69602.57
2019-06-10,8.53,8.68,8.77,8.53,49817.18
2019-06-11,8.68,9.13,9.14,8.64,79986.8
2019-06-12,9.01,8.93,9.06,8.89,65796.29
2019-06-13,8.92,8.97,8.99,8.85,35926.04
2019-06-14,8.95,8.83,8.97,8.79,48561.03
2019-06-17,8.79,8.73,8.9,8.7,48718.3
2019-06-18,8.72,8.88,8.89,8.67,55540.47
2019-06-19,9.12,9.19,9.34,9.07,123784.87
2019-06-20,9.1,9.36,9.4,9.01,116578.85
2019-06-21,9.4,9.48,9.61,9.37,78632.47
2019-06-24,9.52,9.39,9.53,9.29,61584.23
2019-06-25,9.4,9.48,9.53,9.22,76860.42
2019-06-26,9.43,9.23,9.43,9.21,58710.22
2019-06-27,9.27,9.67,9.72,9.27,123014.49
2019-06-28,9.63,9.41,9.64,9.37,70878.0
2019-07-01,9.67,9.59,9.72,9.52,81016.94
2019-07-02,9.54,9.52,9.63,9.48,52669.32
2019-07-03,9.94,10.24,10.34,9.86,254270.68
2019-07-04,10.33,10.36,10.54,10.23,219476.01
2019-07-05,10.29,10.38,10.52,10.16,144354.66
2019-07-08,10.38,10.31,10.39,10.05,151211.64
2019-07-09,10.22,10.01,10.28,9.88,123278.03
2019-07-10,10.02,9.92,10.13,9.84,81484.83
2019-07-11,9.95,9.95,10.12,9.88,60948.0
2019-07-12,9.95,10.18,10.35,9.9,98935.86
2019-07-15,10.17,10.2,10.37,9.91,83100.72
2019-07-16,10.23,10.05,10.23,9.99,49903.14
2019-07-17,10.04,9.93,10.11,9.92,50704.44
2019-07-18,9.93,9.64,9.96,9.64,62157.85
2019-07-19,9.65,9.76,9.84,9.65,42991.47
2019-07-22,9.77,9.59,9.87,9.46,65829.76
2019-07-23,9.53,9.82,9.85,9.53,45636.09
2019-07-24,9.87,9.9,10.02,9.78,51577.76
2019-07-25,9.9,10.06,10.15,9.86,63042.0
2019-07-26,10.0,10.07,10.09,9.98,45468.48
2019-07-29,10.1,10.05,10.14,9.96,44742.52
2019-07-30,10.03,10.21,10.32,10.01,56348.81
2019-07-31,10.32,10.24,10.37,10.1,71370.62
2019-08-01,10.19,10.25,10.36,10.13,69156.5
2019-08-02,10.0,9.76,10.05,9.67,95260.8
2019-08-05,9.81,10.03,10.28,9.73,121817.86
2019-08-06,9.79,9.67,9.98,9.55,86838.48
2019-08-07,9.81,9.31,9.81,9.28,75246.22
2019-08-08,9.41,9.49,9.6,9.39,41589.95
2019-08-09,9.54,9.29,9.57,9.24,43468.02
2019-08-12,9.28,9.45,9.47,9.17,59189.63
2019-08-13,9.37,9.59,9.62,9.31,50897.76
2019-08-14,9.71,9.76,9.84,9.67,52620.65
2019-08-15,9.49,9.8,9.85,9.49,43762.92
2019-08-16,9.82,9.87,9.99,9.73,53077.86
2019-08-19,9.9,10.41,10.51,9.88,124839.5
2019-08-20,10.52,10.26,10.52,10.26,68782.81
2019-08-21,10.26,10.32,10.43,10.22,47467.68
2019-08-22,10.31,10.33,10.38,10.17,60530.22
2019-08-23,10.3,10.33,10.45,10.1,80263.8
2019-08-26,10.12,10.42,10.44,10.08,83645.61
2019-08-27,10.38,10.4,10.64,10.29,139667.53
2019-08-28,10.4,10.41,10.44,10.24,84005.9
2019-08-29,10.44,10.17,10.54,10.06,127298.7
2019-08-30,10.22,10.05,10.26,9.9,81244.37
2019-09-02,10.09,10.35,10.4,10.08,93872.55
2019-09-03,10.36,10.38,10.41,10.29,58022.19
2019-09-04,10.38,10.39,10.42,10.19,82742.86
2019-09-05,10.45,10.62,10.72,10.45,142820.72
2019-09-06,10.71,10.62,10.72,10.54,70938.36
2019-09-09,10.72,10.88,10.9,10.69,125398.8
2019-09-10,10.94,10.79,10.94,10.73,69982.88
2019-09-11,10.92,10.53,10.92,10.49,112405.45
2019-09-12,10.59,11.2,11.21,10.59,240894.27
2019-09-16,11.19,11.19,11.25,10.97,176769.93
2019-09-17,11.13,10.95,11.18,10.85,131413.48
2019-09-18,10.98,10.93,11.2,10.82,126276.37
2019-09-19,10.93,11.17,11.17,10.83,103891.71
2019-09-20,11.15,11.0,11.34,10.85,167206.73
2019-09-23,10.91,10.72,10.91,10.66,84366.16
2019-09-24,10.8,10.61,10.87,10.6,81963.3
2019-09-25,10.61,10.56,10.72,10.51,64537.42
2019-09-26,10.6,10.31,10.65,10.29,68515.65
2019-09-27,10.37,10.55,10.62,10.33,53129.07
2019-09-30,10.54,10.35,10.58,10.3,50165.78
2019-10-08,10.38,10.31,10.51,10.23,53886.02
2019-10-09,10.29,10.28,10.33,10.05,63042.91
2019-10-10,10.29,10.57,10.61,10.26,73727.46
2019-10-11,10.59,10.61,10.65,10.45,58777.7
2019-10-14,10.84,10.73,10.96,10.67,105669.26
2019-10-15,10.68,10.51,11.0,10.51,138243.29
2019-10-16,10.66,10.56,11.01,10.54,122581.85
2019-10-17,10.54,10.56,10.76,10.28,78634.89
2019-10-18,10.63,10.17,10.63,10.13,102581.0
2019-10-21,10.09,10.01,10.17,9.91,76441.0
2019-10-22,10.03,10.11,10.17,9.98,59949.0
2019-10-23,10.18,10.03,10.18,9.95,39598.05
2019-10-24,10.05,10.04,10.08,9.91,35929.0
2019-10-25,9.99,10.0,10.01,9.83,61412.0
2019-10-28,10.02,10.28,10.34,9.96,76795.33
2019-10-29,10.2,10.02,10.22,9.95,94136.17
2019-10-30,9.98,9.66,9.98,9.57,111500.09
2019-10-31,9.71,9.57,9.71,9.55,57489.71
2019-11-01,9.57,9.77,9.84,9.55,88583.65
2019-11-04,9.8,9.72,9.86,9.7,83821.9
2019-11-05,9.75,9.82,9.89,9.73,65587.22
2019-11-06,9.87,9.88,9.94,9.75,60679.88
2019-11-07,9.89,9.88,9.89,9.72,56252.97
2019-11-08,10.09,9.88,10.24,9.87,129234.15
2019-11-11,9.75,9.39,9.77,9.37,118120.0
2019-11-12,9.39,9.38,9.43,9.22,61455.35
2019-11-13,9.33,9.29,9.37,9.22,51648.83
2019-11-14,9.29,9.4,9.48,9.24,69756.49
2019-11-15,9.44,9.36,9.51,9.36,51768.6
2019-11-18,9.34,9.34,9.41,9.24,37728.24
2019-11-19,9.34,9.48,9.51,9.33,46882.07
2019-11-20,9.43,9.29,9.49,9.27,50536.34
2019-11-21,9.33,9.37,9.37,9.25,28761.73
2019-11-22,9.34,9.19,9.46,9.15,62325.93
2019-11-25,9.19,9.38,9.42,9.15,47471.21
2019-11-26,9.36,9.23,9.41,9.22,52932.51
2019-11-27,9.36,9.22,9.37,9.21,37930.53
2019-11-28,9.23,9.24,9.32,9.22,36863.0
2019-11-29,9.24,9.29,9.3,9.2,41816.56
2019-12-02,9.27,9.25,9.34,9.22,48282.39
2019-12-03,9.22,9.21,9.22,9.04,67044.87
2019-12-04,9.17,9.25,9.31,9.13,53165.38
2019-12-05,9.27,9.49,9.55,9.27,94592.61
2019-12-06,9.5,9.54,9.55,9.29,76997.35
2019-12-09,9.55,9.48,9.57,9.42,68507.27
2019-12-10,9.44,9.6,9.64,9.44,58397.85
2019-12-11,9.59,9.61,9.68,9.53,55984.99
2019-12-12,9.61,9.59,9.66,9.54,44598.49
2019-12-13,9.84,10.17,10.34,9.81,276489.03
2019-12-16,10.13,10.31,10.34,10.1,155961.13
2019-12-17,10.26,10.27,10.37,10.16,165108.69
2019-12-18,10.26,10.44,10.51,10.25,166131.11
2019-12-19,10.38,10.34,10.61,10.32,131639.33
2019-12-20,10.3,10.16,10.32,10.1,137703.53
2019-12-23,10.16,9.86,10.22,9.84,114279.39
2019-12-24,9.94,10.06,10.12,9.87,67039.07
2019-12-25,10.08,10.03,10.1,9.97,68108.16
2019-12-26,10.03,10.12,10.16,10.01,63106.7
2019-12-27,10.14,10.08,10.31,10.05,115069.48
2019-12-30,10.09,10.23,10.26,9.95,95106.44
2019-12-31,10.21,10.33,10.38,10.17,109517.49
2020-01-02,10.34,10.58,10.67,10.27,168480.08
2020-01-03,10.62,10.61,10.73,10.48,103217.28
2020-01-06,10.51,10.64,10.77,10.48,137816.88
2020-01-07,10.66,10.75,10.82,10.63,119781.88
2020-01-08,10.67,10.6,10.7,10.52,128008.83
2020-01-09,10.67,10.79,10.94,10.65,160723.58
2020-01-10,10.82,10.79,11.0,10.7,102290.21
2020-01-13,10.75,10.8,10.83,10.62,95906.83
2020-01-14,10.82,10.75,10.93,10.74,77338.69
2020-01-15,10.79,10.67,10.79,10.61,66480.53
2020-01-16,10.71,10.87,10.97,10.62,142316.68
2020-01-17,10.92,10.66,10.92,10.63,96803.08
2020-01-20,10.66,10.71,10.75,10.49,93498.58
2020-01-21,11.06,11.49,11.78,10.93,342221.49
2020-01-22,11.49,11.69,11.78,11.35,248394.96
2020-01-23,11.6,11.25,11.82,11.08,194577.76
2020-02-03,10.12,10.12,10.8,10.12,346325.33
2020-02-04,10.37,10.93,11.02,10.24,244063.22
2020-02-05,10.95,11.13,11.47,10.83,265201.81
2020-02-06,11.19,11.82,11.99,11.03,286606.6
2020-02-07,11.82,11.87,11.97,11.59,221519.6
2020-02-10,11.74,12.37,12.49,11.65,270118.58
2020-02-11,12.23,12.17,12.38,12.12,170232.61
2020-02-12,12.12,12.38,12.43,12.07,169560.55
2020-02-13,12.38,12.22,12.74,12.12,202284.97
2020-02-14,12.15,12.14,12.37,12.03,159814.58
2020-02-17,12.14,12.5,12.51,12.11,219173.2
2020-02-18,12.56,12.55,12.7,12.35,212200.76
2020-02-19,12.43,12.67,13.01,12.28,297319.76
2020-02-20,12.74,12.61,12.78,12.4,231535.81
2020-02-21,12.63,12.48,12.75,12.32,265350.65
2020-02-24,12.42,12.4,12.53,12.12,282410.4
2020-02-25,12.23,12.14,12.4,11.73,289082.93
2020-02-26,11.91,11.93,12.35,11.87,243394.27
2020-02-27,12.02,11.82,12.18,11.73,183866.42
2020-02-28,11.23,10.85,11.52,10.82,234229.33
2020-03-02,11.01,11.17,11.33,10.94,208008.69
2020-03-03,11.41,11.26,11.55,11.14,186598.53
2020-03-04,11.17,11.41,11.46,11.12,134090.02
2020-03-05,11.57,11.73,11.8,11.47,234513.54
2020-03-06,11.54,12.48,12.87,11.45,515002.87
2020-03-09,12.34,12.25,12.83,12.08,597448.53
2020-03-10,11.92,11.75,11.92,11.06,407698.19
2020-03-11,11.75,11.44,11.91,11.4,271984.1
2020-03-12,11.34,11.0,11.56,10.93,214881.6
2020-03-13,10.1,10.56,10.76,10.1,222852.56
2020-03-16,10.62,10.08,10.72,10.0,191297.24
2020-03-17,11.08,10.84,11.09,10.6,539875.13
2020-03-18,10.85,10.77,11.14,10.64,337403.72
2020-03-19,10.48,10.23,10.65,10.02,258777.25
2020-03-20,10.35,10.17,10.4,10.04,156936.59
2020-03-23,9.96,9.25,9.96,9.15,262923.21
2020-03-24,9.47,9.53,9.53,9.11,176467.5
2020-03-25,9.79,9.82,9.88,9.65,147595.99
2020-03-26,9.66,9.56,9.73,9.55,104750.49
2020-03-27,9.69,9.51,9.71,9.48,97484.73
2020-03-30,9.3,9.2,9.3,9.06,107514.47
2020-03-31,9.26,8.99,9.33,8.93,144725.4
2020-04-01,9.0,8.84,9.08,8.83,124422.37
2020-04-02,8.74,9.12,9.12,8.74,126920.85
2020-04-03,9.13,9.03,9.28,8.99,131932.36
2020-04-07,9.15,9.46,9.49,9.15,153940.63
2020-04-08,9.47,9.49,9.57,9.43,112622.89
2020-04-09,9.55,9.51,9.65,9.48,97604.77
2020-04-10,10.22,10.46,10.46,10.02,644337.72
2020-04-13,10.14,9.9,10.37,9.8,490019.31
2020-04-14,9.98,9.87,10.02,9.71,349973.47
2020-04-15,9.81,9.9,10.08,9.76,276755.36
2020-04-16,9.78,9.78,9.82,9.68,166108.18
2020-04-17,9.86,9.73,9.96,9.71,192047.56
2020-04-20,9.75,9.75,9.78,9.66,127648.96
2020-04-21,9.7,9.64,9.71,9.61,124322.5
2020-04-22,9.59,9.7,9.74,9.57,95868.25
2020-04-23,9.7,9.8,9.87,9.64,149382.79
2020-04-24,9.73,9.33,9.73,9.27,234457.91
2020-04-27,9.33,9.09,9.34,9.05,131180.12
2020-04-28,9.09,8.96,9.09,8.68,159287.64
2020-04-29,8.95,9.13,9.17,8.87,77999.96
2020-04-30,9.28,9.43,9.47,9.28,130516.63
2020-05-06,9.23,9.54,9.59,9.23,129564.22
2020-05-07,9.51,9.48,9.69,9.44,154461.49
2020-05-08,9.52,9.63,9.65,9.43,123354.43
2020-05-11,9.63,9.65,9.75,9.55,153661.41
2020-05-12,9.98,9.81,10.08,9.71,235885.02
2020-05-13,9.69,9.79,9.87,9.62,125545.29
2020-05-14,9.71,9.63,9.74,9.62,88233.66
2020-05-15,9.65,9.69,9.77,9.61,111570.7
2020-05-18,9.69,9.61,9.72,9.57,98986.37
2020-05-19,9.68,9.8,9.88,9.68,140549.3
2020-05-20,9.82,9.89,9.93,9.74,128638.57
2020-05-21,10.08,9.82,10.08,9.8,130865.18
2020-05-22,9.75,9.52,9.79,9.52,108261.12
2020-05-25,9.49,9.34,9.6,9.28,80991.34
2020-05-26,9.82,9.96,10.25,9.71,289305.93
2020-05-27,9.93,9.98,10.17,9.84,218106.88
2020-05-28,10.05,9.83,10.08,9.74,119261.0
2020-05-29,9.99,10.27,10.32,9.98,231074.36
2020-06-01,10.24,10.61,10.64,10.22,275664.32
2020-06-02,10.54,10.69,10.95,10.48,234153.47
2020-06-03,10.68,10.61,10.76,10.59,146248.18
2020-06-04,10.68,11.27,11.46,10.67,313912.06
2020-06-05,11.27,11.26,11.37,11.07,166434.66
2020-06-08,11.35,11.18,11.69,11.16,186158.19
2020-06-09,11.24,11.09,11.32,10.99,157652.21
2020-06-10,11.06,11.0,11.11,10.88,123255.21
2020-06-11,11.04,10.86,11.12,10.74,113039.15
2020-06-12,10.59,10.77,10.86,10.5,126725.49
2020-06-15,10.76,10.6,10.95,10.57,142422.71
2020-06-16,10.7,11.09,11.11,10.69,178563.86
2020-06-17,11.9,11.71,11.98,11.56,534154.17
2020-06-18,11.8,11.56,11.83,11.48,272706.04
2020-06-19,11.62,11.76,12.04,11.62,237488.53
2020-06-22,11.89,11.51,12.02,11.46,278015.51
2020-06-23,11.52,11.28,11.53,11.26,171069.49
2020-06-24,11.24,11.22,11.37,11.12,185149.54
2020-06-29,11.25,11.27,11.4,11.12,140511.4
2020-06-30,11.33,11.42,11.49,11.25,155884.71
2020-07-01,11.44,11.36,11.49,11.22,129128.97
2020-07-02,11.25,11.64,11.69,11.23,212230.78
2020-07-03,11.68,11.78,11.79,11.53,198865.24
2020-07-06,11.9,12.28,12.35,11.89,260504.23
2020-07-07,12.33,12.71,13.04,12.32,371083.11
2020-07-08,12.72,12.88,12.88,12.52,217893.68
2020-07-09,12.99,12.99,13.17,12.65,246065.13
2020-07-10,12.87,13.46,13.65,12.86,334319.73
2020-07-13,13.38,14.24,14.26,13.37,257892.02
2020-07-14,14.31,14.12,14.31,13.7,255550.44
2020-07-15,14.65,14.18,15.08,13.83,428603.98
2020-07-16,14.13,13.59,14.63,13.56,325475.44
2020-07-17,13.77,14.47,14.94,13.65,434562.65
2020-07-20,14.92,14.65,14.97,14.14,368153.8
2020-07-21,14.6,14.76,14.8,14.31,214594.76
2020-07-22,14.79,15.88,16.24,14.65,491220.63
2020-07-23,15.96,16.57,16.87,15.77,430759.26
2020-07-24,16.35,15.83,16.63,15.77,303665.79
2020-07-27,15.91,15.51,16.06,15.34,171776.51
2020-07-28,15.69,15.72,16.25,15.38,222808.62
2020-07-29,15.61,16.9,16.91,15.57,308185.64
2020-07-30,16.91,16.76,17.0,16.36,204215.52
2020-07-31,16.79,17.74,18.03,16.7,285156.42
2020-08-03,17.68,18.63,18.85,17.66,229946.0
2020-08-04,18.85,19.25,19.71,18.65,317014.78
2020-08-05,19.25,21.17,21.17,19.05,388817.02
2020-08-06,21.15,20.82,21.52,20.38,279263.1
2020-08-07,20.82,20.96,21.52,20.49,256242.44
2020-08-10,20.47,20.24,22.6,19.86,460191.65
2020-08-11,20.24,20.31,21.17,20.2,278256.02
2020-08-12,20.36,20.0,20.58,19.32,315551.93
2020-08-13,20.49,20.95,21.27,19.61,272510.58
2020-08-14,20.77,21.13,21.79,20.77,240882.63
2020-08-17,21.07,21.83,22.01,20.77,276021.55
2020-08-18,21.89,21.95,22.2,21.36,182911.03
2020-08-19,22.04,21.3,22.04,21.13,177200.2
2020-08-20,21.15,21.22,21.62,20.99,134343.98
2020-08-21,21.48,21.63,22.04,21.35,137949.12
2020-08-24,21.92,21.47,22.05,21.32,120472.18
2020-08-25,21.34,21.65,22.58,21.28,200538.31
2020-08-26,21.58,21.12,21.79,20.62,197955.55
2020-08-27,21.34,21.83,22.05,20.72,208173.59
2020-08-28,21.81,22.35,22.4,21.67,158758.45
2020-08-31,23.03,20.88,23.04,20.48,361709.24
2020-09-01,20.84,21.15,21.59,20.62,200392.28
2020-09-02,21.15,20.48,21.3,20.44,199288.43
2020-09-03,20.31,19.93,20.68,19.61,205455.87
2020-09-04,19.52,19.84,20.03,19.35,152298.26
2020-09-07,20.17,19.71,20.33,19.54,123412.27
2020-09-08,19.58,19.49,19.81,19.13,152515.1
2020-09-09,19.51,18.6,19.61,18.28,162585.13
2020-09-10,18.75,18.16,19.3,18.12,144823.03
2020-09-11,18.3,19.01,19.08,18.17,161114.7
2020-09-14,19.09,19.09,19.18,18.74,99079.2
2020-09-15,19.16,19.12,19.5,18.88,103264.32
2020-09-16,19.26,19.42,19.61,18.93,92250.62
2020-09-17,19.5,19.05,19.5,18.82,108357.92
2020-09-18,19.15,19.51,19.83,18.99,107307.0
2020-09-21,19.42,19.28,19.65,19.19,81242.42
2020-09-22,19.3,19.46,20.04,19.22,133639.41
2020-09-23,19.52,19.39,19.81,19.34,82039.59
2020-09-24,19.5,18.86,19.5,18.77,97088.12
2020-09-25,19.15,19.07,19.36,18.94,77083.1
2020-09-28,19.98,19.62,20.96,19.3,291974.53
2020-09-29,19.62,18.61,19.62,18.59,222395.33
2020-09-30,18.83,19.02,19.95,18.75,199298.89
2020-10-09,19.4,19.77,19.94,19.19,164166.2
2020-10-12,19.84,19.98,20.15,19.71,147848.98
2020-10-13,20.1,19.83,20.27,19.7,109633.72
2020-10-14,19.75,20.38,20.46,19.61,130437.12
2020-10-15,20.25,20.17,20.37,19.87,87531.64
2020-10-16,19.88,19.87,19.99,19.2,169174.97
2020-10-19,19.8,20.84,21.27,19.73,266279.09
2020-10-20,20.7,21.02,21.11,20.55,110919.26
2020-10-21,21.11,21.42,21.86,21.03,148034.59
2020-10-22,21.73,21.82,22.48,20.83,316384.33
2020-10-23,22.07,21.85,22.67,21.8,191527.76
2020-10-26,22.12,23.47,23.63,21.84,251672.9
2020-10-27,23.1,23.81,23.9,23.08,219665.69
2020-10-28,23.75,25.59,25.59,23.56,278298.31
2020-10-29,24.93,25.8,25.86,24.63,281065.96
2020-10-30,25.48,24.9,25.65,24.73,205499.65
2020-11-02,24.52,26.13,26.13,24.52,248958.28
2020-11-03,26.19,24.97,26.36,23.65,310368.78
2020-11-04,24.87,24.57,25.1,24.34,171079.81
2020-11-05,25.25,27.03,27.03,25.03,344288.74
2020-11-06,27.57,27.56,28.19,26.55,238509.65
2020-11-09,27.49,28.06,28.99,27.23,245024.41
2020-11-10,27.25,25.25,27.25,25.25,370808.14
2020-11-11,25.57,25.36,26.19,24.76,250953.02
2020-11-12,25.46,26.52,26.85,25.2,209260.61
2020-11-13,26.25,26.37,27.19,26.19,149708.33
2020-11-16,26.39,25.29,26.75,25.0,199942.14
2020-11-17,25.55,25.36,25.91,25.0,179344.62
2020-11-18,25.29,25.48,26.14,24.9,162395.58
2020-11-19,25.36,27.48,27.7,25.0,202349.87
2020-11-20,27.38,27.47,27.76,26.92,138223.42
2020-11-23,27.56,27.52,28.44,26.95,151391.97
2020-11-24,27.41,27.48,27.93,27.04,107066.78
2020-11-25,27.43,25.97,27.55,25.97,164383.79
2020-11-26,26.38,25.82,26.58,25.06,162062.99
2020-11-27,25.87,26.91,27.08,25.54,148109.05
2020-11-30,26.65,26.9,27.34,26.17,138275.86
2020-12-01,26.9,27.63,27.88,26.78,146001.16
2020-12-02,27.7,27.76,28.87,27.49,126884.79
2020-12-03,27.33,26.7,27.71,26.61,120276.64
2020-12-04,26.85,26.72,26.86,26.25,68833.87
2020-12-07,26.77,26.1,26.88,25.57,139561.77
2020-12-08,26.44,26.44,26.91,26.11,64870.07
2020-12-09,26.44,25.85,27.02,25.48,76148.85
2020-12-10,25.95,25.82,26.0,25.25,101394.7
2020-12-11,26.15,24.67,26.37,24.34,159213.44
2020-12-14,24.88,24.68,25.21,24.15,101349.87
2020-12-15,24.83,25.36,25.54,24.72,101889.53
2020-12-16,25.46,24.81,25.53,24.25,110362.83
2020-12-17,25.27,26.44,26.44,25.0,155188.69
2020-12-18,25.76,24.94,25.86,24.13,267487.41
2020-12-21,24.98,25.96,26.03,24.81,189906.29
2020-12-22,25.8,25.41,26.28,25.36,112611.25
2020-12-23,25.41,26.0,26.1,25.3,123427.81
2020-12-24,26.05,25.77,26.29,25.58,99120.66
2020-12-25,25.61,27.81,28.2,25.56,210659.52
2020-12-28,27.87,27.79,28.28,27.09,166282.32
2020-12-29,27.51,27.82,28.33,27.45,119485.34
2020-12-30,27.56,29.32,29.32,27.48,190218.1
2020-12-31,29.52,29.91,30.45,28.76,175554.41
2021-01-04,29.52,29.94,30.72,29.35,140794.9
2021-01-05,29.81,30.31,30.43,29.42,151673.98
2021-01-06,30.44,31.09,32.02,28.85,210039.44
2021-01-07,30.67,31.71,31.85,30.48,136866.52
2021-01-08,31.53,30.24,32.04,29.93,180349.53
2021-01-11,30.67,31.34,31.67,30.2,152414.64
2021-01-12,30.93,30.99,31.26,29.79,171679.85
2021-01-13,30.98,31.47,32.5,30.9,149617.5
2021-01-14,30.87,30.64,31.91,29.8,145406.13
2021-01-15,30.18,30.14,30.64,29.02,168980.38
2021-01-18,29.91,30.65,31.11,29.16,97404.34
2021-01-19,30.86,29.68,30.95,29.43,116733.56
2021-01-20,29.59,29.68,29.93,29.06,113096.92
2021-01-21,29.61,30.44,31.32,29.42,121292.64
2021-01-22,30.25,31.94,32.57,30.25,170440.42
2021-01-25,32.22,32.9,33.26,31.73,195601.77
2021-01-26,32.11,33.94,34.25,31.07,285882.38
2021-01-27,33.53,33.81,34.35,32.82,155853.27
2021-01-28,33.15,32.16,34.02,31.73,127896.96
2021-01-29,32.58,32.68,33.5,32.28,136960.92
2021-02-01,32.78,35.15,35.19,32.78,223814.88
2021-02-02,35.24,35.92,36.52,34.61,151941.16
2021-02-03,35.75,35.26,36.5,35.09,120608.87
2021-02-04,35.15,34.8,35.86,33.84,149325.68
2021-02-05,34.84,34.61,35.72,34.4,99937.46
2021-02-08,34.69,36.15,36.28,33.17,155220.26
2021-02-09,36.34,38.71,38.99,35.48,151690.98
2021-02-10,38.7,38.24,39.22,37.76,92244.84
2021-02-18,39.42,39.23,39.98,37.69,131912.52
2021-02-19,38.84,36.82,38.94,35.65,227463.75
2021-02-22,36.53,37.15,38.8,36.21,188868.81
2021-02-23,36.19,36.76,37.84,35.87,120724.48
2021-02-24,36.36,33.09,36.73,33.09,212333.46
2021-02-25,33.07,32.83,34.13,31.79,152659.27
2021-02-26,31.61,31.03,31.94,30.73,199146.87
2021-03-01,31.51,31.48,32.21,31.06,94277.27
2021-03-02,31.76,31.42,32.38,30.96,112317.59
2021-03-03,32.21,34.56,34.56,32.2,193012.19
2021-03-04,34.56,33.44,34.75,33.0,171624.03
2021-03-05,32.31,32.08,33.04,31.32,132014.5
2021-03-08,32.56,30.78,32.98,30.77,121192.53
2021-03-09,30.28,28.73,30.52,28.47,190468.17
2021-03-10,29.49,30.42,30.76,29.23,170771.26
2021-03-11,31.15,32.66,33.0,30.72,152546.99
2021-03-12,32.71,32.21,33.24,31.73,92607.29
2021-03-15,31.97,31.52,32.44,31.03,96781.23
2021-03-16,31.83,31.52,32.78,31.06,107343.46
2021-03-17,31.4,32.27,32.74,30.39,81662.4
2021-03-18,32.02,32.11,32.88,31.97,64677.2
2021-03-19,31.27,30.91,31.8,30.23,117088.67
2021-03-22,30.76,30.55,31.45,30.35,79524.72
2021-03-23,30.38,30.36,30.65,29.56,106105.06
2021-03-24,30.02,29.77,30.84,29.54,68570.13
2021-03-25,29.53,30.87,31.36,29.05,112898.84
2021-03-26,31.36,32.35,32.4,31.08,87799.57
2021-03-29,32.35,32.74,32.85,31.4,79596.7
2021-03-30,32.74,34.4,35.04,32.69,101625.69
2021-03-31,34.57,33.75,34.69,33.62,82201.9
2021-04-01,33.63,33.3,34.21,32.81,78312.65
2021-04-02,33.61,32.81,34.59,32.5,103814.26
2021-04-06,33.04,33.37,33.88,33.04,60767.37
2021-04-07,33.66,34.23,34.45,33.17,82294.73
2021-04-08,33.88,33.88,33.92,33.08,52593.92
2021-04-09,33.88,33.63,34.27,33.19,53945.19
2021-04-12,33.65,32.04,33.65,31.65,133056.32
2021-04-13,32.1,31.83,32.57,31.59,76580.72
2021-04-14,32.11,33.17,33.99,32.02,109176.55
2021-04-15,33.65,34.25,34.97,32.91,188143.19
2021-04-16,34.42,34.4,34.56,33.18,107821.23
2021-04-19,35.28,34.89,35.5,33.71,111845.13
2021-04-20,35.0,34.77,35.28,34.3,84206.99
2021-04-21,35.09,34.83,35.16,34.13,53049.96
2021-04-22,34.8,35.06,35.11,33.61,107707.34
2021-04-23,35.28,35.28,36.24,34.42,176869.11
2021-04-26,35.0,34.69,35.74,34.37,151527.16
2021-04-27,34.9,36.2,36.27,34.71,134268.21
2021-04-28,35.58,36.21,36.45,35.55,80880.56
2021-04-29,36.26,36.96,37.6,35.84,117053.43
2021-04-30,36.97,36.92,37.4,36.25,118567.16
2021-05-06,37.08,36.33,37.21,34.78,135981.83
2021-05-07,36.91,34.75,36.94,34.52,126968.85
2021-05-10,34.99,35.66,36.32,34.67,111586.44
2021-05-11,35.85,34.99,35.9,34.81,105093.69
2021-05-12,35.14,36.28,36.52,34.89,112815.85
2021-05-13,35.94,35.65,36.15,34.98,79457.64
2021-05-14,35.86,34.89,35.86,34.69,106689.09
2021-05-17,34.6,35.2,36.03,34.52,107989.91
2021-05-18,34.81,34.37,35.26,33.0,139449.29
2021-05-19,34.65,33.9,34.71,33.73,73743.81
2021-05-20,34.17,34.15,34.34,33.22,92131.11
2021-05-21,34.15,34.87,35.71,34.11,99672.36
2021-05-24,34.71,34.99,35.06,34.44,61968.78
2021-05-25,35.29,35.15,35.35,34.4,78554.49
2021-05-26,35.55,34.12,36.12,34.0,119023.01
2021-05-27,33.81,34.68,34.68,33.73,136312.53
2021-05-28,34.23,32.9,35.57,32.4,158012.43
2021-05-31,32.9,31.58,33.3,30.1,386666.94
2021-06-01,31.45,32.38,32.92,31.26,194536.81
2021-06-02,32.48,32.12,32.76,31.58,125431.04
2021-06-03,32.13,32.15,33.12,31.83,88793.63
2021-06-04,31.86,31.72,32.54,31.57,62496.13
2021-06-07,31.66,32.05,32.31,31.37,67592.01
2021-06-08,31.96,31.62,32.41,31.34,59390.86
2021-06-09,31.44,31.32,31.76,31.26,50788.45
2021-06-10,31.39,32.92,33.37,30.98,123029.71
2021-06-11,33.26,31.73,33.36,31.43,90247.77
2021-06-15,31.53,30.8,31.55,30.33,92594.8
2021-06-16,31.68,32.06,32.88,31.47,159360.98
2021-06-17,31.95,31.86,32.6,31.74,69448.29
2021-06-18,32.01,32.12,32.28,31.54,66209.92
2021-06-21,32.01,33.46,33.72,31.26,90451.77
2021-06-22,33.47,33.51,33.71,32.5,67450.14
2021-06-23,33.17,33.55,34.21,32.93,64283.83
2021-06-24,33.46,33.57,33.63,32.76,43884.53
2021-06-25,33.44,34.61,34.92,33.17,71065.02
2021-06-28,34.54,33.49,34.59,33.19,65710.25
2021-06-29,33.54,33.49,33.81,33.03,55937.51
2021-06-30,33.49,32.76,33.64,31.63,91130.45
2021-07-01,32.69,31.64,32.91,31.5,93335.63
2021-07-02,31.86,31.1,32.01,30.96,62262.08
2021-07-05,31.33,29.61,31.35,29.32,152267.69
2021-07-06,30.3,29.6,30.42,29.08,102696.68
2021-07-07,29.74,30.51,30.86,29.42,90490.15
2021-07-08,30.65,30.69,31.03,30.34,67248.46
2021-07-09,30.66,30.24,30.75,29.8,105702.12
2021-07-12,30.46,31.39,31.62,29.92,100381.17
2021-07-13,31.42,31.39,31.72,31.06,61555.54
2021-07-14,31.6,32.4,32.43,30.98,87564.53
2021-07-15,32.5,31.2,32.76,30.94,95017.41
2021-07-16,30.95,30.87,31.65,30.76,50446.8
2021-07-19,30.6,31.87,32.12,30.52,98587.27
2021-07-20,31.82,30.96,32.16,30.85,86085.97
2021-07-21,31.17,31.22,31.82,30.67,91953.91
2021-07-22,31.41,30.65,31.42,30.31,85139.18
2021-07-23,30.37,29.03,30.54,28.78,181057.54
2021-07-26,29.07,29.03,29.4,28.43,94910.61
2021-07-27,29.03,28.6,29.27,28.53,82830.31
2021-07-28,27.97,27.88,29.13,27.55,121408.79
2021-07-29,28.23,27.4,28.35,27.25,144806.46
2021-07-30,27.32,28.01,28.18,27.07,99510.11
2021-08-02,28.39,29.23,29.46,27.89,100058.03
2021-08-03,28.94,30.19,30.38,28.94,111793.23
2021-08-04,30.19,30.68,30.82,30.04,96474.05
2021-08-05,30.68,31.13,31.32,29.95,94173.33
2021-08-06,31.24,31.23,31.34,30.57,74710.97
2021-08-09,31.29,31.13,31.42,30.59,80911.41
2021-08-10,31.05,32.08,32.25,30.96,58229.71
2021-08-11,32.25,30.76,32.3,30.66,56271.09
2021-08-12,30.68,31.07,31.57,30.55,50563.77
2021-08-13,30.58,31.73,31.93,30.58,52443.14
2021-08-16,31.53,31.0,31.55,30.77,56825.78
2021-08-17,30.66,30.39,31.14,30.16,84015.24
2021-08-18,30.21,30.63,30.94,29.04,67109.96
2021-08-19,30.34,30.34,30.96,30.09,36900.74
2021-08-20,30.38,30.99,31.19,30.0,48368.15
2021-08-23,30.82,30.51,31.14,30.41,73679.57
2021-08-24,30.67,33.15,33.31,30.67,142941.42
2021-08-25,33.04,33.01,33.23,32.04,113669.48
2021-08-26,32.87,32.44,33.01,32.05,63429.56
2021-08-27,32.79,32.33,32.85,32.08,49613.5
2021-08-30,32.5,32.83,33.35,31.26,78398.33
2021-08-31,32.67,32.16,33.02,31.64,93204.11
2021-09-01,32.21,31.8,32.21,30.96,82859.14
2021-09-02,31.66,31.88,32.95,31.5,56899.19
2021-09-03,31.98,32.21,32.68,31.63,39250.0
2021-09-06,32.23,32.61,33.1,31.81,52646.83
2021-09-07,32.5,32.6,32.76,32.26,31910.99
2021-09-08,33.14,32.24,33.14,31.73,49028.63
2021-09-09,31.84,31.29,32.36,31.27,72944.94
2021-09-10,31.31,32.01,32.13,31.11,41887.3
2021-09-13,31.63,31.61,32.2,31.14,42474.71
2021-09-14,31.37,30.69,31.76,30.62,33933.41
2021-09-15,30.58,30.08,30.74,29.66,40561.24
2021-09-16,29.9,27.7,29.96,27.57,96956.1
2021-09-17,27.78,26.09,27.88,25.2,114568.49
2021-09-22,26.35,26.05,26.42,24.97,59161.37
2021-09-23,25.96,25.9,26.29,25.67,50608.21
2021-09-24,25.97,25.37,26.05,25.26,43946.94
2021-09-27,25.54,26.04,26.61,25.54,99092.05
2021-09-28,26.03,26.88,27.49,25.87,93588.95
2021-09-29,25.77,27.22,27.74,25.75,122555.63
2021-09-30,27.6,26.42,27.6,26.28,59327.91
2021-10-08,26.68,27.19,27.36,26.46,64440.98
2021-10-11,27.19,27.96,28.6,26.74,73100.82
2021-10-12,28.17,28.08,28.44,27.51,44973.88
2021-10-13,28.39,28.09,28.51,28.02,33553.58
2021-10-14,28.09,28.52,28.77,28.09,41970.57
2021-10-15,28.52,28.79,28.96,28.42,35491.29
2021-10-18,28.62,28.44,29.02,27.99,55549.75
2021-10-19,28.07,29.75,30.34,28.03,85387.42
2021-10-20,30.12,30.12,30.24,29.55,50564.85
2021-10-21,29.97,29.68,30.2,29.45,33844.6
2021-10-22,29.47,30.18,30.33,29.47,65055.21
2021-10-25,29.85,29.87,31.23,28.79,88539.05
2021-10-26,29.73,30.26,30.57,29.52,56223.97
2021-10-27,30.2,30.02,30.21,29.42,30863.84
2021-10-28,29.74,30.75,30.78,29.52,67093.37
2021-10-29,30.53,30.79,30.85,30.11,63810.03
2021-11-01,30.66,29.87,30.76,29.42,70183.98
2021-11-02,29.83,30.78,31.07,29.23,68960.5
2021-11-03,30.84,30.96,31.05,30.45,39425.47
2021-11-04,30.91,30.69,31.11,30.62,21659.0
2021-11-05,30.85,31.82,32.11,30.36,54409.34
2021-11-08,31.79,31.34,32.08,31.13,25762.28
2021-11-09,31.01,30.76,31.44,30.59,26932.53
2021-11-10,30.95,30.52,31.05,30.1,22812.0
2021-11-11,30.46,30.21,30.76,30.06,24580.49
2021-11-12,30.33,31.19,31.52,29.83,34045.83
2021-11-15,31.13,31.56,31.71,30.78,36245.43
2021-11-16,31.71,32.3,33.63,31.64,73349.24
2021-11-17,32.11,32.49,32.84,31.93,43756.66
2021-11-18,32.41,32.34,33.11,32.03,37066.15
2021-11-19,32.55,32.45,32.77,32.09,27688.89
2021-11-22,32.4,33.13,33.34,32.37,45894.93
2021-11-23,33.34,32.3,33.64,32.11,26371.72
2021-11-24,32.18,32.29,32.69,31.69,37509.66
2021-11-25,33.3,32.72,34.41,32.26,82728.23
2021-11-26,32.69,31.66,32.81,31.27,55900.28
2021-11-29,31.79,31.25,32.48,30.46,51950.29
2021-11-30,31.25,30.79,31.53,30.69,41318.6
2021-12-01,30.76,30.5,30.97,30.44,31281.19
2021-12-02,30.4,30.46,30.58,30.0,34937.07
2021-12-03,30.34,32.22,32.47,30.0,58902.47
2021-12-06,32.21,31.21,32.29,31.05,44573.42
2021-12-07,31.22,31.01,31.5,30.88,22942.66
2021-12-08,31.15,31.58,31.8,30.36,41478.61
2021-12-09,31.58,31.92,32.16,31.44,39326.98
2021-12-10,32.04,32.54,32.67,31.57,54663.72
2021-12-13,32.5,31.45,33.46,31.06,69116.97
2021-12-14,31.33,30.76,31.48,30.64,32007.16
2021-12-15,30.76,31.05,31.14,30.39,29043.28
2021-12-16,31.06,30.96,31.13,30.46,23671.14
2021-12-17,30.86,30.67,30.91,30.48,21178.78
2021-12-20,30.37,30.66,30.96,30.2,20105.42
2021-12-21,30.36,30.45,30.76,30.23,19715.27
2021-12-22,30.49,29.83,30.66,29.79,49070.81
2021-12-23,29.83,29.92,30.62,29.5,24310.96
2021-12-24,29.79,29.52,30.04,28.55,41288.26
2021-12-27,29.41,29.02,29.42,28.66,28443.59
2021-12-28,29.01,29.3,29.5,28.66,26601.8
2021-12-29,29.34,29.04,29.34,28.7,28761.64
2021-12-30,29.05,29.05,29.43,28.79,23309.76
2021-12-31,29.17,29.33,29.61,28.8,25267.33
2022-01-04,29.38,29.58,29.77,28.95,29133.93
2022-01-05,29.54,28.22,29.54,28.22,58014.69
2022-01-06,28.06,28.39,28.65,27.73,39225.82
2022-01-07,28.31,28.25,28.65,27.93,26778.2
2022-01-10,28.29,27.61,28.5,27.48,47393.61
2022-01-11,27.8,26.87,27.8,26.7,36183.84
2022-01-12,26.78,27.3,27.4,26.6,58646.04
2022-01-13,27.11,26.28,27.55,26.15,58778.07
2022-01-14,26.13,26.09,26.51,25.96,30053.9
2022-01-17,26.11,26.88,27.42,26.09,65397.61
2022-01-18,27.03,26.53,27.21,26.28,48536.79
2022-01-19,26.52,26.51,27.07,26.22,48609.93
2022-01-20,26.5,26.82,27.02,26.26,74584.86
2022-01-21,26.77,26.51,26.81,26.11,40748.72
2022-01-24,26.37,25.63,26.37,25.48,58916.35
2022-01-25,25.79,24.69,25.79,24.61,48182.09
2022-01-26,24.7,24.85,25.15,24.49,40023.02
2022-01-27,24.85,23.95,24.85,23.73,74692.98
2022-01-28,24.61,24.23,24.89,23.86,46516.2
2022-02-07,24.61,24.54,24.88,23.84,65642.56
2022-02-08,24.71,24.19,25.23,23.78,42789.68
2022-02-09,24.28,24.25,24.34,23.79,38737.93
2022-02-10,24.05,23.46,24.18,23.36,55403.04
2022-02-11,23.27,23.55,23.79,23.22,50213.1
2022-02-14,23.37,23.07,23.66,22.96,36507.47
2022-02-15,23.12,23.27,23.55,22.79,40216.02
2022-02-16,23.27,23.53,23.58,23.1,24873.05
2022-02-17,23.65,23.06,23.72,23.02,45906.49
2022-02-18,23.06,22.17,23.2,21.98,135711.24
2022-02-21,22.29,22.17,22.32,21.99,60803.02
2022-02-22,21.99,21.62,22.09,21.45,61426.3
2022-02-23,21.16,20.79,21.61,20.7,288835.61
2022-02-24,20.67,18.71,20.72,18.71,423961.59
2022-02-25,18.85,19.16,19.65,18.8,427013.34
2022-02-28,19.51,19.23,19.52,18.81,224055.2
2022-03-01,19.32,18.77,19.37,18.66,183763.17
2022-03-02,18.75,18.31,18.76,18.23,208495.17
2022-03-03,18.33,17.59,18.41,17.51,340435.39
2022-03-04,17.51,17.29,17.65,17.16,199861.92
2022-03-07,17.16,16.5,17.2,16.37,236385.13
2022-03-08,16.56,15.99,16.81,15.88,240081.34
2022-03-09,16.09,15.9,16.18,15.11,260078.69
2022-03-10,16.21,16.73,17.05,16.12,338955.23
2022-03-11,16.35,16.39,16.46,15.95,221381.95
2022-03-14,16.33,15.74,16.33,15.71,173262.72
2022-03-15,15.75,15.01,15.8,14.89,241011.78
2022-03-16,15.32,15.39,15.53,14.48,217238.0
2022-03-17,15.64,16.01,16.65,15.57,352661.12
2022-03-18,15.92,15.89,16.06,15.61,184040.97
2022-03-21,15.91,15.72,16.2,15.55,232719.95
2022-03-22,15.75,15.53,15.76,15.4,203176.38
2022-03-23,15.57,15.66,16.02,15.52,187091.03
2022-03-24,15.84,17.23,17.23,15.78,593857.19
2022-03-25,17.78,17.56,18.43,16.8,1223654.56
2022-03-28,17.16,15.98,17.16,15.88,659193.1
2022-03-29,15.88,16.3,17.01,15.86,505185.21
2022-03-30,16.34,16.51,16.54,16.04,407277.63
2022-03-31,16.39,15.82,16.57,15.43,545939.49
2022-04-01,15.72,16.13,16.43,15.54,346131.19
2022-04-06,16.13,15.92,16.3,15.78,224894.87
2022-04-07,16.14,16.05,16.69,16.05,418037.54
2022-04-08,15.8,15.19,15.88,15.05,354668.51
2022-04-11,15.09,14.63,15.3,14.49,260760.31
2022-04-12,14.49,14.59,14.61,13.58,447354.44
2022-04-13,14.29,13.95,14.41,13.94,205151.26
2022-04-14,13.94,13.87,14.32,13.8,164236.35
2022-04-15,13.72,13.64,13.84,13.34,182936.51
2022-04-18,13.6,13.65,13.75,13.17,161066.36
2022-04-19,13.64,13.36,13.82,13.23,180537.36
2022-04-20,13.46,13.41,13.67,13.35,199675.08
2022-04-21,13.43,12.88,13.7,12.82,254312.58
2022-04-22,12.73,13.33,13.54,12.58,260783.37
2022-04-25,13.26,13.5,13.89,13.17,436860.71
2022-04-26,13.28,14.02,14.28,12.82,494629.52
2022-04-27,13.78,14.1,14.18,13.12,367791.72
2022-04-28,13.99,13.76,14.03,13.36,300764.3
2022-04-29,13.85,14.87,15.09,13.77,415652.47
2022-05-05,14.82,15.47,15.93,14.63,372808.58
2022-05-06,15.0,15.45,15.82,14.95,234792.28
2022-05-09,15.25,16.37,16.61,15.11,280442.85
2022-05-10,16.25,17.38,17.6,15.86,419856.67
2022-05-11,17.4,17.02,17.78,16.95,320539.14
2022-05-12,16.88,17.61,17.84,16.78,274686.13
2022-05-13,17.68,17.65,18.22,17.39,246780.42
2022-05-16,17.51,17.19,17.55,16.91,225761.73
2022-05-17,16.96,17.35,17.56,16.93,155796.58
2022-05-18,17.13,17.31,17.52,16.93,105801.23
2022-05-19,16.82,17.08,17.17,16.61,209318.69
2022-05-20,17.0,17.01,17.48,16.64,231729.93
2022-05-23,16.98,17.27,17.34,16.83,165513.99
2022-05-24,17.33,16.85,18.03,16.83,242332.54
2022-05-25,16.54,16.85,16.99,16.47,136515.39
2022-05-26,16.72,17.09,17.19,16.57,132737.1
2022-05-27,17.48,17.61,18.07,17.19,231246.29
2022-05-30,17.5,16.59,17.59,16.47,248111.75
2022-05-31,16.39,16.2,16.6,16.02,249771.69
2022-06-01,16.23,16.45,16.85,16.2,153432.87
2022-06-02,16.37,16.67,16.75,16.36,113045.95
2022-06-06,16.73,17.17,17.21,16.46,181959.25
2022-06-07,17.07,16.47,17.3,16.44,220195.5
2022-06-08,17.93,18.11,18.11,17.88,107958.51
2022-06-09,19.4,18.25,19.4,17.73,595513.49
2022-06-10,17.97,19.06,19.4,17.81,492120.56
2022-06-13,18.75,18.55,19.05,18.22,328546.98
2022-06-14,18.17,18.89,18.99,18.06,302618.53
2022-06-15,19.42,18.56,19.81,18.54,369361.47
2022-06-16,18.51,18.88,19.3,18.42,273847.24
2022-06-17,18.63,19.06,19.76,18.56,309948.26
2022-06-20,19.34,19.9,19.92,18.97,385110.25
2022-06-21,20.0,19.45,20.3,19.19,361466.61
2022-06-22,19.5,18.51,19.59,18.3,386128.5
2022-06-23,18.52,18.73,18.8,18.01,337182.33
2022-06-24,18.52,18.55,18.92,18.4,286719.95
2022-06-27,18.55,18.95,19.2,18.17,340066.14
2022-06-28,18.94,18.38,18.94,18.15,371720.55
2022-06-29,18.37,17.89,18.37,17.88,251171.38
2022-06-30,17.83,18.11,18.11,17.43,230549.4
2022-07-01,18.19,17.48,18.26,17.4,227582.94
2022-07-04,17.59,17.78,17.79,17.13,181492.02
2022-07-05,18.17,18.24,18.58,17.9,374546.94
2022-07-06,18.07,18.0,18.3,17.7,206280.2
2022-07-07,18.2,17.67,18.27,17.6,228409.17
2022-07-08,17.59,17.21,17.78,17.21,208447.72
2022-07-11,17.09,16.74,17.11,16.62,193918.81
2022-07-12,16.74,16.34,16.84,16.27,160437.17
2022-07-13,16.43,16.81,16.86,16.16,175399.33
2022-07-14,16.99,17.17,17.78,16.88,273729.41
2022-07-15,17.1,17.01,17.53,17.0,179122.72
2022-07-18,17.15,17.43,17.46,16.97,180857.28
2022-07-19,17.41,17.25,17.57,17.09,149518.48
2022-07-20,17.31,17.73,17.89,17.12,224714.17
2022-07-21,17.69,17.4,17.7,17.4,122584.32
2022-07-22,17.32,17.38,17.5,17.11,134631.91
2022-07-25,17.38,17.24,17.63,17.16,87396.98
2022-07-26,17.22,17.57,17.59,16.76,121823.02
2022-07-27,17.49,17.97,18.06,17.27,219833.01
2022-07-28,17.94,18.43,18.6,17.88,259376.0
2022-07-29,18.48,18.64,19.02,18.39,324781.83
2022-08-01,20.51,20.51,20.51,19.98,502803.74
2022-08-02,21.39,22.55,22.55,21.15,1386300.33
2022-08-03,22.59,21.87,23.35,21.61,1225063.69
2022-08-04,22.55,21.6,22.68,20.67,564084.73
2022-08-05,21.47,20.95,22.4,20.48,363069.37
2022-08-08,20.68,21.21,21.44,20.36,248972.89
2022-08-09,21.14,22.12,22.39,21.14,367644.12
2022-08-10,21.92,22.4,22.77,21.55,332050.79
2022-08-11,22.35,22.05,22.75,21.64,282382.42
2022-08-12,22.09,23.54,24.23,22.02,444134.02
2022-08-15,23.73,23.05,24.04,22.79,249311.84
2022-08-16,22.98,24.63,25.09,22.98,355899.92
2022-08-17,24.53,26.13,27.09,24.53,399823.36
2022-08-18,25.89,26.01,26.9,25.38,310794.86
2022-08-19,26.09,25.98,27.55,25.87,345678.51
2022-08-22,26.11,26.04,27.09,25.38,268523.05
2022-08-23,25.96,26.59,27.12,25.32,315216.2
2022-08-24,26.27,25.28,26.96,25.04,287607.39
2022-08-25,25.2,23.96,25.36,23.55,417726.68
2022-08-26,24.32,22.98,24.62,22.69,355356.22
2022-08-29,22.16,22.79,22.93,21.97,269496.45
2022-08-30,22.99,23.85,24.29,22.51,255453.22
2022-08-31,24.02,21.97,24.21,21.82,297038.39
2022-09-01,22.11,21.55,22.13,21.34,166978.59
2022-09-02,21.81,21.87,22.03,20.96,187509.94
2022-09-05,21.82,22.83,23.27,21.39,236134.47
2022-09-06,22.72,23.46,23.63,22.4,174327.27
2022-09-07,23.26,23.67,24.04,23.07,214577.89
2022-09-08,23.38,23.13,24.18,23.07,156971.73
2022-09-09,23.13,22.41,23.31,22.22,172518.85
2022-09-13,24.23,21.97,24.32,21.55,435063.32
2022-09-14,21.5,21.55,22.59,21.12,280479.21
2022-09-15,21.66,20.57,21.75,20.16,251329.38
2022-09-16,20.27,20.16,20.67,19.92,155908.12
2022-09-19,19.94,19.52,20.12,19.32,202033.75
2022-09-20,19.66,20.3,20.67,19.4,184397.55
2022-09-21,20.29,20.13,20.75,19.9,125410.22
2022-09-22,20.03,19.89,20.39,19.52,127948.04
2022-09-23,19.9,19.21,20.25,19.02,173266.81
2022-09-26,19.13,19.57,20.15,18.9,144361.52
2022-09-27,19.92,19.68,20.27,19.35,149058.3
2022-09-28,19.51,19.02,20.07,18.94,138745.57
2022-09-29,19.32,19.18,19.56,18.86,145830.59
2022-09-30,19.0,18.27,19.13,18.27,136538.57
2022-10-10,18.28,17.83,18.54,17.78,168127.19
2022-10-11,17.85,18.81,18.89,17.47,189496.78
2022-10-12,18.84,19.31,19.49,18.67,170821.42
2022-10-13,19.23,18.55,19.42,18.49,182848.76
2022-10-14,18.75,18.8,19.0,18.35,240454.13
2022-10-17,18.73,18.74,18.82,18.31,159469.19
2022-10-18,18.77,20.61,20.61,18.75,298966.43
2022-10-19,21.05,21.2,22.11,20.82,549999.7
2022-10-20,21.1,20.39,21.15,19.94,409667.59
2022-10-21,20.4,21.3,21.96,20.21,371314.25
2022-10-24,21.49,20.5,21.6,20.36,297841.64
2022-10-25,20.36,20.58,20.62,19.8,220423.4
2022-10-26,20.53,20.35,21.05,20.24,262716.97
2022-10-27,20.29,20.27,20.54,19.64,262645.53
2022-10-28,19.86,19.11,20.19,19.0,224611.21
2022-10-31,18.82,18.53,19.27,18.38,179846.17
2022-11-01,18.6,19.81,19.85,18.56,225585.6
2022-11-02,19.8,20.85,20.97,19.74,243112.89
2022-11-03,20.59,20.84,21.01,20.52,121768.38
2022-11-04,20.69,20.98,21.15,20.63,168553.83
2022-11-07,20.89,20.86,21.1,20.4,191835.3
2022-11-08,21.63,21.66,21.8,20.72,313128.34
2022-11-09,22.11,22.32,23.36,21.73,442129.78
2022-11-10,22.11,21.49,22.11,21.15,357258.1
2022-11-11,22.16,21.64,23.22,21.54,494883.65
2022-11-14,21.57,21.72,22.45,21.24,265618.01
2022-11-15,21.71,22.88,23.16,21.32,316414.94
2022-11-16,22.59,22.5,23.07,22.18,163366.85
2022-11-17,22.44,22.14,22.45,21.82,113524.34
2022-11-18,22.14,21.73,22.33,21.63,128761.5
2022-11-21,21.65,22.01,22.41,21.45,142085.6
2022-11-22,21.8,21.04,22.05,21.01,143945.69
2022-11-23,20.96,21.52,21.92,20.77,137390.84
2022-11-24,21.63,21.97,22.96,21.63,268250.72
2022-11-25,21.94,20.81,21.97,20.73,220528.43
2022-11-28,20.56,20.8,20.87,20.24,87067.8
2022-11-29,20.8,20.94,21.12,20.63,97270.71
2022-11-30,20.86,20.59,21.34,20.53,115140.24
2022-12-01,20.82,21.13,21.48,20.81,152793.69
2022-12-02,21.04,21.76,21.87,20.82,142893.52
2022-12-05,21.76,21.02,22.05,20.91,184052.58
2022-12-06,21.02,20.77,21.24,20.53,185524.76
2022-12-07,20.58,20.73,21.13,20.53,103292.93
2022-12-08,20.72,20.23,20.72,20.0,184767.69
2022-12-09,20.14,20.7,20.82,19.93,192416.56
2022-12-12,20.48,19.99,20.83,19.87,166420.06
2022-12-13,19.88,19.88,20.07,19.69,92142.15
2022-12-14,19.88,19.48,20.06,19.42,104518.81
2022-12-15,19.42,19.54,19.56,19.29,81236.99
2022-12-16,19.48,18.98,19.51,18.78,138216.26
2022-12-19,19.03,19.18,19.45,18.99,103927.0
2022-12-20,19.04,18.95,19.19,18.79,73746.0
2022-12-21,18.93,18.59,19.02,18.55,75684.96
2022-12-22,18.76,18.44,18.85,18.31,71140.9
2022-12-23,18.37,18.13,18.39,17.92,103152.61
2022-12-26,18.22,19.37,19.4,18.12,132671.16
2022-12-27,19.37,19.11,19.41,18.71,145338.11
2022-12-28,19.03,18.66,19.11,18.39,114425.19
2022-12-29,18.66,18.41,18.74,18.36,73490.88
2022-12-30,18.56,18.25,18.58,18.11,84634.41
2023-01-03,18.25,18.9,19.06,18.08,142660.27
2023-01-04,18.93,19.12,19.24,18.7,127772.15
2023-01-05,19.13,19.56,19.61,18.93,126530.6
2023-01-06,19.56,19.57,19.75,19.32,98617.01
2023-01-09,19.55,19.23,20.06,19.2,161427.95
2023-01-10,19.32,19.24,19.53,18.9,128877.86
2023-01-11,19.29,19.02,19.45,18.97,72584.8
2023-01-12,19.01,18.98,19.17,18.8,55994.83
2023-01-13,18.99,19.13,19.42,18.43,80177.81
2023-01-16,19.14,19.42,19.81,19.03,108008.42
2023-01-17,19.36,19.38,19.69,19.2,65922.65
2023-01-18,19.41,19.53,19.63,19.28,58914.14
2023-01-19,19.62,19.49,19.62,19.25,73583.88
2023-01-20,19.6,19.83,20.17,19.59,101050.0
2023-01-30,19.99,20.45,20.78,19.99,163716.09
2023-01-31,20.25,20.75,20.86,20.21,141572.1
2023-02-01,20.83,21.19,21.29,20.54,166729.88
2023-02-02,21.25,20.87,21.25,20.79,136038.71
2023-02-03,20.87,20.58,20.87,20.25,133417.25
2023-02-06,20.55,20.37,20.63,20.29,69638.87
2023-02-07,20.49,20.45,20.54,20.11,105630.46
2023-02-08,20.43,20.55,20.89,20.33,132350.77
2023-02-09,20.44,20.89,20.96,20.35,95544.43
2023-02-10,20.86,20.92,20.99,20.36,141943.9
2023-02-13,20.88,21.75,21.85,20.77,266377.35
2023-02-14,21.88,21.79,21.99,21.54,129710.62
2023-02-15,21.72,21.16,21.81,21.12,175710.08
2023-02-16,21.23,20.98,21.65,20.78,191802.46
2023-02-17,21.16,20.77,21.35,20.6,125424.62
2023-02-20,20.91,21.09,21.2,20.3,138511.69
2023-02-21,20.91,21.41,21.67,20.74,142558.02
2023-02-22,21.15,21.28,21.63,21.12,96773.8
2023-02-23,21.26,20.89,21.53,20.68,134454.14
2023-02-24,21.03,21.0,21.09,20.73,97492.52
2023-02-27,20.84,20.94,21.24,20.63,92551.68
2023-02-28,20.78,20.64,20.95,20.29,132391.74
2023-03-01,20.56,20.66,20.67,20.36,66447.7
2023-03-02,20.72,20.0,20.73,19.92,139681.59
2023-03-03,20.0,19.53,20.15,19.5,165651.48
2023-03-06,19.53,19.64,19.76,19.41,95999.09
2023-03-07,19.6,19.06,19.62,19.01,140093.8
2023-03-08,18.95,19.01,19.14,18.92,86045.24
2023-03-09,19.01,18.94,19.12,18.67,81656.17
2023-03-10,18.81,18.49,18.94,18.44,89240.81
2023-03-13,18.39,18.18,18.59,18.06,125374.65
2023-03-14,18.25,17.72,18.28,17.59,116690.97
2023-03-15,17.86,17.77,18.11,17.73,82693.77
2023-03-16,17.77,17.26,17.81,17.11,118677.02
2023-03-17,17.4,17.04,17.46,16.61,425504.39
2023-03-20,16.95,17.34,17.45,16.71,179379.37
2023-03-21,17.34,17.6,17.65,17.11,170565.19
2023-03-22,18.07,18.63,18.96,17.99,388514.98
2023-03-23,18.45,18.42,18.57,18.05,233423.44
2023-03-24,18.39,18.62,18.79,18.36,135988.38
2023-03-27,18.54,18.35,18.71,18.12,153235.83
2023-03-28,18.39,18.37,18.51,18.18,107791.66
2023-03-29,18.36,18.38,18.78,18.19,122546.03
2023-03-30,18.19,18.42,18.48,18.09,98982.85
2023-03-31,18.36,18.19,18.51,18.13,106887.96
2023-04-03,18.07,17.94,18.3,17.92,168312.04
2023-04-04,17.99,17.95,18.02,17.79,112524.55
2023-04-06,17.74,18.06,18.06,17.66,91823.49
2023-04-07,18.06,18.21,18.46,17.96,99723.48
2023-04-10,18.27,18.07,18.37,17.99,89522.74
2023-04-11,18.04,18.04,18.21,17.88,79002.28
2023-04-12,18.01,17.75,18.11,17.7,93668.55
2023-04-13,17.75,17.73,18.02,17.48,109557.61
2023-04-14,17.68,17.8,17.96,17.61,81050.16
2023-04-17,17.74,18.0,18.22,17.74,97200.26
2023-04-18,17.96,18.6,18.73,17.95,228235.8
2023-04-19,18.68,18.31,18.73,18.27,120295.09
2023-04-20,18.41,18.58,18.83,18.27,188569.07
2023-04-21,18.39,17.85,18.96,17.85,150230.14
2023-04-24,17.95,18.82,19.0,17.69,279485.98
2023-04-25,19.1,17.83,19.13,17.45,316535.79
2023-04-26,17.83,18.5,18.79,17.74,194715.76
2023-04-27,18.46,18.31,18.5,18.07,120374.63
2023-04-28,18.31,18.23,18.48,17.81,124874.44
2023-05-04,18.2,17.75,18.2,17.59,125643.43
2023-05-05,17.66,16.84,17.71,16.82,177998.71
2023-05-08,16.74,17.21,17.3,16.71,145553.38
2023-05-09,17.2,16.69,17.21,16.61,105895.0
2023-05-10,16.7,17.16,17.4,16.59,126816.38
2023-05-11,17.21,17.3,17.46,17.11,63751.61
2023-05-12,17.29,17.2,17.39,17.03,55785.88
2023-05-15,17.25,17.87,17.87,17.11,127528.1
2023-05-16,17.97,17.87,18.27,17.7,130702.69
2023-05-17,17.98,18.06,18.08,17.81,74172.97
2023-05-18,18.03,18.06,18.27,17.86,80376.42
2023-05-19,18.05,18.36,18.41,17.99,89826.82
2023-05-22,18.27,18.31,18.52,18.2,69711.48
2023-05-23,18.31,18.14,18.37,17.98,66251.68
2023-05-24,18.09,18.14,18.47,17.93,104474.75
2023-05-25,18.16,18.06,18.24,17.97,60207.13
2023-05-26,17.98,17.64,17.98,17.42,101724.07
2023-05-29,17.64,17.25,17.81,17.18,83273.25
2023-05-30,17.26,17.44,17.48,17.21,101309.3
2023-05-31,17.44,16.62,17.48,16.57,248864.47
2023-06-01,16.65,16.65,16.88,16.49,102800.06
2023-06-02,16.62,17.3,17.41,16.62,130928.99
2023-06-05,17.4,17.3,17.42,17.1,72334.11
2023-06-06,17.25,16.82,17.27,16.78,68371.46
2023-06-07,16.87,16.64,17.03,16.57,60091.86
2023-06-08,16.59,16.35,16.72,16.22,78559.53
2023-06-09,16.4,16.5,16.63,16.35,66952.43
2023-06-12,16.5,18.15,18.15,16.48,261344.0
2023-06-13,18.07,18.18,18.4,17.93,183775.24
2023-06-14,18.42,18.14,18.46,17.95,126800.78
2023-06-15,18.21,18.81,18.95,18.13,193353.89
2023-06-16,18.87,19.67,19.97,18.81,273039.43
2023-06-19,19.6,19.25,20.03,19.21,168108.62
2023-06-20,19.24,19.79,19.93,19.24,142848.14
2023-06-21,20.28,20.38,20.81,19.98,269026.12
2023-06-26,20.16,19.82,20.54,19.66,192954.61
2023-06-27,19.82,20.23,20.37,19.69,146019.97
2023-06-28,20.23,20.58,20.78,20.1,180327.94
2023-06-29,20.67,20.53,20.84,20.28,154544.4
2023-06-30,20.46,21.23,21.35,20.35,242465.26
2023-07-03,21.36,22.41,22.72,21.36,353370.23
2023-07-04,22.14,22.38,22.66,22.06,127749.41
2023-07-05,22.17,21.31,22.32,21.26,223092.54
2023-07-06,21.35,21.59,22.06,21.23,141161.24
2023-07-07,21.6,22.02,22.2,21.28,179198.35
2023-07-10,23.1,22.59,23.44,22.39,244133.43
2023-07-11,22.66,22.73,23.09,22.33,137134.53
2023-07-12,22.68,22.33,22.8,22.24,111622.07
2023-07-13,22.32,22.18,22.67,22.03,135714.92
2023-07-14,21.98,22.0,22.24,21.74,99198.72
2023-07-17,22.04,22.03,22.46,21.83,104287.72
2023-07-18,22.03,22.12,22.41,21.79,74317.9
2023-07-19,22.01,22.16,22.61,22.01,60741.59
2023-07-20,22.12,22.07,22.49,22.03,65687.16
2023-07-21,21.94,22.26,22.45,21.84,74034.58
2023-07-24,22.15,22.25,22.47,21.86,68392.8
2023-07-25,22.36,22.48,22.86,22.07,91999.95
2023-07-26,22.49,21.91,22.49,21.65,103219.41
2023-07-27,21.89,21.66,22.06,21.36,122893.99
2023-07-28,21.53,21.92,21.99,21.4,82076.76
2023-07-31,21.81,21.33,22.02,21.23,179643.27
2023-08-01,21.39,21.07,21.58,20.86,149879.93
2023-08-02,21.14,22.3,22.37,21.07,173535.57
2023-08-03,22.17,22.49,22.79,22.01,92116.81
2023-08-04,22.27,22.6,23.14,22.21,136052.93
2023-08-07,22.6,22.24,22.64,22.01,72311.42
2023-08-08,22.21,22.32,22.59,22.11,52698.84
2023-08-09,22.18,21.77,22.54,21.69,72990.39
2023-08-10,21.79,21.32,21.86,21.2,109437.64
2023-08-11,21.46,20.88,22.22,20.88,73545.45
2023-08-14,20.89,21.31,21.48,20.59,70629.62
2023-08-15,21.31,21.58,21.9,21.29,77357.24
2023-08-16,21.58,21.42,21.83,21.37,90155.89
2023-08-17,21.34,21.45,21.51,20.94,66762.24
2023-08-18,21.29,20.83,21.3,20.75,72721.62
2023-08-21,20.6,20.51,21.07,20.44,55397.15
2023-08-22,20.57,20.66,20.8,20.13,59051.11
2023-08-23,20.48,19.89,20.5,19.86,70910.83
2023-08-24,20.1,20.3,20.49,19.93,66938.36
2023-08-25,20.28,19.45,20.39,19.22,178223.96
2023-08-28,20.26,18.92,20.44,18.83,204209.73
2023-08-29,18.91,19.16,19.46,18.66,161032.16
2023-08-30,19.21,19.11,19.39,18.84,102348.03
2023-08-31,19.14,18.92,19.25,18.92,131308.32
2023-09-01,18.94,18.99,19.05,18.83,61978.91
2023-09-04,19.05,19.01,19.22,18.77,151652.05
2023-09-05,18.96,18.99,19.2,18.74,101843.0
2023-09-06,18.91,19.04,19.09,18.82,80024.9
2023-09-07,18.96,18.55,19.01,18.52,67978.07
2023-09-08,18.51,19.02,19.09,18.51,87832.16
2023-09-11,19.0,18.91,19.11,18.58,86246.65
2023-09-12,18.87,19.02,19.04,18.78,52594.21
2023-09-13,19.1,18.76,19.17,18.6,63362.35
2023-09-14,18.68,18.43,18.76,18.36,61515.03
2023-09-15,18.5,18.46,18.6,18.32,46816.47
2023-09-18,18.3,18.5,18.68,18.14,58887.29
2023-09-19,18.42,18.34,18.48,18.18,38938.97
2023-09-20,18.33,18.16,18.43,18.16,58229.0
2023-09-21,18.02,18.03,18.29,17.87,80210.44
2023-09-22,17.95,18.46,18.51,17.95,60813.12
2023-09-25,18.53,18.42,18.87,18.34,81445.45
2023-09-26,18.42,18.29,18.58,18.28,43320.0
2023-09-27,18.24,18.62,18.71,18.24,84463.95
2023-09-28,18.65,18.91,18.98,18.58,95718.73
2023-10-09,18.87,18.97,19.09,18.66,72526.0
2023-10-10,18.98,18.63,19.05,18.56,49446.51
2023-10-11,18.69,18.73,18.94,18.62,48914.79
2023-10-12,18.8,18.87,19.0,18.59,45517.0
2023-10-13,18.68,18.48,18.76,18.36,63559.51
2023-10-16,18.42,17.89,18.48,17.74,78019.05
2023-10-17,17.86,18.22,18.27,17.8,69827.73
2023-10-18,18.18,17.52,18.2,17.51,97648.74
2023-10-19,17.54,17.32,17.63,17.3,57548.68
2023-10-20,17.27,17.11,17.45,17.06,55358.04
2023-10-23,17.03,16.78,17.16,16.68,61739.45
2023-10-24,16.85,16.99,17.12,16.66,68756.68
2023-10-25,17.11,17.05,17.44,17.03,68363.58
2023-10-26,16.89,17.18,17.31,16.84,70792.22
2023-10-27,17.84,18.89,18.89,17.71,224485.72
2023-10-30,19.12,19.31,19.49,18.89,248658.86
2023-10-31,19.31,19.22,19.37,18.9,109630.66
2023-11-01,19.24,19.64,19.74,19.05,137037.62
2023-11-02,19.65,20.03,20.32,19.62,185301.72
2023-11-03,20.03,19.99,20.63,19.87,149195.39
2023-11-06,20.01,19.7,20.16,19.61,150830.72
2023-11-07,19.64,19.73,19.88,19.6,83712.0
2023-11-08,19.72,19.59,19.83,19.24,99933.85
2023-11-09,19.59,19.53,19.68,19.34,68925.86
2023-11-10,19.46,19.46,19.58,19.31,46102.0
2023-11-13,19.7,19.96,20.22,19.53,169802.79
2023-11-14,20.05,19.87,20.48,19.8,97757.45
2023-11-15,21.24,21.01,21.86,20.84,364082.5
2023-11-16,20.66,20.7,21.49,20.52,273070.83
2023-11-17,20.72,20.64,20.86,20.35,133804.63
2023-11-20,20.79,20.61,20.79,20.43,103192.87
2023-11-21,20.62,20.46,20.72,20.4,94803.39
2023-11-22,20.38,19.96,20.48,19.89,78861.01
2023-11-23,19.88,20.32,20.43,19.88,80768.36
2023-11-24,20.28,20.02,20.38,19.91,66686.71
2023-11-27,19.96,20.23,20.29,19.82,86729.08
2023-11-28,20.71,21.17,21.3,20.48,170422.0
2023-11-29,21.11,20.91,21.32,20.8,89073.9
2023-11-30,20.9,21.16,21.2,20.81,83854.67
2023-12-01,21.06,21.16,21.3,20.8,86820.65
2023-12-04,21.17,21.5,21.72,21.13,106140.33
2023-12-05,21.4,21.02,21.47,21.0,61800.57
2023-12-06,20.74,20.81,21.17,20.62,64155.56
2023-12-07,20.75,20.91,20.98,20.54,54106.03
2023-12-08,20.9,20.74,21.05,20.63,62360.79
2023-12-11,20.75,21.26,21.37,20.6,79848.45
2023-12-12,21.26,21.33,21.48,21.07,54799.48
2023-12-13,21.24,21.31,21.58,20.95,66924.12
2023-12-14,21.51,21.9,22.49,21.47,130617.47
2023-12-15,22.5,22.14,23.38,22.03,167647.33
2023-12-18,22.1,22.07,22.57,21.93,126573.43
2023-12-19,21.95,22.18,22.41,21.81,90936.32
2023-12-20,22.99,22.33,23.23,22.16,130676.83
2023-12-21,22.46,22.61,22.75,22.14,109246.59
2023-12-22,22.47,22.43,22.82,22.32,108446.59
2023-12-25,22.34,22.17,22.43,21.8,102776.95
2023-12-26,22.22,21.88,22.29,21.57,82890.34
2023-12-27,21.81,22.16,22.3,21.8,74399.68
2023-12-28,22.16,22.12,22.34,21.99,62808.17
2023-12-29,22.12,22.03,22.24,21.9,80452.34
2024-01-02,21.86,22.13,22.5,21.63,98960.34
2024-01-03,22.18,21.57,22.3,21.52,117802.12
2024-01-04,21.38,21.62,21.81,21.24,102602.3
2024-01-05,21.7,21.07,21.84,20.9,96463.84
2024-01-08,21.03,20.57,21.03,20.55,96892.06
2024-01-09,20.54,20.87,21.19,20.54,75602.88
2024-01-10,20.84,20.5,21.1,20.38,90340.79
2024-01-11,20.57,21.27,21.7,20.41,144110.61
2024-01-12,21.19,21.56,21.96,21.05,93111.72
2024-01-15,21.39,21.5,21.74,21.26,61721.05
2024-01-16,21.49,21.34,21.58,21.04,53949.0
2024-01-17,21.32,21.51,22.0,21.17,117131.84
2024-01-18,21.39,21.24,21.51,20.62,99096.42
2024-01-19,21.29,21.7,21.99,21.13,127938.41
2024-01-22,21.05,20.07,21.32,19.89,204046.79
2024-01-23,20.14,20.04,20.42,19.69,114568.19
2024-01-24,20.05,20.1,20.31,19.29,110112.53
2024-01-25,20.1,20.4,20.42,19.76,101959.11
2024-01-26,20.26,19.62,20.5,19.27,149614.8
2024-01-29,19.56,18.91,19.57,18.89,118726.86
2024-01-30,18.6,18.58,19.27,18.58,86201.1
2024-01-31,18.42,18.23,18.66,18.15,98231.0
2024-02-01,18.12,18.13,18.55,17.92,81504.97
2024-02-02,18.23,18.53,18.83,17.94,150781.81
2024-02-05,18.27,18.98,19.61,17.89,162333.22
2024-02-06,18.54,20.68,20.76,18.49,152563.34
2024-02-07,20.58,21.56,22.19,20.58,243663.57
2024-02-08,21.58,21.25,22.66,21.16,226731.24
2024-02-19,21.61,21.05,21.61,20.83,139017.33
2024-02-20,20.85,20.81,21.13,20.5,111658.44
2024-02-21,20.67,20.93,21.48,20.4,108135.65
2024-02-22,20.99,20.92,21.22,20.62,91855.59
2024-02-23,21.03,20.63,21.05,20.15,135361.13
2024-02-26,20.55,20.8,20.98,20.15,141636.11
2024-02-27,20.63,21.0,21.1,20.45,136794.62
2024-02-28,21.04,20.3,21.36,20.3,136691.51
2024-02-29,20.26,21.29,21.29,20.11,176971.77
2024-03-01,21.33,21.14,21.46,21.08,106020.21
2024-03-04,20.96,20.81,21.02,20.5,142352.51
2024-03-05,20.74,20.63,20.74,20.39,115882.18
2024-03-06,20.54,20.93,21.15,20.49,135922.78
2024-03-07,21.0,20.74,21.3,20.65,139205.33
2024-03-08,20.81,21.64,21.75,20.78,172847.52
2024-03-11,21.65,22.4,22.5,21.47,193451.51
2024-03-12,22.39,22.06,22.4,21.82,119498.48
2024-03-13,22.08,22.51,22.82,22.08,142080.54
2024-03-14,22.31,22.67,23.13,22.31,127689.78
2024-03-15,22.51,22.53,22.77,22.16,104625.01
2024-03-18,22.98,23.02,23.23,22.54,124244.18
2024-03-19,23.01,22.58,23.06,22.54,99543.16
2024-03-20,22.48,22.52,22.66,22.18,122380.99
2024-03-21,22.68,22.89,23.04,22.5,102739.07
2024-03-22,23.08,24.71,25.18,23.08,268990.82
2024-03-25,24.58,23.91,24.68,23.62,229125.03
2024-03-26,23.88,24.26,24.42,23.63,151966.23
2024-03-27,24.26,23.83,24.45,23.57,155688.74
2024-03-28,24.02,23.93,24.53,23.62,141240.15
2024-03-29,23.89,24.68,24.77,23.8,150300.41
2024-04-01,25.1,25.99,26.22,24.55,204015.52
2024-04-02,25.82,25.89,26.21,25.37,168909.9
2024-04-03,25.74,26.12,26.98,25.57,181539.76
2024-04-08,25.99,26.44,27.07,25.88,152898.71
2024-04-09,26.32,25.82,26.37,25.58,132165.13
2024-04-10,25.64,25.52,26.09,25.31,108824.21
2024-04-11,25.43,26.05,26.34,25.3,134064.14
2024-04-12,26.06,26.32,26.7,25.87,107212.79
2024-04-15,26.06,26.64,26.94,25.81,123013.22
2024-04-16,26.56,26.14,26.9,26.12,126126.74
2024-04-17,26.11,26.31,26.31,25.4,169395.11
2024-04-18,25.82,25.99,26.39,25.45,134239.94
2024-04-19,25.82,25.71,26.14,25.62,109703.45
2024-04-22,25.98,25.28,26.08,24.95,192761.07
2024-04-23,25.11,23.9,25.33,23.61,293332.76
2024-04-24,24.08,24.65,24.83,23.73,164422.02
2024-04-25,23.71,22.98,24.16,22.65,367067.87
2024-04-26,23.21,23.48,23.53,22.79,264671.0
2024-04-29,24.26,24.92,25.04,23.95,354068.01
2024-04-30,24.92,24.81,25.31,24.59,185123.09
2024-05-06,25.19,25.24,25.41,24.63,202414.0
2024-05-07,25.1,24.96,25.32,24.76,171660.27
2024-05-08,24.96,24.9,25.31,24.83,106080.98
2024-05-09,24.86,25.92,25.97,24.86,172489.24
2024-05-10,26.46,27.05,27.27,26.08,244574.11
2024-05-13,26.62,26.91,27.29,26.37,141036.37
2024-05-14,26.91,26.8,27.08,26.41,98414.46
2024-05-15,26.97,26.96,27.27,26.36,100062.02
2024-05-16,26.76,26.34,27.13,26.21,132282.51
2024-05-17,26.33,25.69,26.49,25.34,151167.26
2024-05-20,25.47,25.53,25.67,24.79,149409.32
2024-05-21,25.43,25.82,26.1,25.29,91459.96
2024-05-22,25.88,25.17,25.97,25.14,77449.15
2024-05-23,25.22,25.04,25.45,24.87,76819.02
2024-05-24,24.92,25.44,25.61,24.88,105608.73
2024-05-27,25.54,25.44,26.1,25.12,136913.75
2024-05-28,25.34,25.27,25.66,24.97,83486.05
2024-05-29,25.07,25.58,25.76,25.04,89974.03
2024-05-30,25.43,25.17,25.73,25.08,66618.76
2024-05-31,25.2,24.85,25.82,24.8,105632.44
2024-06-03,24.84,24.96,25.57,24.59,80627.27
2024-06-04,24.84,25.5,25.63,24.79,85297.03
2024-06-05,25.43,24.77,25.56,24.77,79582.0
2024-06-06,24.86,25.76,26.12,24.8,143376.72
2024-06-07,25.92,25.73,25.95,25.28,109461.19
2024-06-11,25.54,25.91,26.33,25.38,140713.85
2024-06-12,25.93,25.63,26.08,25.14,95629.18
2024-06-13,25.62,25.75,26.47,25.6,88507.62
2024-06-14,25.63,25.63,25.97,25.43,60173.26
2024-06-17,25.58,25.4,26.03,25.29,79063.74
2024-06-18,25.41,25.31,25.51,25.04,64572.86
2024-06-19,25.51,24.99,25.78,24.8,69617.12
2024-06-20,24.84,24.44,24.99,24.28,100581.75
2024-06-21,24.28,24.62,24.79,24.18,61537.08
2024-06-24,24.46,24.41,24.77,24.21,63926.54
2024-06-25,24.27,24.79,25.02,24.27,58656.5
2024-06-26,24.75,24.47,24.82,24.06,61748.4
2024-06-27,24.32,24.11,24.48,23.86,69803.31
2024-06-28,24.03,24.26,24.58,23.92,73713.52
2024-07-01,25.53,26.02,26.68,25.46,281852.26
2024-07-02,26.07,25.48,26.44,25.35,183253.61
2024-07-03,25.42,24.35,25.55,23.78,240708.33
2024-07-04,24.62,24.34,24.93,24.3,118263.35
2024-07-05,24.22,24.75,24.87,23.86,123285.44
2024-07-08,24.6,24.94,25.27,24.44,101369.2
2024-07-09,24.81,25.55,25.6,24.8,83505.16
2024-07-10,25.3,25.14,25.65,25.05,73244.98
2024-07-11,25.25,25.38,25.69,24.89,90524.11
2024-07-12,26.02,27.39,27.62,25.65,224313.0
2024-07-15,26.79,26.38,27.0,25.99,185098.88
2024-07-16,26.28,25.72,26.42,25.16,145389.5
2024-07-17,25.78,24.42,25.84,24.04,197587.66
2024-07-18,24.01,24.79,24.8,23.87,115033.57
2024-07-19,24.56,24.94,25.23,24.35,123448.94
2024-07-22,24.82,24.78,25.3,24.54,80650.6
2024-07-23,24.77,23.97,24.89,23.96,97614.74
2024-07-24,24.13,23.21,24.15,23.18,96706.55
2024-07-25,23.07,22.93,23.29,22.75,91977.27
2024-07-26,23.05,23.08,23.45,22.69,82797.71
2024-07-29,23.11,22.68,23.3,22.3,90347.79
2024-07-30,22.61,22.32,22.61,21.92,94474.73
2024-07-31,22.32,23.92,23.98,22.29,125512.83
2024-08-01,23.98,23.81,24.34,23.65,75197.49
2024-08-02,23.82,23.49,24.03,23.48,60901.13
2024-08-05,23.27,22.65,23.72,22.51,73643.89
2024-08-06,22.88,22.89,23.28,22.6,61499.29
2024-08-07,22.87,23.35,23.44,22.62,68345.74
2024-08-08,23.18,23.0,23.26,22.63,56207.57
2024-08-09,23.22,23.11,23.81,22.99,59464.62
2024-08-12,23.09,24.04,24.22,22.81,81952.88
2024-08-13,23.84,23.82,24.08,23.51,43626.95
2024-08-14,23.71,23.28,23.83,23.25,41320.89
2024-08-15,23.26,23.22,23.71,23.1,44060.83
2024-08-16,23.57,23.43,23.67,23.28,45823.7
2024-08-19,23.18,23.21,23.86,23.02,54945.0
2024-08-20,23.22,22.86,23.3,22.73,40674.76
2024-08-21,22.76,22.57,22.98,22.43,52504.79
2024-08-22,22.63,22.79,22.94,22.3,40814.74
2024-08-23,22.68,23.01,23.08,22.54,40051.0
2024-08-26,23.35,23.71,23.87,22.87,87697.94
2024-08-27,23.53,23.69,23.85,23.45,41533.8
2024-08-28,23.6,24.35,24.44,23.6,73138.45
2024-08-29,24.21,24.77,24.94,24.11,66364.0
2024-08-30,25.52,26.26,26.58,25.05,164808.16
2024-09-02,26.06,26.47,26.86,26.06,128183.03
2024-09-03,26.47,27.33,27.57,26.32,126849.26
2024-09-04,27.08,27.29,27.7,26.9,120636.02
2024-09-05,27.3,27.29,27.56,27.1,62425.61
2024-09-06,27.36,26.3,27.38,26.22,140993.33
2024-09-09,26.44,26.18,26.67,26.02,118983.58
2024-09-10,26.18,26.3,26.59,25.92,78443.06
2024-09-11,26.31,27.83,28.09,25.95,141812.89
2024-09-12,27.77,27.25,28.12,27.1,117222.0
2024-09-13,27.29,26.85,27.65,26.73,76975.57
2024-09-18,27.21,27.5,27.84,27.01,68436.2
2024-09-19,27.69,27.57,28.72,27.1,218467.09
2024-09-20,27.59,27.7,27.83,27.33,77120.57
2024-09-23,27.74,27.38,28.22,27.12,110907.75
2024-09-24,27.47,27.53,27.58,26.51,154490.35
2024-09-25,27.45,26.94,27.7,26.67,176649.28
2024-09-26,27.02,27.57,27.57,26.45,188229.51
2024-09-27,27.98,28.24,28.8,27.1,214677.39
2024-09-30,29.72,31.06,31.06,28.98,299580.63
2024-10-08,34.17,32.11,34.17,31.21,376522.86
2024-10-09,31.46,29.98,31.51,29.73,286535.35
2024-10-10,29.97,30.11,31.48,29.84,225251.82
2024-10-11,30.26,29.74,30.83,29.42,173515.73
2024-10-14,29.77,29.81,29.97,28.54,306329.43
2024-10-15,29.66,28.94,29.89,28.87,181739.86
2024-10-16,28.67,28.21,28.93,28.06,159014.0
2024-10-17,28.44,27.83,28.81,27.81,129163.77
2024-10-18,27.87,28.48,29.13,27.65,179430.41
2024-10-21,28.54,28.05,28.54,27.47,214527.67
2024-10-22,28.04,28.44,28.64,27.67,163279.66
2024-10-23,28.51,28.13,28.59,27.92,145730.48
2024-10-24,27.84,27.53,27.91,27.35,152305.53
2024-10-25,27.64,28.1,28.34,27.35,131314.77
2024-10-28,28.05,27.99,28.08,27.48,138188.21
2024-10-29,27.98,28.06,28.44,27.74,134928.33
2024-10-30,28.02,28.26,28.65,27.81,196929.95
2024-10-31,29.15,28.34,29.22,27.22,281537.73
2024-11-01,28.18,29.19,29.92,28.07,272885.35
2024-11-04,29.63,30.44,31.01,29.63,276864.62
2024-11-05,30.59,30.27,30.61,29.63,209166.94
2024-11-06,30.28,29.4,30.35,28.85,329814.41
2024-11-07,28.86,29.63,29.81,28.82,178689.44
2024-11-08,29.7,29.05,29.98,28.84,190245.8
2024-11-11,29.05,28.59,29.05,27.71,270327.1
2024-11-12,28.58,29.11,29.57,28.36,235781.09
2024-11-13,28.15,27.87,28.15,26.83,344975.68
2024-11-14,27.71,27.41,28.1,27.33,177056.11
2024-11-15,27.33,26.38,27.42,26.31,223033.17
2024-11-18,26.49,26.44,27.0,26.38,168371.29
2024-11-19,26.68,27.36,27.69,26.58,177288.67
2024-11-20,27.45,27.69,27.89,27.16,118975.19
2024-11-21,27.56,27.81,28.23,27.51,114533.79
2024-11-22,27.81,27.14,28.01,27.11,103381.76
2024-11-25,27.13,26.85,27.49,26.6,99796.64
2024-11-26,26.9,27.84,28.14,26.75,198823.03
2024-11-27,27.58,28.02,28.02,27.43,136070.86
2024-11-28,28.02,27.77,28.47,27.64,117776.92
2024-11-29,27.87,27.64,28.2,27.56,111360.28
2024-12-02,27.87,27.14,27.87,26.85,171133.21
2024-12-03,27.14,27.0,27.21,26.82,112232.39
2024-12-04,26.93,26.98,27.23,26.56,89959.06
2024-12-05,26.99,27.99,28.25,26.95,196592.78
2024-12-06,28.11,28.23,28.48,27.9,128630.71
2024-12-09,28.23,27.82,28.25,27.74,82943.08
2024-12-10,28.08,27.81,28.5,27.8,139303.24
2024-12-11,27.78,27.69,28.03,27.6,80974.57
2024-12-12,27.71,28.8,28.89,27.56,183944.75
2024-12-13,28.7,28.73,29.49,28.52,173550.31
2024-12-16,28.85,27.8,29.0,27.63,116080.45
2024-12-17,27.8,28.32,28.65,27.78,108974.93
2024-12-18,28.32,28.66,28.9,28.31,86575.97
2024-12-19,28.4,29.07,29.28,28.15,103783.72
2024-12-20,28.78,28.7,29.26,28.64,91206.08
2024-12-23,30.05,30.0,31.28,29.9,402603.18
2024-12-24,30.0,30.96,31.26,29.8,312847.13
2024-12-25,30.76,30.61,30.95,30.14,148778.7
2024-12-26,30.61,31.6,31.71,30.52,155111.13
2024-12-27,31.55,31.52,32.1,31.15,143958.32
2024-12-30,31.49,32.4,32.6,31.32,158564.9
2024-12-31,32.33,32.35,32.58,32.0,133225.48
2025-01-02,32.34,31.38,32.45,31.0,173277.52
2025-01-03,31.4,31.41,32.35,31.2,158416.0
2025-01-06,31.59,31.72,31.98,31.08,125645.0
2025-01-07,31.8,32.2,32.89,31.6,144970.91
2025-01-08,31.89,32.98,33.24,31.81,150626.73
2025-01-09,32.83,32.29,32.83,32.17,117843.35
2025-01-10,32.2,31.4,32.41,31.19,186206.51
2025-01-13,31.0,31.3,31.93,30.91,97993.04
2025-01-14,31.45,32.19,32.26,30.99,129842.04
2025-01-15,32.02,32.4,33.08,31.81,116721.93
2025-01-16,32.31,32.78,33.09,32.31,95128.58
2025-01-17,32.72,33.53,34.3,32.55,166209.03
2025-01-20,33.83,32.87,34.63,32.78,154421.65
2025-01-21,33.25,33.02,33.5,32.46,110899.16
2025-01-22,32.78,32.41,32.8,31.91,157509.97
2025-01-23,32.4,31.6,32.56,31.55,140225.33
2025-01-24,31.66,31.83,32.01,31.38,116089.78
2025-01-27,31.95,32.15,32.49,31.8,123770.38
2025-02-05,32.12,31.77,32.12,31.07,104297.5
2025-02-06,31.71,31.74,32.13,31.53,97501.09
2025-02-07,31.76,32.04,32.45,31.27,113617.11
2025-02-10,32.05,31.06,32.17,30.88,188642.15
2025-02-11,31.06,31.09,31.32,30.71,110984.4
2025-02-12,31.05,30.91,31.23,30.7,131545.66
2025-02-13,30.89,30.4,30.98,30.28,104264.31
2025-02-14,30.5,30.52,30.76,30.15,122503.54
2025-02-17,30.4,30.9,30.9,29.72,130214.56
2025-02-18,30.75,30.27,30.75,29.55,141244.6
2025-02-19,29.82,30.73,31.9,29.73,254600.01
2025-02-20,30.6,31.0,31.31,30.4,210288.16
2025-02-21,31.0,30.87,31.09,30.3,206597.12
2025-02-24,30.77,30.18,31.06,30.09,174550.29
2025-02-25,29.91,29.83,30.26,29.71,106989.6
2025-02-26,29.68,30.39,30.68,29.68,160335.98
2025-02-27,30.35,30.48,30.56,29.89,123979.46
2025-02-28,30.08,30.85,31.9,30.05,260580.16
2025-03-03,30.93,29.89,31.64,29.76,167044.6
2025-03-04,29.9,29.91,30.17,29.8,88519.19
2025-03-05,29.87,29.15,30.05,29.04,203090.6
2025-03-06,29.09,28.96,29.3,28.51,306534.25
2025-03-07,28.9,28.89,29.27,28.61,135256.21
2025-03-10,29.0,29.57,29.61,28.57,206428.55
2025-03-11,29.17,29.02,29.39,28.77,140990.21
2025-03-12,29.35,28.73,29.4,28.6,136457.31
2025-03-13,28.73,28.15,28.75,28.11,135243.26
2025-03-14,28.15,28.47,28.57,28.09,123906.34
2025-03-17,28.48,28.56,28.66,28.17,146318.44
2025-03-18,28.55,28.6,28.76,28.4,119630.83
2025-03-19,28.68,28.49,28.7,28.25,91091.98
2025-03-20,28.49,28.61,29.0,28.28,149516.7
2025-03-21,28.68,29.19,29.36,28.66,221898.5
2025-03-24,29.83,29.86,30.65,29.65,277204.47
2025-03-25,29.8,30.21,30.7,29.68,244315.33
2025-03-26,30.17,30.09,30.32,29.75,190498.51
2025-03-27,29.93,30.45,30.55,29.61,186893.68
2025-03-28,30.22,30.24,30.71,30.02,147385.58
2025-03-31,30.12,29.61,30.6,29.48,160041.44
2025-04-01,29.61,30.3,30.45,29.28,158308.26
2025-04-02,30.18,30.39,30.48,29.92,136511.97
2025-04-03,27.95,27.35,28.0,27.35,163075.0
2025-04-07,24.62,24.62,24.62,24.62,41567.0
2025-04-08,22.16,22.16,22.57,22.16,318387.87
2025-04-09,20.0,21.57,22.18,19.94,676251.86
2025-04-10,23.73,23.73,23.73,23.38,273865.32
2025-04-11,23.41,23.63,24.2,22.63,681579.91
2025-04-14,24.08,22.92,24.22,22.88,435672.68
2025-04-15,22.8,22.06,22.87,21.96,302877.48
2025-04-16,21.9,21.53,21.99,21.16,353852.1
2025-04-17,21.38,21.43,21.8,21.16,246659.9
2025-04-18,21.4,21.72,22.4,21.31,245206.28
2025-04-21,22.0,22.94,23.06,21.54,341671.64
2025-04-22,22.6,22.25,22.79,21.98,295919.3
2025-04-23,23.5,23.75,24.33,23.2,543174.86
2025-04-24,23.7,23.17,23.8,23.14,218922.76
2025-04-25,23.2,23.79,24.4,23.2,248357.95
2025-04-28,23.79,23.15,23.9,22.99,192766.46
2025-04-29,23.01,22.91,23.16,22.66,163644.6
2025-04-30,22.86,23.28,23.69,22.73,245799.49
2025-05-06,23.52,24.24,24.27,22.97,351954.6
2025-05-07,24.84,24.4,24.88,23.7,368994.86
2025-05-08,24.16,24.42,24.49,24.0,270922.97
2025-05-09,24.5,25.05,25.48,24.01,355596.17
2025-05-12,26.1,26.28,26.58,25.43,461995.15
2025-05-13,27.2,25.52,27.2,25.42,472350.82
2025-05-14,25.3,25.26,25.55,24.84,253929.57
2025-05-15,25.11,24.72,25.15,24.4,192244.97
2025-05-16,24.5,24.62,24.75,24.29,141033.4
2025-05-19,24.5,24.4,24.61,23.88,159285.8
2025-05-20,24.12,24.42,24.7,23.91,160976.36
2025-05-21,24.21,23.91,24.33,23.91,149757.29
2025-05-22,23.7,23.2,23.7,23.19,210105.31
2025-05-23,23.0,23.05,23.5,22.73,185383.21
2025-05-26,22.9,23.38,23.48,22.8,154327.57
2025-05-27,23.31,23.35,23.39,23.01,100164.92
2025-05-28,23.32,23.7,24.0,23.3,157396.84
2025-05-29,24.26,24.4,24.98,24.2,369461.53
2025-05-30,23.93,23.58,24.3,23.58,219781.86
2025-06-03,23.65,23.33,23.84,23.23,144059.36
2025-06-04,23.42,24.24,24.3,23.35,187609.53
2025-06-05,24.1,24.45,24.68,23.93,192434.29
2025-06-06,24.21,23.69,24.21,23.55,164887.36
2025-06-09,23.8,24.14,24.45,23.71,131239.26
2025-06-10,24.19,24.88,25.32,24.05,336735.0
2025-06-11,24.89,25.13,25.17,24.57,170965.67
2025-06-12,24.96,24.7,25.11,24.63,134945.5
2025-06-13,24.57,24.26,24.59,23.94,153575.27
2025-06-16,24.18,24.1,24.45,24.01,92273.0
2025-06-17,24.19,24.05,24.23,23.9,81465.52
2025-06-18,23.88,24.54,24.85,23.88,180225.75
2025-06-19,24.46,24.2,24.58,24.01,95428.32
2025-06-20,24.26,23.61,24.4,23.49,101446.78
2025-06-23,23.41,23.8,23.93,23.11,112114.08
2025-06-24,23.82,24.19,24.45,23.82,104873.35
2025-06-25,24.2,24.26,24.34,23.96,111162.84
2025-06-26,24.22,23.92,24.4,23.92,114493.66
2025-06-27,23.97,25.48,25.94,23.94,366688.17
2025-06-30,25.56,25.51,25.81,25.22,175822.0
2025-07-01,25.54,25.07,25.54,24.99,112039.4
2025-07-02,25.07,25.49,25.95,24.86,208403.89
2025-07-03,26.78,27.18,27.47,26.6,487282.16
2025-07-04,26.94,27.17,27.2,26.5,205116.96
2025-07-07,26.81,26.46,26.97,26.4,164033.82
2025-07-08,26.52,26.84,27.17,26.23,130924.26
2025-07-09,26.87,26.91,27.12,26.6,108114.55
2025-07-10,28.55,29.32,29.55,28.28,394922.76
2025-07-11,29.32,29.73,30.06,29.17,208630.88
2025-07-14,29.7,30.3,30.93,29.7,253570.76
2025-07-15,30.29,31.59,32.33,30.1,231402.22
2025-07-16,31.58,31.81,32.48,31.38,244463.44
2025-07-17,31.73,31.62,31.98,31.02,207853.16
2025-07-18,31.62,31.47,31.7,31.03,159973.45
2025-07-21,31.13,30.79,31.36,30.55,182480.82
2025-07-22,30.78,31.0,31.16,30.33,149770.31
2025-07-23,31.2,32.11,32.25,31.0,188354.03
2025-07-24,32.11,32.25,32.26,31.68,114201.06
2025-07-25,32.24,33.71,34.05,32.05,186754.24
2025-07-28,33.42,32.81,33.7,32.6,131422.46
2025-07-29,32.53,32.53,33.08,32.18,96827.64
2025-07-30,32.44,31.8,32.46,31.66,145883.67
2025-07-31,31.8,31.11,32.12,31.08,105788.59
2025-08-01,31.19,31.05,31.45,30.79,87822.85
2025-08-04,30.89,31.77,32.21,30.71,115676.57
2025-08-05,31.81,32.18,32.27,31.53,111543.96
2025-08-06,32.08,32.4,32.48,31.8,79258.84
2025-08-07,32.39,31.83,32.39,31.73,63126.21
2025-08-08,31.71,32.63,33.06,31.69,93615.7
2025-08-11,32.53,32.38,33.3,32.28,94450.62
2025-08-12,32.5,33.68,33.92,32.33,121797.05
2025-08-13,33.9,34.06,34.13,33.33,89920.48
2025-08-14,34.08,34.62,35.18,33.71,144846.17
2025-08-15,34.4,36.5,37.05,34.19,177043.22
2025-08-18,36.51,35.02,36.65,34.9,199209.2
2025-08-19,35.04,34.39,35.2,34.15,127005.0
2025-08-20,34.21,34.56,34.9,34.0,125675.17
2025-08-21,34.56,34.39,34.68,34.1,76193.27
2025-08-22,34.4,33.98,34.49,33.69,135488.0
