date,open,close,high,low,volume
2019-01-02,12.4,11.91,12.4,11.79,88169.92
2019-01-03,11.91,11.82,12.15,11.74,54083.27
2019-01-04,11.56,12.01,12.16,11.55,45585.61
2019-01-07,12.04,12.25,12.3,11.92,39708.01
2019-01-08,12.25,12.67,12.71,12.17,52537.13
2019-01-09,12.75,12.56,12.99,12.44,56723.8
2019-01-10,12.53,12.44,12.63,12.23,34506.0
2019-01-11,12.34,12.37,12.45,12.28,24339.66
2019-01-14,12.33,12.32,12.51,12.25,26208.88
2019-01-15,12.3,12.44,12.48,12.22,25979.99
2019-01-16,12.42,12.4,12.52,12.28,22360.57
2019-01-17,12.4,12.4,12.47,12.24,26235.65
2019-01-18,12.4,12.54,12.57,12.28,25402.59
2019-01-21,12.59,12.52,12.86,12.46,34250.46
2019-01-22,12.44,12.49,12.61,12.41,24614.51
2019-01-23,12.44,12.75,12.75,12.44,33683.9
2019-01-24,12.72,12.64,12.77,12.56,30310.06
2019-01-25,12.64,13.02,13.08,12.55,55926.3
2019-01-28,13.02,12.84,13.33,12.83,38735.2
2019-01-29,12.93,12.88,13.07,12.59,31302.24
2019-01-30,12.9,12.75,12.97,12.63,21746.58
2019-01-31,12.69,13.08,13.13,12.69,34888.25
2019-02-01,13.07,13.05,13.13,12.88,26552.85
2019-02-11,13.06,13.27,13.3,13.02,35619.31
2019-02-12,13.22,13.2,13.33,13.14,36659.83
2019-02-13,13.26,13.14,13.26,12.92,58863.28
2019-02-14,13.11,12.95,13.11,12.88,51393.56
2019-02-15,12.95,12.84,12.99,12.78,42589.15
2019-02-18,12.85,13.02,13.06,12.74,68581.14
2019-02-19,12.99,12.78,13.08,12.71,72119.57
2019-02-20,12.78,12.87,12.88,12.71,39688.37
2019-02-21,12.85,12.88,12.97,12.7,53545.25
2019-02-22,12.8,12.99,12.99,12.73,56675.28
2019-02-25,13.02,13.4,13.4,13.0,114157.34
2019-02-26,13.62,13.71,14.23,13.62,136370.35
2019-02-27,13.81,13.66,14.02,13.61,75246.8
2019-02-28,13.78,13.87,13.94,13.69,39301.06
2019-03-01,13.98,14.47,14.63,13.98,108444.31
2019-03-04,14.46,14.82,15.25,14.26,112665.52
2019-03-05,14.82,14.89,15.07,14.65,62114.18
2019-03-06,14.95,14.8,15.02,14.64,54553.42
2019-03-07,14.8,14.74,14.96,14.5,59743.36
2019-03-08,14.68,15.31,15.74,14.5,166766.48
2019-03-11,15.13,16.15,16.25,15.12,116905.71
2019-03-12,16.15,15.86,16.74,15.71,105128.57
2019-03-13,15.84,16.23,16.5,15.61,90536.18
2019-03-14,16.14,15.97,16.35,15.5,81834.32
2019-03-15,16.1,16.64,16.7,15.85,100422.77
2019-03-18,16.7,17.77,17.98,16.46,112085.44
2019-03-19,17.81,17.28,17.94,17.22,76490.93
2019-03-20,17.29,18.03,18.27,17.29,152217.56
2019-03-21,17.87,18.03,18.36,17.6,88062.58
2019-03-22,18.05,17.51,18.05,17.24,81994.62
2019-03-25,17.14,16.96,17.63,16.9,99974.27
2019-03-26,17.0,16.64,17.46,16.32,88598.47
2019-03-27,16.85,16.86,17.03,16.64,80708.61
2019-03-28,16.8,17.42,17.71,16.67,96546.55
2019-03-29,17.43,17.87,18.0,16.86,99921.45
2019-04-01,18.15,19.43,19.49,18.05,137276.76
2019-04-02,19.49,19.21,19.65,19.14,81628.61
2019-04-03,19.1,19.13,19.43,18.91,61353.28
2019-04-04,19.29,19.42,19.76,18.94,82400.34
2019-04-08,19.45,19.51,19.8,18.59,95081.39
2019-04-09,19.24,19.07,19.76,18.9,63421.83
2019-04-10,18.87,19.34,19.73,18.8,68520.54
2019-04-11,19.18,18.75,19.45,18.21,49958.0
2019-04-12,18.66,18.8,19.14,18.44,38328.23
2019-04-15,19.14,18.41,19.21,18.25,57203.69
2019-04-16,18.46,18.94,18.94,18.1,55443.79
2019-04-17,19.2,18.48,19.2,18.32,69556.87
2019-04-18,18.62,18.49,18.87,18.48,42254.76
2019-04-19,18.37,18.53,18.77,16.76,134268.75
2019-04-22,18.09,17.29,18.33,16.94,98709.3
2019-04-23,17.18,17.32,17.63,17.14,48673.39
2019-04-24,17.3,17.32,17.42,16.96,59290.29
2019-04-25,17.21,17.01,17.55,16.96,62907.53
2019-04-26,16.9,16.87,17.28,16.59,49553.89
2019-04-29,16.66,16.6,16.87,16.32,74912.02
2019-04-30,16.6,16.94,17.01,16.6,63693.94
2019-05-06,15.98,16.19,17.05,15.91,80336.05
2019-05-07,16.58,16.02,16.58,15.77,51845.86
2019-05-08,15.9,15.95,16.54,15.7,69665.04
2019-05-09,15.91,15.8,16.27,15.68,34752.26
2019-05-10,15.98,16.92,17.05,15.88,62738.79
2019-05-13,16.88,16.65,16.88,16.55,33204.58
2019-05-14,16.5,16.43,16.83,16.36,33742.48
2019-05-15,16.51,17.14,17.21,16.38,60878.18
2019-05-16,17.06,17.24,17.43,16.96,35076.83
2019-05-17,17.46,16.8,17.46,16.78,48086.4
2019-05-20,16.78,16.89,17.3,16.58,37524.45
2019-05-21,16.89,17.21,17.25,16.67,34611.57
2019-05-22,17.21,17.21,17.33,17.05,28061.04
2019-05-23,17.15,17.16,17.38,17.0,33866.24
2019-05-24,17.12,17.04,17.25,16.95,24573.1
2019-05-27,17.04,17.3,17.45,16.82,30414.92
2019-05-28,17.39,17.14,17.58,17.13,36006.67
2019-05-29,17.15,16.85,17.23,16.85,24359.17
2019-05-30,16.76,16.46,16.8,16.09,42021.99
2019-05-31,16.5,16.27,17.09,16.25,46431.67
2019-06-03,16.29,15.64,16.51,15.3,73735.09
2019-06-04,15.59,16.02,16.39,15.59,65403.84
2019-06-05,16.28,15.83,16.34,15.77,41170.31
2019-06-06,15.86,15.66,16.01,15.63,26411.15
2019-06-10,15.89,15.86,16.29,15.56,38912.88
2019-06-11,15.86,16.61,16.79,15.82,66848.54
2019-06-12,16.59,16.18,16.59,16.0,53861.55
2019-06-13,16.1,15.69,16.1,15.5,68909.41
2019-06-14,15.69,15.5,15.81,15.47,39804.02
2019-06-17,15.52,15.68,15.76,15.38,30184.08
2019-06-18,15.6,15.63,15.77,15.55,18824.35
2019-06-19,15.8,15.84,16.1,15.8,31494.32
2019-06-20,15.82,16.29,16.59,15.82,62662.48
2019-06-21,16.31,16.91,16.91,16.31,47949.44
2019-06-24,16.79,16.86,17.18,16.67,41692.91
2019-06-25,17.05,16.82,17.11,16.6,40001.51
2019-06-26,16.63,16.72,16.98,16.56,29892.68
2019-06-27,16.7,17.13,17.29,16.7,38116.16
2019-06-28,17.0,16.76,17.13,16.71,24971.97
2019-07-01,17.09,17.57,17.67,17.06,43374.21
2019-07-02,17.42,17.51,18.0,17.36,52689.65
2019-07-03,17.57,17.62,17.95,17.42,52267.21
2019-07-04,17.59,17.41,17.79,17.21,33247.74
2019-07-05,17.59,17.25,17.62,16.99,54455.28
2019-07-08,17.29,16.6,17.3,16.59,43330.23
2019-07-09,16.77,16.47,16.88,16.29,36252.61
2019-07-10,16.47,16.18,16.57,16.13,33077.95
2019-07-11,16.24,16.22,16.47,16.14,41049.18
2019-07-12,16.22,16.34,16.57,16.17,36065.0
2019-07-15,16.26,16.63,16.88,16.03,41686.02
2019-07-16,16.67,16.41,16.8,16.4,25363.09
2019-07-17,16.45,16.25,16.53,16.16,32922.98
2019-07-18,16.15,15.89,16.23,15.85,35295.12
2019-07-19,15.89,15.98,16.2,15.8,29632.17
2019-07-22,16.0,15.99,16.21,15.62,35131.13
2019-07-23,15.87,15.89,16.12,15.81,28813.39
2019-07-24,15.89,15.93,16.01,15.76,52978.79
2019-07-25,15.86,15.86,15.91,15.6,39691.17
2019-07-26,15.94,16.5,16.52,15.89,53526.91
2019-07-29,16.51,16.67,16.91,16.25,51772.94
2019-07-30,16.59,16.55,16.96,16.36,47690.94
2019-07-31,16.5,16.65,16.91,16.42,42952.39
2019-08-01,16.51,16.81,16.96,16.51,43431.73
2019-08-02,16.51,16.72,16.84,16.4,34136.15
2019-08-05,16.55,16.57,16.81,16.46,23201.2
2019-08-06,16.3,16.11,16.55,15.85,45879.59
2019-08-07,16.29,16.56,16.84,16.18,54121.2
2019-08-08,16.58,16.47,16.75,16.28,44359.15
2019-08-09,16.49,16.1,16.51,16.03,37161.08
2019-08-12,16.09,16.29,16.33,15.94,29331.82
2019-08-13,16.18,16.29,16.55,16.14,23776.51
2019-08-14,16.4,16.99,17.0,16.35,52010.98
2019-08-15,17.62,17.09,17.71,16.84,129969.81
2019-08-16,17.03,17.22,17.53,16.82,88964.11
2019-08-19,17.25,17.4,17.59,17.01,83326.52
2019-08-20,17.4,17.15,17.41,17.05,58832.41
2019-08-21,17.15,17.0,17.18,16.76,68401.34
2019-08-22,17.05,17.32,17.34,16.87,63913.76
2019-08-23,17.33,17.39,17.43,17.0,59337.53
2019-08-26,17.04,17.72,17.83,16.96,106292.04
2019-08-27,17.75,18.08,18.33,17.55,80717.07
2019-08-28,18.1,17.93,18.33,17.85,40293.6
2019-08-29,17.87,17.84,18.19,17.63,44012.15
2019-08-30,17.96,17.77,18.1,17.66,39806.32
2019-09-02,17.82,19.28,19.46,17.82,105755.55
2019-09-03,19.36,19.02,19.37,18.9,55828.68
2019-09-04,19.03,18.81,19.11,18.52,66165.46
2019-09-05,18.81,18.89,19.34,18.72,79952.66
2019-09-06,18.88,18.89,19.25,18.68,53621.04
2019-09-09,18.94,19.12,19.23,18.72,65824.13
2019-09-10,19.03,19.09,19.42,18.94,50094.52
2019-09-11,18.99,18.58,19.15,18.53,39512.42
2019-09-12,18.62,18.68,18.76,18.53,24862.72
2019-09-16,18.75,18.5,18.8,18.35,36482.52
2019-09-17,18.5,18.21,18.63,18.05,46004.46
2019-09-18,18.24,18.5,18.57,18.14,43458.29
2019-09-19,18.51,18.46,18.6,18.27,32768.88
2019-09-20,18.53,18.85,18.9,18.13,64803.93
2019-09-23,18.82,19.16,19.47,18.36,107160.22
2019-09-24,19.16,19.25,19.93,19.07,118478.08
2019-09-25,19.27,18.24,19.27,18.18,69981.86
2019-09-26,18.19,17.62,18.28,17.61,52519.24
2019-09-27,17.62,17.62,17.81,17.44,38587.16
2019-09-30,17.56,17.62,17.94,17.51,27003.74
2019-10-08,17.71,17.83,17.99,17.6,28706.24
2019-10-09,17.71,17.41,17.71,17.09,44390.06
2019-10-10,17.43,17.26,17.53,17.0,52624.44
2019-10-11,17.25,17.14,17.38,16.82,54051.04
2019-10-14,17.18,17.67,17.82,17.18,52601.79
2019-10-15,17.54,17.61,17.9,17.46,30073.99
2019-10-16,17.64,17.6,17.76,17.42,21818.83
2019-10-17,17.62,17.5,17.68,17.34,27158.6
2019-10-18,17.66,17.51,18.04,17.42,40406.67
2019-10-21,17.46,17.55,17.71,16.98,32884.92
2019-10-22,17.43,17.51,17.7,17.21,26945.0
2019-10-23,17.44,17.54,17.63,17.44,18404.49
2019-10-24,17.53,16.98,17.55,16.75,54306.45
2019-10-25,16.86,17.3,17.39,16.86,46428.71
2019-10-28,17.46,17.8,18.04,17.26,67890.09
2019-10-29,17.81,17.42,17.89,17.33,34843.33
2019-10-30,17.19,17.27,17.3,16.97,28487.46
2019-10-31,17.47,18.3,18.52,17.47,115258.75
2019-11-01,18.54,18.88,19.38,18.13,121346.21
2019-11-04,19.12,19.96,20.58,18.96,141860.58
2019-11-05,19.96,21.18,21.49,19.96,140569.04
2019-11-06,21.51,20.73,21.63,20.32,139857.33
2019-11-07,20.67,20.94,21.0,20.4,82645.83
2019-11-08,20.86,20.24,20.99,20.12,92273.35
2019-11-11,20.0,19.92,20.29,19.75,77272.09
2019-11-12,19.95,19.78,20.11,19.64,56582.01
2019-11-13,19.84,19.52,19.86,19.3,57996.9
2019-11-14,19.63,19.81,19.87,19.46,70641.36
2019-11-15,19.77,19.25,19.93,19.07,65060.28
2019-11-18,19.35,19.45,19.53,19.08,48848.31
2019-11-19,19.41,19.63,19.82,19.28,88053.2
2019-11-20,19.67,18.96,19.67,18.78,115541.15
2019-11-21,18.88,18.9,19.1,18.65,46307.5
2019-11-22,18.9,18.49,19.14,18.45,56530.89
2019-11-25,18.41,18.5,18.78,18.4,46329.64
2019-11-26,18.52,18.46,18.68,18.17,43510.98
2019-11-27,18.4,18.26,18.49,18.21,40335.48
2019-11-28,18.13,18.44,18.61,18.13,40235.79
2019-11-29,18.27,18.62,18.62,18.17,39090.59
2019-12-02,18.49,18.83,19.05,18.49,48270.08
2019-12-03,18.77,19.13,19.27,18.63,42389.78
2019-12-04,18.97,18.93,19.25,18.84,42675.95
2019-12-05,19.0,18.9,19.06,18.81,29091.76
2019-12-06,18.9,19.03,19.35,18.78,52990.59
2019-12-09,19.42,20.11,20.27,19.13,125189.94
2019-12-10,20.12,19.84,20.12,19.7,55600.59
2019-12-11,19.88,19.82,20.0,19.66,34076.8
2019-12-12,19.74,19.84,20.11,19.72,29273.66
2019-12-13,19.93,20.21,20.22,19.64,55091.13
2019-12-16,20.28,20.07,20.52,19.93,71794.23
2019-12-17,19.96,19.75,20.1,19.53,93082.93
2019-12-18,19.73,19.4,19.74,19.35,56345.96
2019-12-19,19.43,19.54,19.57,19.28,35312.4
2019-12-20,19.53,19.19,19.69,19.16,46344.73
2019-12-23,19.06,18.75,19.29,18.69,46608.95
2019-12-24,18.76,19.02,19.11,18.76,31570.57
2019-12-25,19.16,19.33,19.44,19.03,37399.67
2019-12-26,19.33,19.3,19.47,19.05,24117.72
2019-12-27,19.26,18.88,19.3,18.88,36246.96
2019-12-30,18.91,20.29,20.43,18.81,112890.65
2019-12-31,20.28,20.74,20.84,20.01,86378.21
2020-01-02,20.71,20.61,20.98,20.51,70915.06
2020-01-03,20.61,20.48,20.74,20.37,52004.53
2020-01-06,20.41,20.07,20.51,19.89,82427.12
2020-01-07,20.1,20.7,21.07,20.1,91140.74
2020-01-08,20.34,20.61,21.04,20.34,74121.62
2020-01-09,20.67,20.65,21.09,20.52,63348.12
2020-01-10,20.65,20.73,20.81,20.28,60543.01
2020-01-13,20.7,21.17,21.34,20.7,75115.27
2020-01-14,21.17,20.99,21.31,20.82,55096.75
2020-01-15,20.86,21.11,21.23,20.71,53265.59
2020-01-16,21.18,20.75,21.22,20.57,54809.08
2020-01-17,20.8,21.48,22.1,20.8,100688.65
2020-01-20,21.52,21.93,22.08,21.19,77842.27
2020-01-21,21.86,21.96,22.31,21.43,82779.37
2020-01-22,21.71,22.77,22.91,21.64,87011.16
2020-01-23,22.71,22.11,22.71,21.74,96807.36
2020-02-03,19.9,20.61,20.9,19.9,101124.58
2020-02-04,20.2,22.15,22.25,20.2,64590.73
2020-02-05,21.97,22.49,22.93,21.68,79155.05
2020-02-06,22.71,24.31,24.45,22.44,81039.76
2020-02-07,24.31,24.96,25.14,23.65,64441.74
2020-02-10,24.68,24.14,24.89,23.82,69730.44
2020-02-11,24.11,24.07,24.59,23.9,32547.23
2020-02-12,23.97,24.63,24.78,23.79,41794.89
2020-02-13,24.83,24.14,24.85,24.08,32091.91
2020-02-14,24.14,24.0,24.51,23.71,40830.92
2020-02-17,24.05,24.63,24.72,23.99,50783.33
2020-02-18,24.91,25.93,25.96,24.63,65304.94
2020-02-19,25.78,24.97,25.81,24.87,48115.65
2020-02-20,25.01,25.4,25.63,24.77,44324.34
2020-02-21,25.44,24.73,25.44,24.58,64599.6
2020-02-24,24.72,23.77,24.81,23.61,111829.45
2020-02-25,23.49,23.29,23.9,22.54,101588.39
2020-02-26,22.96,22.89,23.32,22.65,64389.66
2020-02-27,23.0,23.4,23.76,22.93,77432.31
2020-02-28,22.86,22.25,23.24,22.19,57797.75
2020-03-02,22.71,23.13,23.49,22.48,67938.85
2020-03-03,23.38,23.28,23.74,23.07,48468.58
2020-03-04,23.12,22.95,23.39,22.6,41930.72
2020-03-05,23.22,24.9,25.07,23.0,124611.85
2020-03-06,24.56,24.53,24.84,24.27,52493.52
2020-03-09,24.33,23.42,24.34,23.39,58186.66
2020-03-10,23.21,24.36,24.56,23.2,81293.04
2020-03-11,24.36,23.97,24.81,23.89,53552.91
2020-03-12,23.32,22.92,23.97,22.79,52221.03
2020-03-13,21.43,22.79,23.07,21.36,67482.13
2020-03-16,23.09,21.61,23.15,21.45,53099.02
2020-03-17,21.62,21.37,22.09,21.08,45975.69
2020-03-18,21.5,21.11,22.14,21.1,38206.95
2020-03-19,21.14,21.47,21.72,20.63,55432.02
2020-03-20,21.6,22.76,22.76,21.6,59608.05
2020-03-23,22.27,22.15,22.61,21.73,50882.73
2020-03-24,22.49,22.42,22.86,21.84,59512.94
2020-03-25,23.0,23.0,23.19,22.52,44037.55
2020-03-26,22.85,22.86,23.18,22.57,53349.91
2020-03-27,23.21,23.08,23.52,22.67,45457.39
2020-03-30,22.78,22.58,22.9,22.0,42960.41
2020-03-31,22.81,23.2,23.6,22.81,40503.01
2020-04-01,23.2,23.44,23.86,22.79,71728.99
2020-04-02,23.64,24.05,24.11,23.32,60565.99
2020-04-03,23.9,23.95,25.01,23.81,74562.57
2020-04-07,24.21,23.97,24.73,23.8,60865.29
2020-04-08,23.74,24.13,24.4,23.47,49443.8
2020-04-09,24.13,24.73,24.97,23.75,46692.7
2020-04-10,24.66,24.58,25.34,24.07,46309.16
2020-04-13,24.71,24.64,25.19,23.98,41770.2
2020-04-14,24.89,25.47,25.74,24.89,69279.98
2020-04-15,25.25,25.01,25.72,24.96,38467.77
2020-04-16,24.73,24.93,25.18,24.71,25324.31
2020-04-17,24.93,24.64,25.3,24.56,36416.13
2020-04-20,24.59,25.18,25.42,24.59,37731.6
2020-04-21,24.98,24.84,25.26,24.73,24681.99
2020-04-22,24.78,25.19,25.34,24.63,30709.08
2020-04-23,25.2,25.67,25.95,25.19,39024.11
2020-04-24,25.59,25.53,25.78,25.3,20137.39
2020-04-27,25.53,25.9,26.52,25.47,44558.91
2020-04-28,25.82,27.03,27.28,25.72,59230.5
2020-04-29,26.86,27.33,27.45,26.62,30602.63
2020-04-30,26.29,25.88,26.56,25.0,103224.0
2020-05-06,25.82,25.45,25.83,24.5,89457.28
2020-05-07,25.14,25.43,25.7,24.81,49681.12
2020-05-08,25.57,26.82,27.05,25.46,76471.3
2020-05-11,26.89,26.81,27.61,26.54,52947.33
2020-05-12,27.04,27.2,27.61,26.84,47965.5
2020-05-13,27.7,27.35,27.72,26.47,52602.35
2020-05-14,27.2,26.98,27.44,26.86,31674.37
2020-05-15,27.12,27.12,27.45,26.7,39142.09
2020-05-18,27.4,27.3,27.51,26.81,45100.35
2020-05-19,27.29,27.34,27.61,27.02,32200.74
2020-05-20,27.36,26.76,27.84,26.73,34910.79
2020-05-21,26.84,26.37,27.25,26.25,62722.42
2020-05-22,26.86,26.14,26.86,25.88,44407.96
2020-05-25,26.04,26.83,27.36,26.04,54920.56
2020-05-26,26.93,27.49,27.6,26.69,41911.28
2020-05-27,27.57,26.65,27.57,26.18,63648.29
2020-05-28,26.69,26.63,27.13,26.08,47991.82
2020-05-29,26.9,27.18,27.26,26.29,92171.42
2020-06-01,27.31,27.44,27.86,27.02,61662.36
2020-06-02,27.44,26.77,27.5,26.48,62836.15
2020-06-03,27.53,26.6,27.53,26.37,43837.7
2020-06-04,26.76,27.93,27.93,26.55,58945.36
2020-06-05,27.8,28.48,28.53,27.54,51677.32
2020-06-08,28.55,27.2,28.69,27.05,58304.71
2020-06-09,27.21,27.48,28.07,26.89,43834.5
2020-06-10,27.48,27.63,27.86,27.25,30920.75
2020-06-11,27.78,27.02,27.92,26.97,31682.67
2020-06-12,26.72,26.55,27.02,26.19,46192.55
2020-06-15,26.4,25.93,26.66,25.87,48950.75
2020-06-16,26.02,27.81,27.95,26.02,73036.99
2020-06-17,27.95,28.24,28.27,27.44,44667.84
2020-06-18,28.1,27.95,28.52,27.78,47000.48
2020-06-19,28.35,29.7,29.88,27.96,69911.75
2020-06-22,29.58,29.75,30.11,29.2,54822.11
2020-06-23,29.75,30.8,31.33,29.42,64246.41
2020-06-24,30.76,31.09,31.46,30.56,42070.71
2020-06-29,31.09,31.22,31.37,30.63,32993.43
2020-06-30,31.22,31.28,31.63,30.21,35882.14
2020-07-01,31.52,31.29,31.57,30.9,43409.39
2020-07-02,31.39,31.15,32.04,30.91,51684.35
2020-07-03,30.97,30.89,31.38,30.47,60669.56
2020-07-06,30.89,30.46,31.43,29.59,105128.03
2020-07-07,30.47,29.89,30.71,29.79,124375.07
2020-07-08,29.88,29.9,30.26,29.79,66336.3
2020-07-09,29.89,30.31,30.42,29.63,108491.36
2020-07-10,30.18,29.63,30.46,29.38,108555.79
2020-07-13,29.79,30.63,30.86,29.79,107424.16
2020-07-14,30.79,30.76,31.35,30.07,99945.87
2020-07-15,31.04,30.53,31.57,30.21,108022.12
2020-07-16,30.26,28.51,30.34,28.25,134048.19
2020-07-17,27.99,30.0,30.27,27.99,119537.56
2020-07-20,29.89,29.88,30.05,27.01,89734.62
2020-07-21,29.37,31.1,31.19,29.05,95525.33
2020-07-22,30.72,30.95,31.72,30.63,79997.25
2020-07-23,30.66,31.07,32.15,30.48,76315.77
2020-07-24,31.31,29.56,31.33,29.27,60730.51
2020-07-27,29.61,29.29,30.21,28.95,50371.7
2020-07-28,29.3,31.04,31.14,29.29,66977.05
2020-07-29,31.03,32.92,33.15,30.94,112078.66
2020-07-30,32.92,32.61,33.1,32.19,63598.16
2020-07-31,32.41,32.8,32.97,31.67,61683.14
2020-08-03,33.12,32.33,33.28,31.89,57289.67
2020-08-04,32.56,33.29,33.41,32.24,69104.92
2020-08-05,32.96,33.81,33.99,32.96,52840.53
2020-08-06,33.82,33.55,34.47,33.16,42174.16
2020-08-07,33.24,33.09,33.9,32.48,35739.56
2020-08-10,33.66,33.13,33.74,32.31,56238.91
2020-08-11,33.65,32.5,33.81,32.4,44278.31
2020-08-12,32.38,31.62,32.58,31.03,50092.06
2020-08-13,31.95,31.98,32.35,31.58,36399.84
2020-08-14,32.09,33.11,33.22,31.64,42418.5
2020-08-17,33.35,33.17,33.35,31.95,58892.22
2020-08-18,33.17,33.71,34.12,33.0,40636.03
2020-08-19,33.98,33.5,34.48,33.4,32616.7
2020-08-20,33.91,33.32,34.14,32.66,35326.59
2020-08-21,33.55,34.62,34.65,33.37,54799.46
2020-08-24,34.88,35.8,36.17,34.41,74718.53
2020-08-25,36.09,36.64,36.67,35.33,53489.18
2020-08-26,35.67,34.12,35.82,33.99,101585.79
2020-08-27,34.59,36.0,36.11,34.34,60112.79
2020-08-28,36.43,37.75,38.19,35.74,64540.12
2020-08-31,37.77,37.01,38.46,36.89,43793.42
2020-09-01,37.29,37.84,37.92,36.93,34577.08
2020-09-02,38.3,37.36,38.3,36.28,68099.85
2020-09-03,37.35,37.85,38.26,37.1,66784.51
2020-09-04,37.19,38.44,38.59,37.1,56906.43
2020-09-07,37.85,36.71,38.22,36.26,57251.05
2020-09-08,36.23,35.9,36.57,35.15,39296.57
2020-09-09,35.54,34.05,35.86,33.53,63043.26
2020-09-10,34.23,33.64,34.75,33.49,42878.28
2020-09-11,33.08,34.02,34.24,33.08,41805.57
2020-09-14,34.41,35.1,35.14,33.7,58086.39
2020-09-15,35.18,36.32,36.38,34.78,59224.86
2020-09-16,35.93,35.48,36.47,35.12,24709.47
2020-09-17,35.3,35.38,35.8,34.41,28805.39
2020-09-18,35.84,35.67,35.95,35.17,25047.42
2020-09-21,35.84,34.68,35.96,34.43,40085.8
2020-09-22,34.25,34.59,35.24,34.25,24177.0
2020-09-23,34.54,35.06,35.49,34.54,26792.38
2020-09-24,35.01,34.36,35.25,34.07,26719.26
2020-09-25,34.35,33.91,34.71,33.74,14754.62
2020-09-28,33.92,33.81,34.33,33.43,19371.04
2020-09-29,33.96,33.86,34.86,33.68,21522.56
2020-09-30,33.86,34.02,34.49,33.65,21666.03
2020-10-09,35.01,35.7,35.83,34.49,44397.33
2020-10-12,35.7,36.84,36.95,35.33,52755.51
2020-10-13,36.79,37.82,37.92,36.43,36009.73
2020-10-14,37.67,38.19,38.4,37.42,29010.36
2020-10-15,37.84,37.95,38.33,37.6,20522.4
2020-10-16,37.98,38.06,38.34,37.47,23131.52
2020-10-19,38.19,37.63,38.34,37.26,34212.25
2020-10-20,37.62,37.64,38.09,37.26,22529.1
2020-10-21,37.6,37.9,38.15,37.43,17278.34
2020-10-22,37.84,37.33,37.94,36.93,16153.78
2020-10-23,37.4,36.68,38.26,36.48,20613.97
2020-10-26,36.43,37.56,37.56,35.73,19866.83
2020-10-27,36.49,33.81,36.51,33.81,64401.6
2020-10-28,32.4,31.24,32.72,30.42,218382.82
2020-10-29,30.36,30.84,31.25,29.89,106565.19
2020-10-30,30.76,29.68,30.8,29.22,81318.37
2020-11-02,29.46,30.07,30.46,29.46,58381.07
2020-11-03,30.07,30.48,30.83,29.53,67585.65
2020-11-04,30.36,30.9,31.0,30.21,57094.65
2020-11-05,31.08,31.05,31.64,30.68,51057.84
2020-11-06,31.07,32.06,32.31,30.72,55328.03
2020-11-09,31.97,31.94,32.4,31.58,53539.69
2020-11-10,31.47,30.63,31.64,30.21,75865.28
2020-11-11,30.22,29.68,30.99,29.46,71026.78
2020-11-12,29.79,31.06,31.22,29.69,69611.0
2020-11-13,31.06,30.79,31.51,30.48,36087.51
2020-11-16,30.89,30.12,31.0,29.83,36122.11
2020-11-17,30.04,30.2,30.45,29.67,33834.45
2020-11-18,29.79,29.79,30.19,29.49,43143.33
2020-11-19,29.74,30.08,30.2,29.46,37125.13
2020-11-20,29.96,30.1,30.51,29.74,39045.33
2020-11-23,29.87,29.5,30.03,29.37,47090.01
2020-11-24,29.49,28.28,29.49,28.02,88927.32
2020-11-25,28.42,27.65,28.42,27.39,68650.1
2020-11-26,27.53,27.18,27.69,26.81,50886.39
2020-11-27,27.64,27.68,27.86,26.81,42901.68
2020-11-30,27.7,27.41,27.86,27.13,43471.12
2020-12-01,27.36,28.53,28.62,27.33,59895.77
2020-12-02,28.53,28.17,28.74,27.95,44581.7
2020-12-03,28.07,28.28,28.43,27.74,30097.57
2020-12-04,28.34,28.37,28.47,28.01,22470.19
2020-12-07,28.38,28.61,28.87,28.07,47642.45
2020-12-08,28.55,27.8,28.69,27.68,52131.71
2020-12-09,27.8,27.24,27.99,27.22,31674.94
2020-12-10,27.1,27.23,27.49,26.96,24154.78
2020-12-11,27.31,26.87,27.39,26.37,44892.17
2020-12-14,26.85,26.19,26.85,25.95,63987.98
2020-12-15,26.19,26.92,26.97,26.1,46174.5
2020-12-16,26.92,27.05,27.32,26.78,26703.16
2020-12-17,27.34,29.75,29.75,27.18,106034.77
2020-12-18,30.21,30.33,30.62,29.27,136844.0
2020-12-21,29.89,31.11,31.11,29.48,143082.67
2020-12-22,30.64,30.15,30.96,29.84,63210.24
2020-12-23,29.71,29.84,30.05,29.21,49960.65
2020-12-24,29.84,28.57,29.84,28.52,46387.83
2020-12-25,28.62,27.9,28.75,27.45,46318.86
2020-12-28,27.9,27.43,27.97,27.02,60730.88
2020-12-29,27.44,27.28,27.68,27.12,42635.84
2020-12-30,27.11,26.42,27.28,26.19,74398.9
2020-12-31,26.67,26.89,26.94,26.4,56859.92
2021-01-04,26.64,26.35,27.01,26.08,85846.33
2021-01-05,26.23,27.57,28.12,26.03,99670.23
2021-01-06,27.7,27.27,28.01,26.31,86563.06
2021-01-07,26.86,27.85,28.11,26.65,88370.49
2021-01-08,27.99,27.65,28.42,27.36,62015.41
2021-01-11,27.44,26.58,27.53,26.19,82922.82
2021-01-12,26.52,27.56,27.82,26.48,69608.62
2021-01-13,27.7,28.09,28.92,27.57,91825.8
2021-01-14,28.2,27.34,28.27,27.15,63068.28
2021-01-15,27.23,26.86,27.23,26.37,57109.83
2021-01-18,26.81,27.48,27.66,26.67,51427.04
2021-01-19,27.58,27.07,28.12,26.95,37706.63
2021-01-20,27.05,27.19,27.65,26.86,34557.8
2021-01-21,27.23,27.44,27.52,26.77,37674.96
2021-01-22,27.6,27.43,27.85,26.94,34603.9
2021-01-25,27.2,26.9,27.8,26.69,43450.25
2021-01-26,26.91,26.35,27.02,26.18,42640.51
2021-01-27,26.34,26.18,26.85,26.01,56264.75
2021-01-28,26.01,24.49,26.1,23.75,104884.78
2021-01-29,24.25,23.66,24.46,23.05,83990.5
2021-02-01,23.48,24.18,24.42,23.48,47199.77
2021-02-02,24.34,25.7,25.83,24.18,55915.27
2021-02-03,25.83,25.35,26.15,25.2,55452.4
2021-02-04,25.3,25.01,25.51,24.76,34494.91
2021-02-05,25.33,27.51,27.51,25.31,85105.4
2021-02-08,27.51,27.07,27.61,26.43,96842.49
2021-02-09,27.09,27.44,28.11,26.89,65587.15
2021-02-10,27.48,27.27,28.1,27.17,47050.47
2021-02-18,27.4,27.41,27.94,26.65,46299.03
2021-02-19,27.13,27.08,27.28,26.63,32783.72
2021-02-22,27.22,25.66,27.35,25.63,56362.65
2021-02-23,25.31,25.79,26.32,23.99,44397.49
2021-02-24,25.83,25.7,26.21,25.45,29636.68
2021-02-25,25.51,25.83,26.6,25.51,41731.98
2021-02-26,25.71,25.12,25.83,25.08,21630.76
2021-03-01,25.14,25.47,25.6,25.01,22261.45
2021-03-02,27.7,26.34,27.7,26.02,97627.87
2021-03-03,26.27,25.98,26.48,25.3,59982.65
2021-03-04,25.61,26.48,26.55,25.48,78781.5
2021-03-05,26.24,27.6,27.75,25.98,80782.05
2021-03-08,27.96,28.12,28.8,27.28,69952.83
2021-03-09,27.95,29.0,29.0,27.36,86250.25
2021-03-10,28.43,28.61,29.42,28.18,45250.36
2021-03-11,28.12,27.62,28.29,26.98,82763.92
2021-03-12,27.38,27.05,27.85,26.86,48950.6
2021-03-15,26.69,25.85,26.78,25.68,37584.65
2021-03-16,25.73,24.83,25.81,24.65,66865.33
2021-03-17,24.67,25.61,25.66,24.24,88208.38
2021-03-18,25.5,24.87,25.51,24.7,58620.36
2021-03-19,24.59,24.84,25.08,24.5,49458.53
2021-03-22,25.14,25.05,25.24,24.87,26345.36
2021-03-23,25.08,25.26,25.39,24.76,29499.74
2021-03-24,25.06,24.67,25.42,24.61,30491.89
2021-03-25,24.55,25.14,25.23,24.38,24029.7
2021-03-26,25.04,25.68,25.71,25.01,29580.12
2021-03-29,25.77,25.29,25.96,25.09,25663.45
2021-03-30,25.27,25.18,25.3,24.97,21999.63
2021-03-31,25.32,25.84,25.91,25.18,31409.38
2021-04-01,25.73,28.12,28.35,25.7,95270.03
2021-04-02,28.28,28.28,28.54,27.79,63299.48
2021-04-06,28.29,27.89,28.52,27.89,50962.79
2021-04-07,27.97,28.13,28.37,26.89,69292.58
2021-04-08,27.72,28.5,28.79,27.43,44740.75
2021-04-09,28.53,28.03,28.55,27.78,38928.99
2021-04-12,28.1,27.61,28.27,27.44,34136.28
2021-04-13,27.86,26.6,27.87,26.52,40170.5
2021-04-14,26.69,26.87,27.44,26.55,36623.54
2021-04-15,26.91,26.85,27.21,26.65,29807.31
2021-04-16,26.91,27.27,27.51,26.65,33472.27
2021-04-19,27.11,27.23,27.53,26.91,27265.8
2021-04-20,27.26,27.08,27.57,27.04,19617.93
2021-04-21,27.09,27.33,27.78,26.76,32294.5
2021-04-22,27.33,27.16,27.59,26.95,21335.4
2021-04-23,27.2,27.92,28.09,27.02,35965.09
2021-04-26,27.93,27.02,28.2,26.97,36862.72
2021-04-27,26.97,27.85,27.93,26.9,31706.43
2021-04-28,27.95,28.43,28.47,27.32,28959.17
2021-04-29,28.52,28.07,28.68,27.96,25929.69
2021-04-30,28.53,26.69,28.66,26.53,58860.48
2021-05-06,26.7,26.35,26.84,25.69,56226.06
2021-05-07,26.35,25.94,26.94,25.82,37816.21
2021-05-10,25.89,25.61,26.18,25.54,24273.38
2021-05-11,25.58,26.68,26.75,24.84,46015.05
2021-05-12,26.78,29.35,29.35,26.7,86599.25
2021-05-13,29.79,29.1,32.29,28.67,170602.25
2021-05-14,28.38,26.79,28.53,26.46,153934.64
2021-05-17,26.38,26.52,27.21,25.85,80367.44
2021-05-18,26.59,26.67,26.9,26.02,59323.35
2021-05-19,26.52,26.27,26.52,26.13,46406.64
2021-05-20,26.13,26.36,26.38,25.85,50368.55
2021-05-21,26.39,25.92,26.77,25.81,51271.48
2021-05-24,25.77,25.63,26.14,25.47,49264.56
2021-05-25,25.64,26.03,26.14,25.51,53296.7
2021-05-26,26.06,26.05,26.08,25.71,37768.27
2021-05-27,26.06,26.41,26.5,25.93,46255.08
2021-05-28,26.34,26.02,26.34,25.77,44046.94
2021-05-31,26.08,26.98,26.99,25.73,73165.82
2021-06-01,27.06,27.49,27.98,27.03,80870.84
2021-06-02,27.69,27.59,27.82,27.14,58507.16
2021-06-03,27.82,27.67,28.06,27.23,77676.08
2021-06-04,27.71,27.86,27.93,27.49,46815.84
2021-06-07,27.77,28.42,28.67,27.52,57188.01
2021-06-08,28.69,29.23,29.36,28.12,71295.61
2021-06-09,29.21,29.48,29.74,28.4,75859.2
2021-06-10,29.49,30.71,31.04,29.49,62649.41
2021-06-11,30.23,29.42,30.47,28.78,81513.66
2021-06-15,29.14,29.1,29.37,28.62,28358.42
2021-06-16,29.11,28.7,29.35,28.32,34550.0
2021-06-17,28.79,28.52,29.09,28.12,21914.47
2021-06-18,28.52,28.38,28.7,27.86,23054.6
2021-06-21,28.23,28.52,29.0,27.89,22268.53
2021-06-22,28.53,28.01,28.81,28.01,21648.13
2021-06-23,28.01,28.2,28.31,27.79,18834.95
2021-06-24,28.18,29.52,29.52,28.06,38668.85
2021-06-25,29.32,28.44,29.68,28.22,45931.7
2021-06-28,28.43,27.58,28.43,27.18,38372.95
2021-06-29,27.94,27.08,27.95,27.05,19631.38
2021-06-30,26.99,27.27,27.48,26.99,14762.02
2021-07-01,27.44,26.69,27.51,26.6,20023.89
2021-07-02,26.51,26.6,26.94,26.5,14895.03
2021-07-05,26.61,27.02,27.28,26.6,18707.89
2021-07-06,27.12,26.66,27.31,26.35,24099.31
2021-07-07,26.84,27.51,27.65,26.69,26042.77
2021-07-08,27.52,26.82,27.65,26.45,35376.05
2021-07-09,26.69,25.87,26.85,25.68,39222.23
2021-07-12,25.89,25.74,26.03,25.51,35964.65
2021-07-13,26.02,25.25,26.02,25.16,46543.92
2021-07-14,25.25,24.57,25.31,24.47,45465.43
2021-07-15,24.45,24.1,24.45,24.01,62204.91
2021-07-16,24.11,23.47,24.19,23.23,66221.59
2021-07-19,23.31,22.97,23.42,22.65,42263.99
2021-07-20,22.96,22.87,23.27,22.64,44012.01
2021-07-21,22.87,22.81,23.03,22.29,46625.16
2021-07-22,22.81,22.99,23.15,22.64,62441.99
2021-07-23,23.0,21.74,23.01,21.69,65196.11
2021-07-26,21.62,20.6,21.63,20.43,75544.2
2021-07-27,21.08,21.5,21.76,20.82,97419.18
2021-07-28,21.47,23.01,23.41,21.16,103163.43
2021-07-29,23.01,22.68,23.32,22.29,108612.61
2021-07-30,22.64,21.82,22.67,21.77,48270.65
2021-08-02,21.76,22.17,22.62,21.4,48100.41
2021-08-03,22.02,22.31,22.41,21.85,37863.97
2021-08-04,22.29,21.69,22.29,21.58,47798.48
2021-08-05,21.44,21.6,21.91,21.36,29929.02
2021-08-06,21.53,21.95,22.04,21.3,34260.85
2021-08-09,22.0,22.68,22.81,21.96,43954.2
2021-08-10,22.55,22.64,22.73,22.17,28645.56
2021-08-11,22.55,22.29,22.9,22.29,36615.08
2021-08-12,22.13,21.77,22.38,21.64,31014.07
2021-08-13,21.77,21.96,22.02,21.44,24319.14
2021-08-16,21.94,22.42,22.54,21.84,29872.17
2021-08-17,22.46,22.23,22.86,22.16,44388.54
2021-08-18,22.16,21.86,22.33,21.6,34425.69
2021-08-19,21.86,21.5,22.06,21.48,26373.61
2021-08-20,21.38,20.65,21.41,20.3,53737.77
2021-08-23,20.7,21.27,21.31,20.6,37273.93
2021-08-24,21.41,21.3,21.57,21.13,24346.82
2021-08-25,21.3,21.21,21.4,21.1,18843.11
2021-08-26,21.15,20.91,21.16,20.61,25045.32
2021-08-27,20.82,20.13,20.82,20.03,55277.0
2021-08-30,20.13,19.68,20.3,19.45,54190.42
2021-08-31,19.68,18.25,19.94,17.92,178868.41
2021-09-01,18.24,18.43,18.52,17.96,92087.27
2021-09-02,18.49,18.1,18.56,18.02,58012.61
2021-09-03,18.24,18.15,18.33,17.93,62479.03
2021-09-06,18.13,18.59,18.65,18.06,85516.73
2021-09-07,18.66,19.1,19.44,18.52,95779.3
2021-09-08,19.25,19.48,19.6,18.98,67035.88
2021-09-09,19.46,19.48,19.67,19.19,43667.47
2021-09-10,19.48,19.05,19.6,18.94,53290.72
2021-09-13,19.05,19.13,19.33,19.0,35183.16
2021-09-14,19.15,18.78,19.21,18.74,44277.72
2021-09-15,18.8,18.83,18.93,18.54,26737.72
2021-09-16,18.83,18.37,19.01,18.37,33683.23
2021-09-17,18.45,18.61,18.68,18.23,26574.05
2021-09-22,18.49,18.22,18.61,18.08,21812.68
2021-09-23,18.26,18.33,18.56,18.23,24901.78
2021-09-24,18.34,18.75,18.94,18.15,42168.6
2021-09-27,18.65,19.27,19.36,18.6,55834.21
2021-09-28,19.19,18.69,19.21,18.66,37907.85
2021-09-29,18.48,18.49,18.68,18.23,24831.2
2021-09-30,18.49,18.84,18.97,18.48,29074.74
2021-10-08,18.92,19.32,19.39,18.76,40327.32
2021-10-11,19.37,19.28,19.77,19.22,37012.49
2021-10-12,19.17,19.59,19.6,19.09,45633.35
2021-10-13,19.58,20.08,20.19,19.43,46413.41
2021-10-14,20.06,19.93,20.43,19.87,44554.77
2021-10-15,19.9,19.52,20.05,19.46,37868.76
2021-10-18,19.41,18.99,19.52,18.87,37018.98
2021-10-19,19.04,19.22,19.37,19.02,22933.92
2021-10-20,19.32,19.43,19.48,19.09,30463.97
2021-10-21,19.14,19.29,19.38,19.14,26518.0
2021-10-22,19.34,20.5,20.78,19.28,114868.98
2021-10-25,20.39,20.01,20.39,19.71,71877.07
2021-10-26,20.01,19.69,20.03,19.6,40733.44
2021-10-27,19.87,18.99,19.87,18.98,61542.07
2021-10-28,18.91,20.24,20.63,18.65,89879.82
2021-10-29,20.04,20.26,20.34,19.67,80383.87
2021-11-01,20.26,20.52,20.98,19.93,97608.79
2021-11-02,20.53,21.11,21.14,20.39,110130.12
2021-11-03,20.9,20.94,21.18,20.65,60579.49
2021-11-04,20.99,21.18,21.37,20.48,73235.52
2021-11-05,21.11,20.45,21.37,20.39,72934.88
2021-11-08,20.31,20.58,20.64,20.13,40879.52
2021-11-09,20.66,20.38,20.78,20.32,34007.79
2021-11-10,20.37,20.03,20.37,19.75,42421.57
2021-11-11,19.95,20.59,20.59,19.84,49428.17
2021-11-12,20.59,20.0,20.78,19.98,51557.68
2021-11-15,20.0,21.02,21.05,20.0,71970.01
2021-11-16,20.99,21.69,21.95,20.7,135394.74
2021-11-17,21.72,21.4,21.85,21.19,74023.51
2021-11-18,21.24,20.84,21.33,20.83,45284.01
2021-11-19,21.08,21.11,21.31,20.82,38801.62
2021-11-22,21.11,21.22,21.31,20.82,41533.99
2021-11-23,21.08,20.94,21.42,20.91,39150.03
2021-11-24,20.9,20.55,21.06,20.47,48053.7
2021-11-25,20.56,20.9,20.96,20.49,33740.05
2021-11-26,20.91,20.78,21.25,20.69,39013.04
2021-11-29,20.46,20.2,20.58,20.15,42372.64
2021-11-30,20.2,19.71,20.33,19.71,75425.33
2021-12-01,19.63,19.56,19.8,19.21,48225.9
2021-12-02,19.54,19.66,19.9,19.48,33142.34
2021-12-03,19.5,19.08,19.67,18.93,76132.6
2021-12-06,19.01,19.08,19.3,18.87,35551.44
2021-12-07,19.21,19.87,19.91,19.18,65900.96
2021-12-08,19.96,19.78,19.96,19.6,49100.59
2021-12-09,19.63,20.02,20.21,19.62,72638.16
2021-12-10,19.87,19.93,20.01,19.6,52545.87
2021-12-13,19.91,19.74,20.09,19.67,53709.33
2021-12-14,19.56,19.47,19.74,19.4,42324.51
2021-12-15,19.47,19.47,19.64,19.32,25844.01
2021-12-16,19.45,19.39,19.46,19.2,28061.07
2021-12-17,19.33,19.27,19.39,19.17,25995.67
2021-12-20,19.24,19.28,19.38,19.09,25864.31
2021-12-21,19.17,19.42,19.55,19.15,30891.91
2021-12-22,19.43,19.44,19.55,19.25,30316.61
2021-12-23,19.41,19.8,19.82,19.32,35664.64
2021-12-24,19.76,19.6,19.76,19.45,24037.35
2021-12-27,19.6,19.88,19.92,19.48,32974.76
2021-12-28,19.95,20.28,20.59,19.8,92032.92
2021-12-29,20.21,20.04,20.21,19.7,56422.06
2021-12-30,19.88,20.24,20.59,19.84,47616.85
2021-12-31,20.11,20.13,20.41,20.01,29670.77
2022-01-04,20.07,20.32,20.5,20.02,46492.19
2022-01-05,20.3,20.97,21.26,20.19,126146.32
2022-01-06,20.8,20.81,21.15,20.59,68281.08
2022-01-07,20.7,21.14,21.58,20.65,108303.07
2022-01-10,21.14,21.71,21.81,20.98,106719.07
2022-01-11,21.71,21.05,21.71,20.96,72296.6
2022-01-12,20.97,21.13,21.21,20.69,40652.65
2022-01-13,20.92,20.8,21.43,20.74,39323.71
2022-01-14,20.79,20.86,21.14,20.65,33294.64
2022-01-17,20.82,20.54,20.86,20.39,46517.47
2022-01-18,20.6,20.66,20.72,20.24,32898.92
2022-01-19,20.63,20.91,21.09,20.48,41812.4
2022-01-20,20.82,21.37,21.6,20.8,71578.0
2022-01-21,21.25,20.95,21.25,20.41,52906.32
2022-01-24,20.82,20.83,21.09,20.46,23544.64
2022-01-25,20.65,19.95,20.78,19.95,32343.73
2022-01-26,19.94,19.94,20.58,19.87,32899.21
2022-01-27,19.92,19.57,19.92,19.26,29304.85
2022-01-28,19.8,19.53,19.93,19.21,17395.37
2022-02-07,19.74,20.21,20.21,19.74,23100.93
2022-02-08,20.16,20.29,20.34,19.89,16144.01
2022-02-09,20.39,20.26,20.39,20.01,16336.79
2022-02-10,20.24,19.97,20.25,19.87,19531.11
2022-02-11,20.0,19.86,20.08,19.74,16607.76
2022-02-14,19.78,19.88,20.02,19.53,18579.49
2022-02-15,19.8,19.61,19.87,19.53,15376.88
2022-02-16,19.77,19.19,19.8,19.11,38510.44
2022-02-17,19.19,18.81,19.2,18.58,48933.71
2022-02-18,18.65,18.79,18.94,18.65,38595.55
2022-02-21,18.78,18.41,18.82,18.39,49363.99
2022-02-22,18.31,17.55,18.32,17.51,69790.8
2022-02-23,17.55,17.66,17.71,17.55,29441.35
2022-02-24,17.61,17.1,17.62,16.92,57158.95
2022-02-25,17.22,17.29,17.44,17.12,41278.52
2022-02-28,17.29,16.94,17.31,16.78,40944.62
2022-03-01,16.94,16.9,17.07,16.79,41338.0
2022-03-02,16.87,16.76,16.87,16.62,37171.99
2022-03-03,16.76,16.6,16.79,16.51,41135.95
2022-03-04,16.48,16.28,16.49,16.23,39832.23
2022-03-07,16.21,15.7,16.22,15.64,40211.53
2022-03-08,15.7,15.04,15.92,15.01,65971.07
2022-03-09,15.06,14.59,15.17,14.14,52861.2
2022-03-10,14.91,14.72,15.05,14.68,50785.77
2022-03-11,14.59,15.02,15.04,14.28,42732.64
2022-03-14,14.9,14.57,14.99,14.57,28457.76
2022-03-15,14.49,13.69,14.52,13.68,46049.33
2022-03-16,14.22,14.17,14.3,13.49,47520.21
2022-03-17,14.45,14.4,14.79,14.29,62827.49
2022-03-18,14.34,14.49,14.53,14.25,28894.73
2022-03-21,14.44,14.34,14.61,14.19,41804.4
2022-03-22,14.41,14.61,14.69,14.2,39135.28
2022-03-23,14.61,14.63,14.85,14.46,56439.65
2022-03-24,14.6,14.44,14.6,14.27,30640.0
2022-03-25,14.63,14.45,15.16,14.43,71303.07
2022-03-28,14.53,14.4,14.53,13.86,56025.51
2022-03-29,14.38,14.2,14.43,14.17,36127.04
2022-03-30,14.24,14.53,14.55,14.08,48577.45
2022-03-31,14.5,14.17,14.6,14.16,56904.16
2022-04-01,14.1,14.24,14.36,13.9,43138.0
2022-04-06,14.31,14.37,14.38,14.1,39512.79
2022-04-07,14.4,14.4,15.05,14.4,85693.0
2022-04-08,14.5,14.14,14.63,14.04,59057.87
2022-04-11,14.05,13.55,14.13,13.44,61160.15
2022-04-12,13.52,14.03,14.07,13.38,55226.74
2022-04-13,13.88,13.78,14.11,13.6,55283.48
2022-04-14,13.88,14.3,14.44,13.86,59347.08
2022-04-15,14.29,14.25,14.43,14.1,49189.01
2022-04-18,14.19,13.92,14.19,13.88,38781.99
2022-04-19,13.97,13.69,13.97,13.65,43088.63
2022-04-20,13.78,13.73,14.06,13.69,66964.92
2022-04-21,13.71,13.31,14.04,13.19,82709.92
2022-04-22,13.21,13.23,13.38,12.69,63438.22
2022-04-25,12.97,12.61,13.19,12.58,67569.03
2022-04-26,12.91,12.36,12.93,12.32,73769.72
2022-04-27,12.06,12.27,12.27,11.56,93848.93
2022-04-28,12.06,11.92,12.15,11.72,46979.11
2022-04-29,12.14,13.11,13.11,12.14,136800.42
2022-05-05,13.26,13.49,13.65,12.93,138672.45
2022-05-06,13.29,13.81,13.91,13.18,96569.36
2022-05-09,13.98,14.27,14.27,13.64,113475.47
2022-05-10,13.98,13.83,13.99,13.61,124750.86
2022-05-11,13.77,13.69,14.15,13.68,104508.71
2022-05-12,13.82,14.09,14.25,13.48,98463.75
2022-05-13,14.09,13.96,14.25,13.85,59391.95
2022-05-16,14.01,13.92,14.18,13.74,49036.98
2022-05-17,13.91,13.96,13.97,13.58,45761.03
2022-05-18,13.94,13.86,13.95,13.68,45093.32
2022-05-19,13.67,13.78,13.81,13.51,47351.13
2022-05-20,13.85,14.62,14.72,13.79,119725.8
2022-05-23,14.78,14.53,14.82,14.32,73005.07
2022-05-24,14.5,13.75,14.66,13.73,82709.13
2022-05-25,13.72,13.91,13.95,13.61,49628.82
2022-05-26,13.85,14.57,14.69,13.64,100181.03
2022-05-27,14.7,14.44,14.96,14.32,106581.62
2022-05-30,14.45,14.69,14.76,14.23,92663.0
2022-05-31,14.55,15.31,15.31,14.45,144110.87
2022-06-01,15.38,15.49,16.11,15.08,180160.97
2022-06-02,15.39,15.29,15.58,15.08,102128.86
2022-06-06,15.34,15.66,15.66,15.02,116476.39
2022-06-07,15.61,15.45,15.64,15.2,87066.58
2022-06-08,15.45,15.09,15.46,14.93,78621.54
2022-06-09,15.06,14.98,15.08,14.79,60474.3
2022-06-10,14.87,15.08,15.17,14.81,59150.97
2022-06-13,14.82,15.33,15.37,14.64,82802.05
2022-06-14,15.01,15.7,15.77,14.92,124939.84
2022-06-15,15.72,15.81,16.2,15.43,137258.0
2022-06-16,15.97,16.01,16.52,15.89,110411.71
2022-06-17,15.97,17.02,17.51,15.76,164096.83
2022-06-20,17.05,17.75,18.29,16.69,193561.02
2022-06-21,17.58,17.26,17.9,17.04,118059.05
2022-06-22,17.16,16.58,17.25,16.51,98558.19
2022-06-23,16.52,17.64,17.64,16.3,117498.68
2022-06-24,17.57,17.64,18.37,17.42,126998.72
2022-06-27,17.53,17.07,17.55,16.99,109289.26
2022-06-28,17.0,17.22,17.31,16.96,67063.93
2022-06-29,17.1,16.77,17.42,16.7,69682.16
2022-06-30,16.76,16.96,17.23,16.73,70242.03
2022-07-01,16.96,17.68,17.78,16.86,105250.0
2022-07-04,17.77,17.62,18.19,17.41,79521.39
2022-07-05,17.71,17.27,17.81,17.1,73207.51
2022-07-06,17.27,17.22,17.41,16.93,42016.32
2022-07-07,17.1,16.76,17.14,16.7,62268.28
2022-07-08,16.76,16.78,17.01,16.68,42855.21
2022-07-11,16.72,17.64,17.64,16.43,111564.4
2022-07-12,17.48,17.44,17.89,17.26,94486.54
2022-07-13,17.44,17.03,17.62,16.87,57344.44
2022-07-14,17.46,16.44,17.6,16.26,107241.49
2022-07-15,16.13,16.85,17.35,15.99,100666.81
2022-07-18,16.73,16.74,16.98,16.3,61816.88
2022-07-19,16.69,16.43,16.73,16.31,41253.14
2022-07-20,16.44,16.29,16.55,16.18,43180.88
2022-07-21,16.29,16.29,16.47,16.21,33267.0
2022-07-22,16.27,15.94,16.36,15.72,52860.95
2022-07-25,15.92,15.92,16.2,15.75,32212.0
2022-07-26,15.96,16.22,16.29,15.85,41920.5
2022-07-27,16.17,16.4,16.52,15.9,45439.83
2022-07-28,16.48,16.61,16.93,16.34,61986.39
2022-07-29,16.58,16.23,16.65,16.22,44503.2
2022-08-01,16.23,16.05,16.47,15.99,36393.15
2022-08-02,15.77,15.34,15.78,14.95,61138.32
2022-08-03,15.17,15.04,15.58,15.04,34952.57
2022-08-04,15.1,15.07,15.18,14.78,44731.89
2022-08-05,15.02,15.08,15.14,14.87,81539.46
2022-08-08,15.01,14.61,15.01,14.39,92681.77
2022-08-09,14.6,14.69,14.73,14.47,46020.32
2022-08-10,14.67,14.38,14.69,14.34,41803.0
2022-08-11,14.6,14.88,14.95,14.42,61134.52
2022-08-12,15.06,14.99,15.22,14.83,49649.24
2022-08-15,14.93,14.96,14.97,14.61,50815.72
2022-08-16,14.93,14.9,15.04,14.81,38490.19
2022-08-17,14.81,15.16,15.21,14.73,70925.58
2022-08-18,15.15,14.88,15.15,14.81,39101.19
2022-08-19,14.84,14.69,15.06,14.69,31590.07
2022-08-22,14.65,14.7,14.79,14.42,35463.94
2022-08-23,14.74,14.5,14.74,14.37,49946.5
2022-08-24,14.47,14.02,14.5,14.01,49290.85
2022-08-25,14.02,14.27,14.28,13.87,30566.42
2022-08-26,14.23,14.36,14.61,14.19,33354.0
2022-08-29,14.13,14.57,14.59,14.05,31300.56
2022-08-30,14.54,14.42,14.68,14.32,34273.94
2022-08-31,14.43,14.5,14.61,14.17,48139.04
2022-09-01,14.44,14.72,14.88,14.27,69894.73
2022-09-02,14.73,14.34,14.79,14.23,58670.75
2022-09-05,14.27,13.94,14.31,13.87,62590.91
2022-09-06,13.96,14.04,14.1,13.76,60821.69
2022-09-07,13.99,14.23,14.34,13.9,63652.86
2022-09-08,14.23,14.04,14.36,14.01,39101.0
2022-09-09,14.04,14.47,14.58,13.97,105607.43
2022-09-13,14.58,14.47,14.73,14.39,69729.38
2022-09-14,14.06,14.11,14.31,13.97,61807.0
2022-09-15,14.16,13.93,14.36,13.87,81962.0
2022-09-16,13.94,13.3,14.01,13.26,83552.65
2022-09-19,13.3,13.44,13.47,13.06,40251.41
2022-09-20,13.42,13.45,13.6,13.35,28919.0
2022-09-21,13.4,13.43,13.5,13.2,28697.24
2022-09-22,13.37,13.21,13.47,13.19,27761.66
2022-09-23,13.13,13.22,13.35,12.78,47832.14
2022-09-26,13.13,13.07,13.44,13.02,30725.66
2022-09-27,13.15,13.61,13.66,13.03,50427.94
2022-09-28,13.66,13.69,13.91,13.45,62437.16
2022-09-29,13.78,13.99,14.42,13.67,98035.52
2022-09-30,13.94,13.64,14.11,13.62,48078.37
2022-10-10,13.56,13.32,13.71,13.24,34803.64
2022-10-11,13.32,13.42,13.46,13.07,37904.22
2022-10-12,13.35,14.09,14.09,13.14,58716.17
2022-10-13,14.04,14.06,14.23,13.93,52576.42
2022-10-14,14.07,14.22,14.5,14.07,65344.07
2022-10-17,14.17,14.29,14.38,14.1,38363.31
2022-10-18,14.3,14.23,14.4,14.15,34555.06
2022-10-19,14.14,14.13,14.32,13.97,41548.53
2022-10-20,14.06,14.09,14.25,14.0,31616.82
2022-10-21,14.11,13.92,14.14,13.86,26729.2
2022-10-24,13.95,13.89,14.19,13.69,41900.1
2022-10-25,13.85,14.2,14.23,13.7,46970.64
2022-10-26,14.25,14.22,14.46,14.15,44740.13
2022-10-27,14.22,14.03,14.29,14.03,28645.46
2022-10-28,13.88,13.39,14.18,13.3,55721.08
2022-10-31,13.35,13.43,13.53,13.13,29988.19
2022-11-01,13.43,14.03,14.03,13.39,42947.5
2022-11-02,14.04,14.0,14.12,13.9,31620.73
2022-11-03,13.88,13.95,13.99,13.77,22022.74
2022-11-04,13.94,14.28,14.29,13.89,46209.65
2022-11-07,14.16,14.33,14.38,14.16,33033.03
2022-11-08,14.31,14.24,14.35,14.09,26231.93
2022-11-09,14.24,14.14,14.32,14.1,27458.81
2022-11-10,14.18,14.39,14.45,14.09,43112.19
2022-11-11,14.58,14.45,14.74,14.39,69496.86
2022-11-14,14.65,14.88,15.04,14.64,105150.98
2022-11-15,14.87,14.89,14.96,14.76,47688.99
2022-11-16,14.87,14.89,15.03,14.81,35637.62
2022-11-17,14.84,14.78,14.98,14.64,46499.9
2022-11-18,14.86,14.57,14.86,14.56,40000.92
2022-11-21,14.56,14.54,14.56,14.36,25508.43
2022-11-22,14.52,14.44,14.6,14.38,23083.52
2022-11-23,14.5,14.33,14.5,14.26,21652.4
2022-11-24,14.31,14.41,14.47,14.26,17148.39
2022-11-25,14.4,14.68,14.69,14.32,33039.68
2022-11-28,14.52,14.67,14.73,14.41,28587.88
2022-11-29,14.8,14.85,14.92,14.6,40114.9
2022-11-30,14.86,14.73,14.92,14.68,26922.08
2022-12-01,14.82,15.01,15.18,14.81,46405.84
2022-12-02,14.95,15.07,15.11,14.88,33674.2
2022-12-05,15.12,15.25,15.33,15.08,45403.9
2022-12-06,15.18,15.15,15.44,15.11,46836.29
2022-12-07,15.17,15.23,15.3,15.09,33818.9
2022-12-08,15.1,15.29,15.37,15.1,28038.72
2022-12-09,15.29,15.54,15.67,15.26,54222.69
2022-12-12,15.58,15.44,15.67,15.41,29276.55
2022-12-13,15.44,15.49,15.59,15.16,33667.9
2022-12-14,15.49,15.94,16.08,15.49,81766.65
2022-12-15,16.11,15.7,16.26,15.7,43992.78
2022-12-16,15.56,15.81,15.81,15.5,31808.34
2022-12-19,15.77,15.34,15.88,15.26,38776.88
2022-12-20,15.33,15.4,15.56,15.17,35847.07
2022-12-21,15.4,15.64,15.69,15.32,39533.12
2022-12-22,15.51,16.12,16.38,15.51,83126.63
2022-12-23,16.01,16.21,16.31,15.91,52208.13
2022-12-26,16.04,15.72,16.21,15.63,56184.8
2022-12-27,15.75,16.19,16.58,15.49,90326.7
2022-12-28,16.07,15.89,16.11,15.76,42850.1
2022-12-29,15.86,15.54,15.86,15.43,56823.53
2022-12-30,15.64,15.71,15.75,15.4,42271.59
2023-01-03,15.57,15.89,16.17,15.44,53979.01
2023-01-04,15.77,16.14,16.3,15.68,60986.24
2023-01-05,16.06,16.54,16.56,15.99,81588.54
2023-01-06,16.52,16.31,16.63,16.27,54674.48
2023-01-09,16.37,16.68,16.69,16.21,55712.02
2023-01-10,16.72,17.43,17.64,16.54,126963.27
2023-01-11,17.45,18.55,18.88,17.44,221473.11
2023-01-12,18.57,18.41,18.85,18.07,136795.74
2023-01-13,18.19,18.43,18.57,17.96,74378.88
2023-01-16,18.4,18.54,19.0,18.27,102707.43
2023-01-17,18.64,18.3,18.67,17.95,69525.45
2023-01-18,18.55,18.24,18.61,18.13,41253.52
2023-01-19,18.24,18.06,18.35,17.96,33384.67
2023-01-20,18.14,17.97,18.26,17.79,37414.97
2023-01-30,18.27,17.81,18.45,17.79,50539.02
2023-01-31,17.74,17.72,17.97,17.49,46091.85
2023-02-01,17.72,17.87,17.96,17.56,47155.5
2023-02-02,17.88,17.66,18.0,17.58,30321.55
2023-02-03,17.59,17.86,17.95,17.5,50104.62
2023-02-06,17.84,17.32,17.84,17.21,61980.82
2023-02-07,17.56,17.37,17.77,17.25,37338.79
2023-02-08,17.38,17.32,17.49,17.19,30287.0
2023-02-09,17.31,18.1,18.16,17.26,86976.8
2023-02-10,17.99,17.68,18.17,17.58,49253.3
2023-02-13,17.74,18.43,18.83,17.72,90273.55
2023-02-14,18.44,18.55,18.85,18.36,65461.24
2023-02-15,18.66,18.78,18.84,18.51,58606.66
2023-02-16,18.78,18.26,18.83,18.1,50053.03
2023-02-17,18.18,18.16,18.54,18.12,34986.0
2023-02-20,18.26,19.12,19.34,18.02,70350.98
2023-02-21,19.0,19.1,19.18,18.8,44912.57
2023-02-22,19.01,18.9,19.06,18.77,30097.94
2023-02-23,18.9,18.7,19.21,18.59,36507.55
2023-02-24,18.82,18.47,18.82,18.31,52448.78
2023-02-27,18.47,18.76,18.81,17.83,69228.98
2023-02-28,18.64,18.69,18.81,18.26,43677.81
2023-03-01,18.59,18.59,18.83,18.4,31879.4
2023-03-02,18.61,18.82,19.01,18.47,33553.32
2023-03-03,18.83,18.77,18.89,18.57,22720.0
2023-03-06,18.77,18.32,18.77,18.27,45026.0
2023-03-07,18.33,17.59,18.36,17.59,81262.18
2023-03-08,17.54,17.43,17.85,17.4,40852.4
2023-03-09,17.59,17.43,17.66,17.32,31718.04
2023-03-10,17.31,16.93,17.49,16.91,41818.68
2023-03-13,16.99,17.38,17.44,16.93,34823.51
2023-03-14,17.36,16.94,17.37,16.93,27807.54
2023-03-15,17.07,16.99,17.35,16.96,22688.14
2023-03-16,16.89,16.81,17.16,16.81,19454.18
2023-03-17,16.9,16.76,17.24,16.76,25688.37
2023-03-20,16.78,16.69,17.1,16.41,81957.44
2023-03-21,16.88,17.11,17.31,16.81,47230.38
2023-03-22,17.11,16.97,17.29,16.86,30865.01
2023-03-23,16.96,16.76,17.11,16.66,43311.92
2023-03-24,16.77,16.32,16.79,16.32,59455.16
2023-03-27,16.33,16.53,16.67,16.31,51832.01
2023-03-28,16.53,16.49,16.64,16.36,31249.18
2023-03-29,16.53,16.67,16.84,16.51,30003.01
2023-03-30,16.69,17.51,17.71,16.54,72103.85
2023-03-31,17.58,17.09,17.59,17.02,69092.73
2023-04-03,16.78,15.83,17.07,15.67,178194.33
2023-04-04,15.72,15.08,15.72,15.02,148753.03
2023-04-06,14.98,15.06,15.28,14.97,72747.01
2023-04-07,15.06,15.36,15.59,15.04,80130.26
2023-04-10,15.36,15.3,15.36,15.13,48011.81
2023-04-11,15.3,15.54,15.81,15.29,78035.61
2023-04-12,15.52,15.6,15.84,15.43,48150.7
2023-04-13,15.49,15.47,15.63,15.35,34433.75
2023-04-14,15.43,15.23,15.55,15.22,36274.55
2023-04-17,15.23,15.54,15.77,15.22,52747.02
2023-04-18,15.64,16.31,16.69,15.49,123236.66
2023-04-19,16.23,15.85,16.23,15.83,60599.08
2023-04-20,15.88,15.95,16.07,15.71,49308.04
2023-04-21,15.94,15.52,16.16,15.52,43148.56
2023-04-24,15.45,15.17,15.49,15.07,46927.26
2023-04-25,15.29,15.15,15.34,14.84,44578.58
2023-04-26,14.54,14.79,15.0,13.87,79684.94
2023-04-27,14.88,15.51,15.7,14.74,67908.65
2023-04-28,15.49,15.52,15.72,15.34,36644.46
2023-05-04,15.52,15.58,15.66,15.29,37529.93
2023-05-05,15.49,15.18,15.55,14.97,39154.3
2023-05-08,15.18,14.98,15.26,14.78,44780.26
2023-05-09,15.0,14.93,15.21,14.68,43857.46
2023-05-10,14.84,15.0,15.05,14.63,24791.3
2023-05-11,15.0,14.84,15.13,14.81,20240.0
2023-05-12,14.69,14.78,15.32,14.69,31231.61
2023-05-15,14.82,14.93,14.97,14.62,18613.38
2023-05-16,14.99,14.77,14.99,14.7,18245.95
2023-05-17,14.76,14.58,14.8,14.52,19434.15
2023-05-18,14.58,14.62,14.73,14.47,18368.0
2023-05-19,14.63,15.05,15.2,14.54,41251.03
2023-05-22,15.02,15.18,15.29,14.88,28375.1
2023-05-23,15.19,15.01,15.26,15.0,16565.57
2023-05-24,14.98,14.8,14.99,14.71,19077.21
2023-05-25,14.75,14.7,14.78,14.49,22603.46
2023-05-26,14.72,14.95,14.97,14.59,17227.9
2023-05-29,14.91,14.52,15.08,14.5,37436.01
2023-05-30,14.64,14.3,14.77,13.97,49800.89
2023-05-31,14.25,13.97,14.3,13.94,43050.22
2023-06-01,13.91,13.83,14.06,13.71,44720.21
2023-06-02,13.84,14.38,14.44,13.84,59291.14
2023-06-05,14.33,14.54,14.57,14.21,48625.89
2023-06-06,14.55,14.49,14.92,14.42,43417.55
2023-06-07,14.61,14.34,14.64,14.23,32307.46
2023-06-08,14.35,14.43,14.53,14.15,35471.07
2023-06-09,14.59,14.05,14.63,14.05,71153.92
2023-06-12,14.05,14.12,14.35,13.86,84086.39
2023-06-13,14.08,13.82,14.09,13.61,82306.92
2023-06-14,13.8,14.0,14.05,13.71,45651.14
2023-06-15,13.96,14.28,14.41,13.91,47040.48
2023-06-16,14.31,14.23,14.42,14.12,33884.28
2023-06-19,14.3,14.13,14.3,14.1,26080.09
2023-06-20,14.08,14.3,14.39,14.04,38855.07
2023-06-21,14.3,14.06,14.31,14.04,29384.14
2023-06-26,13.99,13.91,14.13,13.85,28968.38
2023-06-27,14.03,14.34,14.38,13.91,39030.72
2023-06-28,14.38,14.27,14.4,14.15,24572.31
2023-06-29,14.24,14.55,14.67,14.21,43027.82
2023-06-30,14.49,14.54,14.67,14.42,31877.49
2023-07-03,14.44,14.68,14.79,14.38,39136.15
2023-07-04,14.68,14.7,14.86,14.54,33780.89
2023-07-05,14.66,14.51,14.69,14.46,22573.32
2023-07-06,14.46,14.39,14.62,14.38,22856.32
2023-07-07,14.42,14.44,14.52,14.31,26605.14
2023-07-10,14.52,14.24,14.53,14.21,28145.04
2023-07-11,14.22,14.4,14.43,14.2,19784.36
2023-07-12,14.45,14.28,14.59,14.24,31156.33
2023-07-13,14.26,14.48,14.49,14.26,29629.63
2023-07-14,14.48,14.2,14.52,14.19,41069.59
2023-07-17,14.2,14.03,14.23,13.86,39766.5
2023-07-18,14.03,14.22,14.28,13.9,32137.0
2023-07-19,14.22,14.4,14.42,14.19,31509.66
2023-07-20,14.4,14.37,14.62,14.35,44272.25
2023-07-21,14.32,14.46,14.54,14.16,34090.49
2023-07-24,14.48,14.13,14.49,14.1,34842.08
2023-07-25,14.3,14.69,14.72,14.27,75545.02
2023-07-26,14.64,14.73,14.77,14.59,38575.01
2023-07-27,14.73,14.62,14.84,14.56,32557.72
2023-07-28,14.61,15.05,15.08,14.55,62821.53
2023-07-31,15.17,15.46,15.65,15.11,83720.28
2023-08-01,15.63,15.24,15.63,15.19,43386.6
2023-08-02,15.17,15.21,15.32,15.0,38293.44
2023-08-03,15.2,15.15,15.26,14.98,35499.61
2023-08-04,15.27,14.99,15.39,14.98,33639.2
2023-08-07,14.98,14.94,15.01,14.85,24031.22
2023-08-08,14.96,14.87,15.0,14.79,19439.42
2023-08-09,14.84,14.93,15.12,14.84,34150.93
2023-08-10,14.96,14.92,15.0,14.75,21579.0
2023-08-11,14.93,14.57,14.94,14.57,28323.26
2023-08-14,14.4,14.59,14.62,14.21,40170.54
2023-08-15,14.57,14.47,14.67,14.31,22549.0
2023-08-16,14.42,14.46,14.64,14.37,19676.0
2023-08-17,14.47,14.64,14.67,14.28,24503.95
2023-08-18,14.59,14.2,14.65,14.2,28886.0
2023-08-21,14.15,13.96,14.28,13.96,25723.27
2023-08-22,13.98,13.91,14.1,13.77,26816.28
2023-08-23,13.95,13.49,13.95,13.49,36710.0
2023-08-24,13.5,13.64,13.84,13.5,27351.18
2023-08-25,13.56,13.42,13.76,13.38,31503.32
2023-08-28,14.08,13.53,14.17,13.52,36344.28
2023-08-29,13.49,13.72,13.78,13.47,28529.0
2023-08-30,13.7,13.59,13.8,13.54,42576.33
2023-08-31,13.55,13.52,13.7,13.45,24867.84
2023-09-01,13.59,13.79,13.84,13.53,39378.36
2023-09-04,13.93,14.25,14.26,13.85,51218.1
2023-09-05,14.18,14.16,14.32,14.1,26336.0
2023-09-06,14.21,14.06,14.21,13.99,19984.85
2023-09-07,14.03,13.85,14.09,13.81,20517.0
2023-09-08,13.83,13.88,13.91,13.76,18664.85
2023-09-11,13.94,13.98,14.05,13.82,23461.09
2023-09-12,14.01,14.15,14.4,13.83,35469.98
2023-09-13,14.04,13.9,14.13,13.81,25035.0
2023-09-14,13.97,13.82,13.97,13.75,20794.0
2023-09-15,13.82,13.83,13.91,13.7,20257.38
2023-09-18,13.67,14.06,14.09,13.58,27913.49
2023-09-19,13.96,14.06,14.08,13.85,21693.72
2023-09-20,13.97,14.0,14.08,13.93,22326.0
2023-09-21,13.93,13.92,14.03,13.88,25304.48
2023-09-22,13.92,14.03,14.04,13.85,19989.0
2023-09-25,14.02,13.94,14.1,13.93,18046.58
2023-09-26,13.88,13.83,13.95,13.82,12975.0
2023-09-27,13.83,13.88,14.04,13.79,23489.01
2023-09-28,13.89,13.84,13.97,13.78,14881.0
2023-10-09,13.79,13.73,13.86,13.68,35286.02
2023-10-10,13.74,13.11,13.91,12.94,89429.45
2023-10-11,13.15,12.94,13.15,12.92,57433.63
2023-10-12,12.95,13.04,13.14,12.95,36696.42
2023-10-13,13.01,12.98,13.04,12.94,18666.0
2023-10-16,12.99,12.84,13.08,12.77,30589.57
2023-10-17,12.83,12.92,12.92,12.77,16471.2
2023-10-18,12.87,12.74,12.91,12.74,17318.2
2023-10-19,12.7,12.71,12.81,12.68,18897.42
2023-10-20,12.7,12.58,12.75,12.56,18703.24
2023-10-23,12.55,12.38,12.58,12.28,23915.0
2023-10-24,12.41,12.51,12.53,12.24,20725.7
2023-10-25,12.56,12.64,12.72,12.54,17911.0
2023-10-26,12.62,12.72,12.72,12.55,14750.3
2023-10-27,12.71,12.99,13.05,12.64,40688.25
2023-10-30,12.94,12.92,13.05,12.86,27626.78
2023-10-31,12.94,12.99,13.02,12.86,24371.44
2023-11-01,12.98,12.97,12.99,12.81,26762.51
2023-11-02,12.96,12.8,12.99,12.78,20053.65
2023-11-03,12.8,12.92,12.99,12.79,16737.98
2023-11-06,13.0,13.05,13.07,12.86,24615.28
2023-11-07,13.02,12.91,13.02,12.78,33436.07
2023-11-08,12.89,12.9,12.92,12.78,18628.14
2023-11-09,12.87,12.85,12.97,12.82,20165.4
2023-11-10,12.82,12.77,12.89,12.68,18539.0
2023-11-13,12.77,12.83,12.84,12.64,24271.0
2023-11-14,12.86,12.93,12.94,12.8,20611.0
2023-11-15,12.99,13.11,13.2,12.95,33043.9
2023-11-16,13.08,13.41,13.77,13.01,108462.69
2023-11-17,13.38,13.48,13.51,13.25,40996.0
2023-11-20,13.49,13.56,13.64,13.42,27036.0
2023-11-21,13.56,13.52,13.67,13.49,31852.42
2023-11-22,13.49,13.3,13.49,13.3,27986.0
2023-11-23,13.28,13.51,13.51,13.27,18672.0
2023-11-24,13.49,13.36,13.6,13.32,17434.0
2023-11-27,13.31,13.14,13.36,12.99,46499.0
2023-11-28,13.13,13.25,13.27,12.99,42956.43
2023-11-29,13.17,13.17,13.26,13.07,28126.11
2023-11-30,13.18,13.14,13.25,13.01,24349.0
2023-12-01,13.15,13.05,13.16,12.97,34245.02
2023-12-04,13.05,13.06,13.13,12.98,20644.33
2023-12-05,13.01,13.0,13.18,12.99,24798.82
2023-12-06,12.97,13.13,13.26,12.96,29034.84
2023-12-07,13.13,12.91,13.14,12.84,29331.0
2023-12-08,12.94,12.77,12.99,12.77,28337.62
2023-12-11,12.74,12.92,12.92,12.44,32763.01
2023-12-12,12.89,12.9,12.94,12.71,21220.96
2023-12-13,12.89,12.64,12.89,12.63,23481.0
2023-12-14,12.66,12.64,12.79,12.64,24162.33
2023-12-15,12.67,12.61,12.81,12.57,22740.65
2023-12-18,12.64,12.56,12.75,12.47,25200.45
2023-12-19,12.56,12.6,12.68,12.47,19479.29
2023-12-20,12.6,12.31,12.63,12.31,22054.0
2023-12-21,12.31,12.56,12.58,12.26,21109.8
2023-12-22,12.57,12.59,12.68,12.46,26323.28
2023-12-25,12.6,12.3,12.63,12.28,27145.0
2023-12-26,12.28,12.0,12.32,11.95,28505.0
2023-12-27,12.02,12.16,12.2,11.82,19036.18
2023-12-28,12.16,12.3,12.35,12.08,28481.33
2023-12-29,12.32,12.36,12.47,12.31,24741.25
2024-01-02,12.37,12.27,12.42,12.25,18671.0
2024-01-03,12.26,12.17,12.33,12.11,28023.24
2024-01-04,12.16,12.0,12.2,11.85,36179.24
2024-01-05,11.99,11.95,12.15,11.9,31185.85
2024-01-08,11.88,11.61,11.9,11.61,35733.0
2024-01-09,11.62,11.62,11.82,11.56,51880.0
2024-01-10,11.62,11.72,11.77,11.45,34936.37
2024-01-11,11.71,11.77,11.88,11.62,40463.23
2024-01-12,11.78,11.82,12.0,11.73,29100.43
2024-01-15,11.7,11.85,11.92,11.67,23064.02
2024-01-16,11.89,11.87,11.99,11.76,25432.0
2024-01-17,11.88,11.58,11.94,11.57,35987.75
2024-01-18,11.54,11.38,11.61,11.03,53295.99
2024-01-19,11.35,11.31,11.49,11.23,28615.98
2024-01-22,11.28,10.68,11.29,10.63,43867.55
2024-01-23,10.69,10.79,10.83,10.5,34188.23
2024-01-24,10.79,10.92,11.04,10.57,35715.45
2024-01-25,10.95,11.17,11.17,10.86,40008.0
2024-01-26,11.16,11.09,11.28,11.05,25995.0
2024-01-29,11.11,10.94,11.23,10.92,27713.06
2024-01-30,10.86,10.63,10.94,10.6,29475.87
2024-01-31,10.58,10.26,10.8,10.25,38704.87
2024-02-01,10.2,10.13,10.36,9.99,43661.72
2024-02-02,10.14,9.92,10.44,9.71,68197.73
2024-02-05,9.9,9.5,9.97,9.26,65171.06
2024-02-06,9.44,10.2,10.37,9.36,61522.05
2024-02-07,10.25,10.85,10.92,10.23,66731.0
2024-02-08,10.9,11.07,11.36,10.86,69676.36
2024-02-19,11.16,11.21,11.46,11.14,71298.66
2024-02-20,11.21,11.15,11.23,10.97,25724.1
2024-02-21,11.04,11.19,11.5,11.0,38309.67
2024-02-22,11.25,11.12,11.26,11.04,29768.35
2024-02-23,11.13,11.05,11.14,10.85,49736.19
2024-02-26,11.45,11.35,11.62,11.06,94785.28
2024-02-27,11.17,11.4,11.41,11.09,65492.0
2024-02-28,11.34,10.96,11.55,10.95,78528.85
2024-02-29,10.89,11.2,11.21,10.86,51701.0
2024-03-01,11.2,11.21,11.31,11.11,47401.62
2024-03-04,11.24,11.3,11.36,11.14,43929.37
2024-03-05,11.23,11.2,11.23,11.06,30127.26
2024-03-06,11.12,11.07,11.21,10.96,34354.37
2024-03-07,11.07,10.97,11.21,10.94,35426.04
2024-03-08,10.94,10.93,11.01,10.81,32727.47
2024-03-11,10.9,11.03,11.04,10.84,32267.67
2024-03-12,11.06,11.28,11.36,11.0,54615.01
2024-03-13,11.27,11.26,11.32,11.17,37612.01
2024-03-14,11.3,11.32,11.42,11.15,41840.0
2024-03-15,11.24,11.33,11.34,11.19,30087.71
2024-03-18,11.38,11.41,11.41,11.26,41696.0
2024-03-19,11.41,11.29,11.42,11.29,37977.0
2024-03-20,11.32,11.22,11.32,11.18,42850.06
2024-03-21,11.23,11.06,11.27,10.98,54089.26
2024-03-22,11.07,10.92,11.07,10.86,36593.33
2024-03-25,10.87,10.69,11.01,10.68,52640.9
2024-03-26,10.6,10.72,10.77,10.56,41696.67
2024-03-27,10.74,10.61,10.88,10.6,38182.0
2024-03-28,10.57,10.67,10.84,10.52,42520.63
2024-03-29,10.41,10.15,10.47,10.03,128105.2
2024-04-01,10.12,10.49,10.49,10.09,101273.11
2024-04-02,10.48,10.24,10.49,10.17,73076.49
2024-04-03,10.19,10.22,10.37,10.17,48772.63
2024-04-08,10.2,10.01,10.21,10.0,51180.81
2024-04-09,10.0,10.19,10.22,9.98,38886.5
2024-04-10,10.18,10.01,10.19,9.91,44310.64
2024-04-11,9.96,10.0,10.1,9.91,28985.0
2024-04-12,10.07,10.32,10.44,10.07,108251.72
2024-04-15,10.14,10.17,10.4,10.02,98199.88
2024-04-16,10.14,10.5,10.69,9.94,139118.6
2024-04-17,10.53,10.99,10.99,10.29,176856.46
2024-04-18,10.85,11.97,12.09,10.78,382331.49
2024-04-19,11.56,11.47,11.68,11.4,253409.54
2024-04-22,11.43,11.26,11.66,11.14,151435.2
2024-04-23,11.14,11.25,11.35,11.07,93000.0
2024-04-24,11.27,11.21,11.31,10.98,94324.92
2024-04-25,11.05,11.19,11.28,11.04,75230.11
2024-04-26,11.12,11.25,11.25,11.0,108406.99
2024-04-29,11.27,11.43,11.43,11.12,109002.39
2024-04-30,11.37,11.28,11.59,11.28,120196.1
2024-05-06,11.43,11.86,11.93,11.38,171781.46
2024-05-07,11.74,11.81,11.83,11.64,119936.84
2024-05-08,11.77,11.53,11.8,11.5,81962.98
2024-05-09,11.51,11.61,11.7,11.5,62814.98
2024-05-10,11.66,11.72,11.85,11.54,102686.55
2024-05-13,11.58,12.19,12.34,11.43,209892.52
2024-05-14,12.17,12.35,12.5,12.03,176393.21
2024-05-15,12.28,12.61,12.76,12.22,196479.9
2024-05-16,12.63,12.4,12.64,12.31,130858.72
2024-05-17,12.29,12.3,12.42,12.04,130937.81
2024-05-20,12.27,12.18,12.29,12.09,87855.1
2024-05-21,12.14,12.24,12.28,11.99,77787.86
2024-05-22,12.14,11.98,12.21,11.95,74572.84
2024-05-23,11.99,11.86,12.05,11.73,67161.84
2024-05-24,11.78,11.64,11.87,11.6,71070.5
2024-05-27,11.59,12.03,12.04,11.59,88815.92
2024-05-28,11.93,11.64,11.99,11.6,71370.42
2024-05-29,11.55,11.54,11.64,11.43,54277.0
2024-05-30,11.44,11.56,11.62,11.37,45916.0
2024-05-31,11.56,11.49,11.62,11.41,35365.17
2024-06-03,11.53,11.49,11.59,11.3,47203.48
2024-06-04,11.6,11.67,11.73,11.3,59327.41
2024-06-05,11.55,11.37,11.67,11.37,40931.3
2024-06-06,11.43,11.13,11.43,11.08,57585.8
2024-06-07,11.23,11.08,11.23,10.95,48767.0
2024-06-11,11.11,11.19,11.23,10.83,40149.0
2024-06-12,11.11,11.35,11.42,11.11,37018.35
2024-06-13,11.39,11.29,11.47,11.23,29095.01
2024-06-14,11.42,11.4,11.48,11.16,38457.0
2024-06-17,11.25,11.29,11.45,11.23,29572.0
2024-06-18,11.23,11.25,11.33,11.23,30677.27
2024-06-19,11.22,10.87,11.24,10.87,54977.45
2024-06-20,10.83,10.63,10.92,10.63,49297.16
2024-06-21,10.62,10.71,10.77,10.56,30564.01
2024-06-24,10.62,10.45,10.62,10.35,37402.5
2024-06-25,10.5,10.61,10.66,10.45,32403.16
2024-06-26,10.46,10.81,10.86,10.46,31075.0
2024-06-27,10.84,10.44,10.86,10.44,32559.0
2024-06-28,10.46,10.32,10.57,10.29,36479.0
2024-07-01,10.33,10.52,10.55,10.3,26782.37
2024-07-02,10.47,10.28,10.54,10.21,40219.44
2024-07-03,10.25,10.24,10.33,10.22,19541.0
2024-07-04,10.26,10.08,10.28,9.85,41219.0
2024-07-05,10.03,9.99,10.07,9.84,39138.5
2024-07-08,10.02,9.79,10.02,9.75,27551.0
2024-07-09,9.77,9.93,9.95,9.69,33983.47
2024-07-10,9.94,10.25,10.28,9.87,62090.85
2024-07-11,10.22,10.3,10.36,10.05,73057.65
2024-07-12,10.3,10.37,10.45,10.16,42226.37
2024-07-15,10.37,10.32,10.46,10.25,27565.0
2024-07-16,10.23,10.17,10.3,10.14,25035.66
2024-07-17,10.15,10.33,10.35,10.11,33957.51
2024-07-18,10.26,10.38,10.38,10.13,31409.62
2024-07-19,10.35,10.3,10.37,10.17,24835.58
2024-07-22,10.35,10.25,10.37,10.22,19262.0
2024-07-23,10.29,9.94,10.29,9.93,23556.42
2024-07-24,9.92,9.74,10.03,9.72,26645.01
2024-07-25,9.7,9.89,9.94,9.6,22888.01
2024-07-26,9.95,10.25,10.31,9.94,44548.02
2024-07-29,10.26,10.0,10.27,9.97,29091.68
2024-07-30,10.0,10.06,10.1,9.94,18761.89
2024-07-31,10.0,10.55,10.55,9.99,49418.55
2024-08-01,10.5,10.42,10.59,10.39,29505.01
2024-08-02,10.42,10.35,10.56,10.33,28255.01
2024-08-05,10.39,10.24,10.58,10.24,40173.01
2024-08-06,10.29,10.38,10.42,10.24,24079.45
2024-08-07,10.34,10.26,10.42,10.23,19986.8
2024-08-08,10.25,10.39,10.42,10.16,24944.58
2024-08-09,10.46,10.34,10.55,10.32,25364.0
2024-08-12,10.33,10.35,10.43,10.25,15997.25
2024-08-13,10.35,10.29,10.36,10.16,20992.0
2024-08-14,10.28,10.1,10.41,10.1,17432.0
2024-08-15,10.1,10.1,10.29,10.05,27672.21
2024-08-16,10.07,9.94,10.15,9.93,27494.0
2024-08-19,9.88,10.05,10.09,9.87,24355.0
2024-08-20,10.03,9.88,10.08,9.86,21372.0
2024-08-21,9.88,9.9,9.94,9.85,14541.0
2024-08-22,9.85,9.82,9.95,9.8,21573.99
2024-08-23,9.75,10.03,10.05,9.75,33648.24
2024-08-26,10.05,10.09,10.1,9.66,33453.0
2024-08-27,10.0,10.0,10.08,9.94,20935.76
2024-08-28,10.01,9.89,10.02,9.85,24200.86
2024-08-29,9.9,9.86,9.96,9.83,25534.5
2024-08-30,9.6,9.58,9.76,9.11,121277.61
2024-09-02,9.49,9.27,9.53,9.27,61406.2
2024-09-03,9.26,9.34,9.42,9.22,40310.09
2024-09-04,9.3,9.31,9.44,9.29,30962.59
2024-09-05,9.31,9.35,9.38,9.29,17619.0
2024-09-06,9.37,9.16,9.39,9.14,25824.74
2024-09-09,9.1,8.94,9.16,8.92,36637.0
2024-09-10,8.95,8.89,9.01,8.72,37832.01
2024-09-11,8.89,8.86,8.97,8.82,29301.0
2024-09-12,8.86,8.76,8.99,8.76,26132.0
2024-09-13,8.76,8.65,8.81,8.65,29752.0
2024-09-18,8.65,8.81,8.85,8.55,31501.0
2024-09-19,8.84,9.06,9.13,8.82,43677.0
2024-09-20,9.04,8.99,9.06,8.92,26114.31
2024-09-23,8.94,9.1,9.11,8.94,26738.5
2024-09-24,9.1,9.34,9.35,9.0,55010.3
2024-09-25,9.4,9.39,9.6,9.37,55903.17
2024-09-26,9.37,9.95,9.96,9.34,69208.14
2024-09-27,10.08,10.27,10.44,10.0,94952.81
2024-09-30,10.71,11.29,11.29,10.56,160983.1
2024-10-08,12.41,11.8,12.43,11.32,203498.81
2024-10-09,11.72,10.65,11.72,10.64,130606.2
2024-10-10,10.79,10.83,11.13,10.68,84219.3
2024-10-11,10.81,10.45,10.95,10.31,70280.01
2024-10-14,10.43,10.63,10.8,10.2,70802.25
2024-10-15,10.63,10.32,10.63,10.27,50856.58
2024-10-16,10.16,10.27,10.43,10.16,35869.0
2024-10-17,10.34,10.12,10.45,10.12,41931.0
2024-10-18,10.12,10.38,10.57,10.11,65829.34
2024-10-21,10.46,10.27,10.5,10.15,80145.42
2024-10-22,10.27,10.51,10.54,10.21,75012.63
2024-10-23,10.55,10.5,10.6,10.44,60024.58
2024-10-24,10.49,10.42,10.57,10.37,36059.18
2024-10-25,10.44,10.68,10.7,10.39,61921.5
2024-10-28,10.63,10.92,10.92,10.59,63620.72
2024-10-29,10.88,10.68,11.11,10.66,71705.0
2024-10-30,10.63,10.58,10.78,10.47,54438.0
2024-10-31,10.37,9.94,10.41,9.75,202597.16
2024-11-01,9.89,9.85,9.94,9.77,104285.1
2024-11-04,9.93,10.83,10.83,9.84,295764.34
2024-11-05,10.83,11.19,11.45,10.65,351171.71
2024-11-06,11.03,11.09,11.39,10.9,247784.97
2024-11-07,11.03,11.38,11.48,10.85,211586.5
2024-11-08,11.72,11.43,11.72,11.22,233457.23
2024-11-11,11.3,11.38,11.4,11.21,131852.78
2024-11-12,11.42,11.2,11.63,11.04,161061.01
2024-11-13,11.11,11.13,11.24,10.89,76431.0
2024-11-14,11.28,10.97,11.52,10.93,109579.51
2024-11-15,10.93,10.97,11.5,10.85,136726.26
2024-11-18,11.0,10.59,11.14,10.53,116933.39
2024-11-19,10.58,10.77,10.88,10.57,79547.83
2024-11-20,10.72,10.95,11.12,10.67,103595.71
2024-11-21,10.99,11.04,11.27,10.92,113039.54
2024-11-22,11.04,10.61,11.21,10.6,102220.0
2024-11-25,10.63,10.67,10.79,10.47,61415.3
2024-11-26,10.62,10.6,10.73,10.52,57675.0
2024-11-27,10.55,10.85,10.85,10.38,74407.54
2024-11-28,10.85,10.74,10.95,10.68,60430.0
2024-11-29,10.73,10.95,10.99,10.68,85962.52
2024-12-02,10.98,11.06,11.1,10.86,89061.75
2024-12-03,11.06,11.02,11.15,10.87,65672.0
2024-12-04,10.97,10.89,11.15,10.78,64673.91
2024-12-05,10.81,10.83,10.94,10.73,61217.08
2024-12-06,10.85,10.83,10.9,10.74,78019.43
2024-12-09,10.83,10.73,10.93,10.66,75469.69
2024-12-10,11.04,11.13,11.42,11.04,202100.05
2024-12-11,11.04,11.43,11.6,11.04,191789.71
2024-12-12,11.48,11.66,11.77,11.33,169062.66
2024-12-13,11.57,11.32,11.62,11.3,112931.32
2024-12-16,11.33,11.22,11.44,11.13,71716.33
2024-12-17,11.22,10.98,11.24,10.93,75955.47
2024-12-18,11.01,10.94,11.12,10.92,57330.43
2024-12-19,10.84,10.79,10.91,10.71,69614.9
2024-12-20,10.79,11.07,11.45,10.77,153143.34
2024-12-23,11.1,10.81,11.16,10.75,94437.0
2024-12-24,10.74,10.98,11.03,10.74,68606.71
2024-12-25,10.98,10.76,10.99,10.64,63364.8
2024-12-26,10.75,10.7,10.84,10.69,49085.02
2024-12-27,10.68,10.56,10.73,10.5,84366.0
2024-12-30,10.56,10.49,10.67,10.46,60213.0
2024-12-31,10.5,10.2,10.54,10.16,66579.0
2025-01-02,10.08,9.86,10.24,9.77,113705.0
2025-01-03,9.93,9.7,10.03,9.67,92695.87
2025-01-06,9.68,9.76,9.84,9.5,68020.54
2025-01-07,9.77,9.71,9.84,9.62,59006.99
2025-01-08,9.74,9.79,10.01,9.42,107253.18
2025-01-09,9.76,9.69,9.78,9.62,56292.72
2025-01-10,9.79,9.38,9.79,9.37,56967.62
2025-01-13,9.35,9.28,9.36,9.21,44214.0
2025-01-14,9.33,9.59,9.59,9.31,59516.0
2025-01-15,9.57,9.5,9.6,9.45,38938.0
2025-01-16,9.58,9.74,9.96,9.56,104176.0
2025-01-17,9.71,9.64,9.73,9.56,54530.0
2025-01-20,9.76,9.7,9.79,9.65,59588.37
2025-01-21,9.73,9.6,9.76,9.51,47716.43
2025-01-22,9.56,9.5,9.59,9.43,34843.01
2025-01-23,9.6,9.53,9.66,9.49,48827.71
2025-01-24,9.49,9.64,9.67,9.43,49543.19
2025-01-27,9.66,9.65,9.77,9.62,38050.02
2025-02-05,9.75,9.61,9.75,9.58,35418.0
2025-02-06,9.61,9.72,9.73,9.56,41457.72
2025-02-07,9.71,9.81,9.9,9.68,67108.49
2025-02-10,9.81,9.9,9.91,9.8,50337.43
2025-02-11,9.95,9.88,9.98,9.8,42698.05
2025-02-12,9.85,9.89,9.89,9.75,48216.86
2025-02-13,9.86,9.87,9.96,9.85,57531.04
2025-02-14,9.87,9.9,9.92,9.81,44406.0
2025-02-17,9.88,9.91,9.93,9.8,54325.5
2025-02-18,9.91,9.67,9.93,9.61,63073.58
2025-02-19,9.68,9.75,9.76,9.63,54945.9
2025-02-20,9.76,9.91,9.95,9.72,74375.66
2025-02-21,9.94,9.9,9.94,9.8,57375.27
2025-02-24,9.93,9.94,10.01,9.85,61578.01
2025-02-25,9.88,9.81,10.0,9.8,65635.0
2025-02-26,9.82,10.14,10.27,9.8,143605.32
2025-02-27,10.1,10.16,10.22,10.0,100119.64
2025-02-28,10.07,9.87,10.13,9.85,74870.4
2025-03-03,9.93,9.85,9.99,9.81,55592.64
2025-03-04,9.84,9.89,9.92,9.81,44046.37
2025-03-05,9.87,9.75,9.9,9.69,55170.81
2025-03-06,9.76,9.85,9.88,9.72,50800.91
2025-03-07,9.83,9.72,9.85,9.69,71504.35
2025-03-10,9.72,9.93,10.01,9.71,92056.1
2025-03-11,9.82,10.03,10.04,9.81,63813.33
2025-03-12,10.09,9.96,10.12,9.95,56978.12
2025-03-13,9.97,9.94,9.99,9.84,50339.89
2025-03-14,9.96,10.13,10.13,9.9,80450.6
2025-03-17,10.19,10.26,10.33,10.19,88357.0
2025-03-18,10.26,10.23,10.31,10.12,53283.94
2025-03-19,10.24,10.26,10.3,10.2,51081.1
2025-03-20,10.22,10.11,10.29,10.07,49332.2
2025-03-21,10.06,10.22,10.67,10.05,164828.94
2025-03-24,10.28,10.19,10.47,10.03,103211.13
2025-03-25,10.14,10.08,10.2,10.0,57003.01
2025-03-26,10.06,10.09,10.13,10.03,47761.96
2025-03-27,10.05,10.12,10.17,9.99,52200.0
2025-03-28,10.09,10.22,10.29,10.04,68002.96
2025-03-31,10.11,9.92,10.32,9.82,86304.31
2025-04-01,9.93,9.91,10.03,9.84,60266.01
2025-04-02,9.88,9.97,10.02,9.8,48738.95
2025-04-03,9.86,9.77,9.94,9.73,64532.0
2025-04-07,9.4,8.79,9.4,8.79,101252.89
2025-04-08,8.76,8.9,8.92,8.56,106214.98
2025-04-09,8.72,9.01,9.04,8.57,76100.99
2025-04-10,9.1,9.05,9.21,9.03,74875.99
2025-04-11,8.96,8.99,9.06,8.93,38106.49
2025-04-14,9.07,9.16,9.24,9.03,54637.0
2025-04-15,9.08,9.11,9.19,9.02,38885.24
2025-04-16,9.08,9.03,9.09,8.87,43103.47
2025-04-17,8.97,9.1,9.15,8.94,38363.44
2025-04-18,9.15,9.3,9.49,9.09,99865.43
2025-04-21,9.1,9.14,9.17,8.98,71573.92
2025-04-22,9.14,9.15,9.2,9.09,42459.02
2025-04-23,9.21,9.16,9.26,9.13,36763.0
2025-04-24,9.15,9.09,9.21,9.05,36049.0
2025-04-25,9.09,9.19,9.23,9.08,34611.48
2025-04-28,9.13,9.04,9.22,9.01,31999.01
2025-04-29,9.03,9.14,9.17,9.02,29812.01
2025-04-30,9.2,9.35,9.4,9.18,63296.47
2025-05-06,9.45,9.42,9.49,9.37,39773.0
2025-05-07,9.55,9.43,9.57,9.39,33860.37
2025-05-08,9.43,9.51,9.53,9.4,34908.88
2025-05-09,9.52,9.5,9.53,9.43,28246.0
2025-05-12,9.55,9.54,9.62,9.52,42496.5
2025-05-13,9.65,9.72,9.73,9.56,61602.28
2025-05-14,9.69,9.62,9.7,9.53,36201.15
2025-05-15,9.71,9.65,9.72,9.6,29117.0
2025-05-16,9.63,9.61,9.66,9.57,28318.41
2025-05-19,9.61,9.68,9.69,9.58,26283.02
2025-05-20,9.66,9.81,9.83,9.65,35683.0
2025-05-21,9.82,9.86,9.99,9.8,37054.0
2025-05-22,9.84,9.75,9.99,9.74,32713.0
2025-05-23,9.76,9.59,9.83,9.59,33662.1
2025-05-26,9.58,9.59,9.67,9.52,24679.0
2025-05-27,9.59,9.62,9.65,9.5,23094.0
2025-05-28,9.62,9.67,9.69,9.56,21456.13
2025-05-29,9.65,9.65,9.73,9.62,31234.66
2025-05-30,9.64,9.56,9.68,9.55,25193.67
2025-06-03,9.52,9.6,9.64,9.49,23858.6
2025-06-04,9.66,9.54,9.68,9.52,43861.66
2025-06-05,9.54,9.52,9.58,9.49,28238.49
2025-06-06,9.55,9.59,9.66,9.49,40302.43
2025-06-09,9.62,9.69,9.7,9.59,26929.13
2025-06-10,9.68,9.53,9.74,9.47,42293.0
2025-06-11,9.51,9.59,9.66,9.5,28243.57
2025-06-12,9.57,9.49,9.58,9.45,38582.4
2025-06-13,9.41,9.25,9.48,9.25,52264.4
2025-06-16,9.25,9.33,9.37,9.25,27870.0
2025-06-17,9.34,9.38,9.39,9.3,19669.69
2025-06-18,9.35,9.28,9.37,9.27,22674.16
2025-06-19,9.28,9.2,9.32,9.17,27719.54
2025-06-20,9.21,9.2,9.31,9.19,26643.67
2025-06-23,9.15,9.25,9.26,9.1,22141.0
2025-06-24,9.28,9.43,9.45,9.25,31243.72
2025-06-25,9.45,9.55,9.55,9.4,35029.99
2025-06-26,9.55,9.46,9.56,9.46,27002.27
2025-06-27,9.47,9.46,9.55,9.44,26170.59
2025-06-30,9.4,9.5,9.52,9.4,28336.99
2025-07-01,9.5,9.5,9.55,9.45,25383.0
2025-07-02,9.5,9.54,9.54,9.47,28239.26
2025-07-03,9.54,9.55,9.58,9.48,37363.99
2025-07-04,9.54,9.48,9.55,9.47,33670.14
2025-07-07,9.48,9.54,9.56,9.47,35385.99
2025-07-08,9.56,9.62,9.62,9.52,37672.99
2025-07-09,9.64,9.64,9.73,9.58,52915.4
2025-07-10,9.63,9.68,9.7,9.59,28529.24
2025-07-11,9.7,9.69,9.73,9.64,35438.89
2025-07-14,9.76,9.84,9.89,9.73,56011.12
2025-07-15,9.81,9.76,9.92,9.71,48140.38
2025-07-16,9.76,9.82,9.82,9.75,31265.79
2025-07-17,9.82,9.82,9.85,9.72,33465.0
2025-07-18,9.82,9.85,9.9,9.77,33470.25
2025-07-21,9.85,9.95,9.97,9.84,38840.31
2025-07-22,9.98,10.03,10.07,9.93,48741.86
2025-07-23,10.0,10.04,10.14,9.99,55599.35
2025-07-24,10.07,10.25,10.39,10.05,117983.03
2025-07-25,10.17,10.18,10.27,10.0,81715.32
2025-07-28,10.47,10.29,10.47,10.23,95053.47
2025-07-29,10.25,10.25,10.38,10.16,60951.93
2025-07-30,10.25,10.26,10.29,10.18,45139.6
2025-07-31,10.26,10.07,10.29,10.03,63381.13
2025-08-01,10.05,10.18,10.2,10.05,54990.0
2025-08-04,10.23,10.15,10.23,10.05,45439.0
2025-08-05,10.15,10.22,10.23,10.12,37920.0
2025-08-06,10.23,10.15,10.29,10.13,36730.0
2025-08-07,10.15,10.09,10.18,10.07,42408.23
2025-08-08,10.1,10.15,10.17,10.03,38353.93
2025-08-11,10.15,10.15,10.22,10.11,48185.31
2025-08-12,10.17,10.14,10.2,10.13,28958.01
2025-08-13,10.14,10.1,10.18,10.06,49916.0
2025-08-14,10.11,10.02,10.14,9.99,54514.8
2025-08-15,9.98,10.09,10.1,9.97,50997.66
2025-08-18,10.13,10.18,10.22,10.11,69594.99
2025-08-19,10.18,10.23,10.26,10.15,55244.23
2025-08-20,10.27,10.33,10.34,10.18,61957.33
2025-08-21,10.36,10.39,10.41,10.24,73297.06
2025-08-22,10.39,10.31,10.41,10.23,59094.54
2025-08-25,10.33,10.3,10.37,10.23,79108.17
2025-08-26,10.3,10.42,10.47,10.25,58905.37
2025-08-27,10.42,10.18,10.49,10.18,64298.4
2025-08-28,10.18,10.21,10.3,9.95,68677.73
2025-08-29,10.19,10.09,10.24,10.06,66118.84
2025-09-01,9.96,9.71,9.96,9.68,172581.37
2025-09-02,9.72,9.64,9.75,9.51,103812.52
2025-09-03,9.63,9.52,9.67,9.51,56579.14
2025-09-04,9.56,9.6,9.63,9.5,57435.77
