date,open,close,high,low,volume
2022-01-27,21.45,21.17,23.84,19.79,1216471.8
2022-01-28,18.53,17.85,19.8,17.74,681867.46
2022-02-07,18.34,18.13,19.18,17.95,439950.64
2022-02-08,17.75,18.38,18.91,17.28,425461.52
2022-02-09,18.2,18.76,18.85,17.97,428126.75
2022-02-10,18.78,17.88,19.16,17.82,423467.79
2022-02-11,17.57,19.15,19.71,17.43,578729.87
2022-02-14,18.65,18.33,19.01,18.24,344883.16
2022-02-15,18.39,18.45,18.92,18.28,284719.98
2022-02-16,18.59,19.23,19.8,18.57,485902.12
2022-02-17,18.97,20.6,23.02,18.95,767437.97
2022-02-18,20.02,20.06,20.4,19.62,450783.99
2022-02-21,20.02,19.87,20.44,19.69,352810.18
2022-02-22,19.51,18.79,19.51,18.57,389769.49
2022-02-23,18.68,19.03,19.35,18.68,285815.92
2022-02-24,18.78,17.95,18.98,17.57,388164.24
2022-02-25,18.24,18.06,18.44,17.98,205743.91
2022-02-28,17.87,18.51,18.51,17.64,231748.62
2022-03-01,18.62,18.6,18.72,18.24,204583.19
2022-03-02,18.42,18.57,18.83,18.35,170254.55
2022-03-03,18.68,19.08,19.76,18.64,365314.08
2022-03-04,18.83,18.4,19.02,18.29,237120.9
2022-03-07,18.41,18.18,18.62,18.06,172757.99
2022-03-08,18.09,17.74,18.27,17.42,193814.29
2022-03-09,17.86,17.28,17.91,16.41,210408.23
2022-03-10,17.58,17.33,17.74,17.28,160491.98
2022-03-11,17.08,17.15,17.3,16.59,173773.01
2022-03-14,16.85,16.55,17.04,16.53,138597.19
2022-03-15,16.45,15.37,16.46,15.32,169599.96
2022-03-16,15.61,15.88,15.96,15.32,147938.52
2022-03-17,16.05,15.93,16.42,15.88,178090.96
2022-03-18,15.9,16.2,16.37,15.77,124579.96
2022-03-21,16.17,16.28,16.54,16.1,128458.74
2022-03-22,16.22,16.05,16.41,16.01,110393.75
2022-03-23,16.03,16.09,16.2,15.83,94784.89
2022-03-24,15.97,15.87,16.04,15.73,89687.47
2022-03-25,15.89,15.9,16.34,15.86,117588.42
2022-03-28,15.83,15.54,15.84,15.4,95990.05
2022-03-29,15.66,16.08,16.27,15.28,161822.86
2022-03-30,16.08,16.26,16.46,15.91,134959.67
2022-03-31,16.04,15.85,16.25,15.7,115300.95
2022-04-01,15.71,15.66,15.85,15.66,76167.54
2022-04-06,15.61,15.75,15.8,15.42,63810.4
2022-04-07,15.64,15.37,15.65,15.33,80719.08
2022-04-08,15.37,15.15,15.52,14.87,91117.45
2022-04-11,14.93,14.1,15.05,13.98,125701.92
2022-04-12,14.05,14.37,14.39,13.87,71526.6
2022-04-13,14.23,14.33,14.71,14.02,99606.59
2022-04-14,14.44,14.51,14.73,14.41,78392.6
2022-04-15,14.34,14.13,14.38,13.93,78319.94
2022-04-18,14.02,14.47,14.47,13.8,72369.26
2022-04-19,14.38,14.56,14.71,14.36,70909.89
2022-04-20,14.81,14.19,14.88,14.13,92616.49
2022-04-21,14.01,13.6,14.3,13.54,86791.22
2022-04-22,13.46,13.78,13.95,13.4,85509.75
2022-04-25,13.54,12.33,13.54,12.2,118887.42
2022-04-26,12.37,11.67,12.45,11.61,112143.7
2022-04-27,11.4,12.36,12.38,11.3,121162.76
2022-04-28,12.11,11.94,12.32,11.78,85026.56
2022-04-29,12.2,12.48,12.58,12.1,98840.78
2022-05-05,12.49,12.61,12.84,12.44,74988.88
2022-05-06,12.26,12.45,12.6,12.1,61182.98
2022-05-09,12.43,12.68,12.94,12.39,58250.69
2022-05-10,12.51,12.9,12.98,12.41,77997.28
2022-05-11,12.96,13.05,13.52,12.85,132792.9
2022-05-12,12.98,13.3,13.44,12.96,100655.96
2022-05-13,13.34,13.27,13.4,13.06,61952.79
2022-05-16,13.27,13.29,13.43,13.2,61308.06
2022-05-17,13.29,13.34,13.38,13.1,60815.04
2022-05-18,13.35,13.38,13.62,13.25,64140.75
2022-05-19,13.1,13.35,13.4,13.06,58210.17
2022-05-20,13.44,13.64,14.0,13.37,117967.91
2022-05-23,13.77,14.13,14.18,13.62,115619.6
2022-05-24,14.09,13.18,14.24,13.18,137337.93
2022-05-25,13.18,13.39,13.42,13.17,55705.0
2022-05-26,13.93,13.56,13.98,13.46,85490.48
2022-05-27,13.59,13.44,13.8,13.31,62986.39
2022-05-30,13.54,13.61,13.68,13.32,56943.0
2022-05-31,13.64,13.81,13.85,13.53,79949.37
2022-06-01,13.7,13.71,13.91,13.63,70826.98
2022-06-02,13.72,14.08,14.22,13.65,117683.72
2022-06-06,14.05,14.4,14.55,14.04,117490.35
2022-06-07,14.44,14.19,14.45,14.11,83536.32
2022-06-08,14.33,14.03,14.33,13.77,84635.01
2022-06-09,14.08,13.83,14.08,13.67,65248.75
2022-06-10,13.69,14.8,15.07,13.69,185467.92
2022-06-13,14.8,14.88,15.07,14.65,158464.25
2022-06-14,14.69,14.75,14.88,14.4,113582.34
2022-06-15,14.79,14.47,15.02,14.45,103197.46
2022-06-16,14.5,14.51,14.65,14.31,63062.8
2022-06-17,14.35,14.89,15.01,14.28,130940.25
2022-06-20,14.91,14.81,15.06,14.72,111901.76
2022-06-21,14.79,14.49,14.79,14.3,92380.53
2022-06-22,14.48,14.17,14.57,14.12,70269.59
2022-06-23,14.21,14.7,14.84,14.16,107807.8
2022-06-24,14.84,15.29,15.38,14.78,203748.45
2022-06-27,15.3,15.16,15.36,15.05,125020.16
2022-06-28,15.1,15.59,15.66,15.1,147381.05
2022-06-29,15.45,14.96,15.47,14.92,133365.36
2022-06-30,15.0,15.0,15.22,14.84,83315.43
2022-07-01,15.07,14.92,15.12,14.85,58607.12
2022-07-04,14.93,14.92,14.97,14.64,64718.62
2022-07-05,14.94,14.68,15.09,14.46,84192.73
2022-07-06,14.67,14.35,14.74,14.21,71866.17
2022-07-07,14.49,14.92,15.14,14.4,121556.84
2022-07-08,14.91,14.56,15.05,14.54,78493.75
2022-07-11,14.45,14.08,14.49,13.92,80909.17
2022-07-12,14.05,13.66,14.14,13.66,62757.27
2022-07-13,13.67,13.75,13.83,13.62,38278.37
2022-07-14,13.66,14.39,14.67,13.66,120452.19
2022-07-15,14.3,14.53,14.85,14.3,109130.48
2022-07-18,14.52,14.99,15.14,14.52,114502.46
2022-07-19,15.06,15.02,15.33,14.9,116627.05
2022-07-20,15.05,15.07,15.17,14.85,77277.81
2022-07-21,15.07,14.93,15.38,14.92,80371.47
2022-07-22,14.92,14.76,15.11,14.62,68499.52
2022-07-25,14.69,14.62,15.19,14.58,60474.89
2022-07-26,14.63,14.49,14.69,14.3,45422.35
2022-07-27,14.14,14.49,14.53,13.76,139657.68
2022-07-28,14.59,14.93,15.07,14.57,118862.15
2022-07-29,14.93,14.68,15.01,14.65,84859.92
2022-08-01,14.88,15.29,15.58,14.84,197863.67
2022-08-02,15.05,14.54,15.12,14.35,171830.79
2022-08-03,14.79,14.95,15.52,14.78,214146.5
2022-08-04,15.09,15.86,16.26,15.09,323287.12
2022-08-05,15.68,15.82,15.95,15.52,210495.44
2022-08-08,15.67,15.73,15.85,15.44,142457.9
2022-08-09,15.99,16.4,16.61,15.66,320288.76
2022-08-10,16.19,16.14,16.26,15.93,171067.4
2022-08-11,16.14,15.99,16.14,15.88,146486.88
2022-08-12,16.2,15.7,16.45,15.7,158555.83
2022-08-15,15.48,15.62,15.83,15.41,122195.65
2022-08-16,15.58,15.78,16.15,15.53,116269.6
2022-08-17,15.78,15.63,15.84,15.43,89141.47
2022-08-18,15.62,16.03,16.07,15.44,135048.44
2022-08-19,16.06,15.57,16.29,15.55,148201.52
2022-08-22,15.48,15.46,15.52,15.17,79037.86
2022-08-23,15.38,15.59,15.62,15.13,110867.7
2022-08-24,15.53,14.94,15.59,14.94,92146.3
2022-08-25,15.03,14.68,15.03,14.59,67115.35
2022-08-26,14.72,14.6,14.91,14.55,50021.57
2022-08-29,14.4,14.63,14.71,14.31,36989.96
2022-08-30,14.72,14.49,14.72,14.41,37785.35
2022-08-31,14.52,14.19,14.52,13.98,59309.93
2022-09-01,14.06,14.09,14.27,14.0,29055.65
2022-09-02,14.19,14.18,14.26,14.07,26811.05
2022-09-05,14.18,14.0,14.18,13.83,34616.38
2022-09-06,14.08,14.23,14.27,14.0,29903.56
2022-09-07,14.19,14.41,14.44,14.14,43542.64
2022-09-08,14.41,14.33,14.66,14.33,39574.94
2022-09-09,14.46,14.43,14.5,14.25,22922.0
2022-09-13,14.44,14.33,14.58,14.3,24970.1
2022-09-14,13.98,14.0,14.16,13.92,30965.31
2022-09-15,14.03,13.44,14.1,13.3,57345.47
2022-09-16,13.44,12.95,13.49,12.95,37909.53
2022-09-19,12.95,12.74,13.11,12.67,32013.51
2022-09-20,13.11,13.1,13.21,12.91,31553.34
2022-09-21,13.04,13.16,13.19,12.84,26495.08
2022-09-22,13.08,13.08,13.31,13.02,23935.6
2022-09-23,13.16,12.72,13.16,12.67,31987.15
2022-09-26,12.62,12.37,12.73,12.33,27354.34
2022-09-27,12.37,12.59,12.59,12.33,30195.16
2022-09-28,12.57,12.12,12.59,12.12,32972.31
2022-09-29,12.28,12.03,12.28,11.93,26056.41
2022-09-30,12.09,11.91,12.12,11.89,22110.23
2022-10-10,11.96,11.81,12.04,11.73,26420.22
2022-10-11,11.9,12.04,12.05,11.8,29633.95
2022-10-12,12.05,12.42,12.45,11.94,36571.36
2022-10-13,12.28,12.43,12.54,12.24,34137.71
2022-10-14,12.48,13.03,13.36,12.48,68124.16
2022-10-17,12.82,13.05,13.14,12.79,44550.34
2022-10-18,13.08,13.03,13.19,12.98,28213.07
2022-10-19,13.07,12.94,13.17,12.94,32396.88
2022-10-20,12.92,12.91,13.12,12.72,42439.6
2022-10-21,13.0,12.83,13.0,12.8,22321.95
2022-10-24,12.88,12.83,13.22,12.74,40788.37
2022-10-25,12.85,12.81,12.9,12.55,33327.66
2022-10-26,12.94,13.12,13.16,12.8,40577.12
2022-10-27,12.82,12.66,12.88,12.63,69615.43
2022-10-28,12.68,11.89,12.68,11.83,55730.54
2022-10-31,11.93,12.03,12.22,11.88,35408.8
2022-11-01,12.04,12.35,12.37,12.04,36722.93
2022-11-02,12.34,12.45,12.52,12.29,33829.71
2022-11-03,12.42,12.38,12.47,12.23,29638.44
2022-11-04,12.43,12.64,12.72,12.42,46244.13
2022-11-07,12.77,12.85,13.14,12.77,64913.67
2022-11-08,12.82,12.9,13.01,12.72,39254.84
2022-11-09,12.92,12.83,13.01,12.83,32968.68
2022-11-10,12.73,12.66,12.85,12.64,35779.32
2022-11-11,12.92,12.81,13.0,12.78,42362.54
2022-11-14,12.8,12.73,12.89,12.68,34968.58
2022-11-15,12.68,12.89,12.89,12.64,36301.56
2022-11-16,12.88,12.82,12.97,12.81,29997.15
2022-11-17,12.82,12.79,12.82,12.67,31423.34
2022-11-18,12.78,12.73,12.9,12.71,32019.34
2022-11-21,12.73,13.03,13.03,12.49,55022.79
2022-11-22,13.21,13.48,13.92,13.16,176287.07
2022-11-23,13.47,14.17,14.55,13.37,234237.33
2022-11-24,13.91,14.09,14.49,13.58,216180.08
2022-11-25,13.81,13.56,13.96,13.52,119652.29
2022-11-28,13.56,14.34,14.38,13.54,194541.94
2022-11-29,14.11,14.24,14.62,14.04,170904.5
2022-11-30,14.12,13.92,14.47,13.88,126629.95
2022-12-01,13.93,13.87,14.14,13.79,90418.56
2022-12-02,13.86,13.9,14.07,13.83,68975.51
2022-12-05,13.9,13.89,13.9,13.61,79520.93
2022-12-06,13.85,13.69,13.85,13.65,54200.0
2022-12-07,13.65,13.97,14.15,13.64,107398.07
2022-12-08,13.83,13.63,13.89,13.62,64147.08
2022-12-09,13.62,13.52,13.76,13.48,56877.48
2022-12-12,13.47,13.58,13.66,13.28,45841.28
2022-12-13,13.58,13.33,13.64,13.33,38612.59
2022-12-14,13.41,13.36,13.67,13.33,39554.16
2022-12-15,13.31,13.45,13.47,13.16,33380.03
2022-12-16,13.33,13.18,13.35,13.07,38342.09
2022-12-19,13.18,12.76,13.21,12.72,40417.4
2022-12-20,12.77,12.79,12.94,12.72,24828.06
2022-12-21,12.73,12.62,12.86,12.51,26362.62
2022-12-22,12.67,12.31,12.72,12.27,32648.02
2022-12-23,12.23,12.29,12.38,12.17,21610.3
2022-12-26,12.34,12.47,12.54,12.3,24871.34
2022-12-27,12.51,12.53,12.66,12.41,23020.91
2022-12-28,12.47,12.31,12.47,12.28,22239.64
2022-12-29,12.25,12.21,12.4,12.19,22349.21
2022-12-30,12.31,12.22,12.31,12.15,18115.23
2023-01-03,12.2,12.44,12.46,12.19,25798.29
2023-01-04,12.44,12.44,12.52,12.39,21884.54
2023-01-05,12.47,12.63,12.73,12.43,34910.27
2023-01-06,12.62,12.57,12.72,12.57,27853.3
2023-01-09,12.73,12.69,12.85,12.62,31370.56
2023-01-10,12.69,12.63,12.69,12.54,22203.48
2023-01-11,12.63,12.41,12.68,12.4,25337.54
2023-01-12,12.43,12.49,12.58,12.43,16039.97
2023-01-13,12.57,12.54,12.64,12.49,18601.94
2023-01-16,12.59,12.71,12.71,12.54,27476.47
2023-01-17,12.76,12.65,12.77,12.58,19814.82
2023-01-18,12.65,12.67,12.74,12.64,16251.04
2023-01-19,12.55,12.86,12.9,12.52,34610.33
2023-01-20,12.86,12.92,12.97,12.84,30412.63
2023-01-30,13.2,13.03,13.2,13.02,45799.32
2023-01-31,13.03,13.3,13.34,12.98,51344.87
2023-02-01,13.51,13.47,13.57,13.37,55066.24
2023-02-02,13.47,13.3,13.52,13.3,41815.48
2023-02-03,13.3,13.41,13.43,13.14,37310.0
2023-02-06,13.31,13.51,13.56,13.26,39970.76
2023-02-07,13.51,13.48,13.55,13.38,31709.85
2023-02-08,13.48,13.4,13.53,13.37,29052.85
2023-02-09,13.39,13.63,13.66,13.32,48964.67
2023-02-10,13.63,13.51,13.72,13.44,39376.05
2023-02-13,13.52,13.53,13.54,13.44,28041.15
2023-02-14,13.57,13.6,13.74,13.52,48150.44
2023-02-15,13.59,13.58,13.64,13.48,34697.11
2023-02-16,13.58,13.12,13.61,12.99,68053.17
2023-02-17,13.19,13.12,13.45,13.1,36666.11
2023-02-20,13.09,13.28,13.28,13.02,31869.5
2023-02-21,13.27,13.34,13.43,13.2,33426.82
2023-02-22,13.31,13.23,13.31,13.21,23223.0
2023-02-23,13.23,13.21,13.29,13.11,24388.82
2023-02-24,13.2,13.08,13.24,13.04,27632.68
2023-02-27,13.02,12.95,13.11,12.9,29636.78
2023-02-28,12.95,13.01,13.05,12.88,23579.35
2023-03-01,13.0,13.07,13.08,12.95,28292.94
2023-03-02,13.1,13.02,13.1,12.99,26751.98
2023-03-03,13.02,13.13,13.13,12.94,29893.0
2023-03-06,13.17,13.6,13.66,13.11,104192.05
2023-03-07,13.46,13.32,13.69,13.26,66234.12
2023-03-08,13.27,13.78,13.78,13.2,120767.73
2023-03-09,13.78,13.74,13.89,13.63,75899.42
2023-03-10,13.65,13.51,13.78,13.47,62665.64
2023-03-13,13.39,13.48,13.54,13.31,43053.78
2023-03-14,13.4,13.43,13.5,13.12,44745.86
2023-03-15,13.44,13.59,13.69,13.44,46325.19
2023-03-16,13.46,13.21,13.56,13.21,44438.63
2023-03-17,13.26,13.24,13.39,13.22,34516.9
2023-03-20,13.21,13.25,13.35,13.08,33560.74
2023-03-21,13.24,13.4,13.4,13.21,33556.84
2023-03-22,13.42,13.45,13.51,13.37,44151.36
2023-03-23,13.41,13.69,13.73,13.39,76101.27
2023-03-24,13.72,13.66,13.74,13.56,55676.08
2023-03-27,13.66,13.58,13.75,13.47,48213.11
2023-03-28,13.62,13.68,13.73,13.43,59928.7
2023-03-29,13.62,13.42,13.67,13.36,55071.54
2023-03-30,13.42,13.29,13.43,13.21,37907.92
2023-03-31,13.3,13.32,13.42,13.25,41202.67
2023-04-03,13.38,13.43,13.47,13.23,42929.05
2023-04-04,13.39,13.25,13.41,13.16,45375.73
2023-04-06,13.16,13.38,13.54,13.08,64666.95
2023-04-07,13.38,13.33,13.41,13.26,32692.1
2023-04-10,13.34,13.1,13.4,13.09,42844.59
2023-04-11,13.16,13.21,13.21,13.05,24076.01
2023-04-12,13.21,13.28,13.34,13.17,30422.46
2023-04-13,13.25,12.99,13.28,12.97,48307.25
2023-04-14,13.06,13.02,13.07,12.92,31742.75
2023-04-17,12.98,13.08,13.12,12.98,30857.25
2023-04-18,13.1,12.99,13.11,12.95,30649.33
2023-04-19,12.99,12.74,13.02,12.72,39985.0
2023-04-20,12.78,12.65,12.78,12.52,31721.68
2023-04-21,12.67,12.33,12.69,12.25,49849.26
2023-04-24,12.33,12.26,12.37,12.23,22455.82
2023-04-25,12.32,12.12,12.33,12.0,31084.73
2023-04-26,12.13,12.21,12.27,12.11,20494.32
2023-04-27,12.07,12.07,12.19,11.83,33494.48
2023-04-28,12.13,12.25,12.26,12.11,19026.58
2023-05-04,12.23,12.22,12.32,12.18,20418.1
2023-05-05,12.27,11.98,12.27,11.93,30443.49
2023-05-08,12.0,12.18,12.2,11.98,21428.35
2023-05-09,12.17,12.08,12.24,12.04,19284.9
2023-05-10,12.11,12.5,12.6,12.01,53897.53
2023-05-11,12.37,12.46,12.6,12.33,32696.98
2023-05-12,12.42,12.24,12.46,12.21,23829.38
2023-05-15,12.2,12.5,12.53,12.18,32224.42
2023-05-16,12.49,12.37,12.57,12.31,22013.0
2023-05-17,12.28,12.42,12.45,12.27,19230.0
2023-05-18,12.45,12.43,12.46,12.37,19757.18
2023-05-19,12.43,12.48,12.5,12.36,18894.5
2023-05-22,12.48,12.43,12.49,12.37,14914.25
2023-05-23,12.43,12.32,12.43,12.32,16563.0
2023-05-24,12.31,12.31,12.44,12.24,14080.6
2023-05-25,12.3,12.45,12.57,12.25,27647.08
2023-05-26,12.47,12.47,12.53,12.33,19985.52
2023-05-29,12.55,12.62,12.8,12.48,41322.56
2023-05-30,12.55,12.56,12.62,12.4,23605.0
2023-05-31,12.47,12.65,12.67,12.44,23330.69
2023-06-01,12.63,12.81,13.11,12.63,62610.57
2023-06-02,12.9,12.94,12.99,12.78,32615.2
2023-06-05,12.97,13.08,13.45,12.87,66131.25
2023-06-06,13.07,12.78,13.13,12.76,37433.2
2023-06-07,12.74,12.7,12.82,12.6,28063.07
2023-06-08,12.7,12.41,12.74,12.39,34160.57
2023-06-09,12.51,12.46,12.55,12.37,21229.32
2023-06-12,12.45,12.55,12.62,12.34,26482.88
2023-06-13,12.52,12.65,12.69,12.5,21358.39
2023-06-14,12.63,12.7,12.76,12.6,30942.47
2023-06-15,12.71,12.64,12.73,12.51,28894.45
2023-06-16,12.66,12.64,12.71,12.59,25182.08
2023-06-19,12.62,12.55,12.74,12.53,24674.05
2023-06-20,12.5,12.43,12.59,12.36,26789.67
2023-06-21,12.58,13.01,13.51,12.56,161119.71
2023-06-26,12.82,13.35,13.46,12.78,160873.65
2023-06-27,13.23,13.27,13.35,13.04,84955.16
2023-06-28,13.19,13.45,13.58,13.09,118651.15
2023-06-29,13.51,13.35,13.57,13.25,85965.58
2023-06-30,13.27,14.15,14.7,13.23,281020.65
2023-07-03,14.15,15.53,16.19,14.04,467443.69
2023-07-04,15.19,15.03,15.21,14.76,335419.13
2023-07-05,14.87,15.17,16.11,14.86,374477.4
2023-07-06,15.02,15.38,15.71,14.59,334378.4
2023-07-07,15.3,15.01,15.88,15.01,313202.1
2023-07-10,14.97,14.44,15.15,14.32,265191.0
2023-07-11,14.59,14.44,14.69,14.24,148518.43
2023-07-12,14.41,14.07,14.41,14.02,150122.56
2023-07-13,14.12,14.16,14.25,14.05,92979.7
2023-07-14,14.1,14.11,14.31,14.02,100218.81
2023-07-17,14.02,14.16,14.22,14.02,78388.59
2023-07-18,14.12,14.02,14.12,13.73,85473.85
2023-07-19,14.01,13.89,14.05,13.82,61016.51
2023-07-20,13.91,13.76,13.97,13.7,65318.26
2023-07-21,13.72,13.54,13.84,13.52,61054.7
2023-07-24,13.52,13.57,13.67,13.47,33680.74
2023-07-25,13.69,13.67,13.77,13.58,44298.05
2023-07-26,13.69,13.64,13.74,13.5,41477.77
2023-07-27,13.66,13.5,13.77,13.43,53211.69
2023-07-28,13.46,13.53,13.59,13.32,42962.52
2023-07-31,13.53,13.62,13.75,13.53,46039.91
2023-08-01,13.61,13.8,13.84,13.53,66111.55
2023-08-02,13.8,14.27,14.44,13.7,198702.39
2023-08-03,14.04,13.85,14.08,13.73,118681.64
2023-08-04,13.71,13.56,13.8,13.52,96968.72
2023-08-07,13.46,13.5,13.6,13.39,46649.0
2023-08-08,13.53,13.28,13.57,13.27,54005.3
2023-08-09,13.18,13.22,13.35,13.13,35201.0
2023-08-10,13.23,13.32,13.35,13.22,26150.16
2023-08-11,13.27,13.05,13.36,13.02,38531.83
2023-08-14,12.97,13.01,13.09,12.81,39645.53
2023-08-15,12.97,12.85,13.04,12.75,35045.33
2023-08-16,12.78,12.77,12.89,12.75,24832.99
2023-08-17,12.74,12.93,12.96,12.63,29105.89
2023-08-18,12.73,12.86,13.04,12.67,57969.0
2023-08-21,12.79,12.73,12.99,12.73,29547.11
2023-08-22,12.73,12.67,12.82,12.43,40755.11
2023-08-23,12.62,12.52,12.85,12.5,29602.0
2023-08-24,12.52,12.43,12.65,12.35,23634.06
2023-08-25,12.37,12.18,12.47,12.13,32370.3
2023-08-28,12.82,12.16,12.92,12.14,56297.76
2023-08-29,12.14,12.48,12.53,12.11,43487.25
2023-08-30,12.53,12.52,12.71,12.46,37915.83
2023-08-31,12.46,12.49,12.55,12.41,22093.56
2023-09-01,12.54,12.61,12.66,12.46,26312.49
2023-09-04,12.85,12.85,12.93,12.68,56811.01
2023-09-05,12.75,12.81,12.87,12.74,37298.42
2023-09-06,12.73,12.91,12.93,12.7,34827.0
2023-09-07,12.83,12.54,12.87,12.51,40445.0
2023-09-08,12.48,12.57,12.64,12.46,20028.0
2023-09-11,12.57,12.69,12.74,12.49,32946.0
2023-09-12,12.7,12.73,12.76,12.58,23854.0
2023-09-13,12.74,12.52,12.74,12.43,27807.08
2023-09-14,12.55,12.45,12.56,12.37,19760.52
2023-09-15,12.48,12.61,12.71,12.38,35508.5
2023-09-18,12.59,12.62,12.7,12.43,23948.0
2023-09-19,12.65,12.41,12.66,12.38,26931.0
2023-09-20,12.33,12.26,12.45,12.25,17407.69
2023-09-21,12.23,12.23,12.33,12.17,18882.16
2023-09-22,12.18,12.43,12.44,12.16,22562.19
2023-09-25,12.46,12.24,12.46,12.22,21018.92
2023-09-26,12.3,12.21,12.3,12.19,17424.52
2023-09-27,12.2,12.3,12.4,12.2,18596.4
2023-09-28,12.35,12.42,12.43,12.32,21300.0
2023-10-09,12.33,12.33,12.42,12.25,21014.56
2023-10-10,12.38,12.45,12.57,12.38,30389.7
2023-10-11,12.5,12.52,12.56,12.34,28981.52
2023-10-12,12.52,12.69,12.7,12.51,36488.02
2023-10-13,12.65,12.7,12.72,12.58,28771.0
2023-10-16,12.74,12.49,12.75,12.47,34257.0
2023-10-17,12.53,12.45,12.54,12.42,17345.0
2023-10-18,12.46,12.16,12.46,12.16,30576.0
2023-10-19,12.1,11.74,12.2,11.71,53683.48
2023-10-20,11.7,11.67,11.91,11.63,22603.4
2023-10-23,11.64,11.28,11.66,11.25,27866.2
2023-10-24,11.33,11.69,11.71,11.25,33814.29
2023-10-25,11.63,11.52,11.81,11.51,34987.0
2023-10-26,11.46,11.55,11.57,11.26,41809.0
2023-10-27,11.5,11.74,11.78,11.46,32620.3
2023-10-30,11.66,11.9,11.94,11.66,24948.5
2023-10-31,11.9,11.9,12.05,11.83,19311.3
2023-11-01,11.86,11.99,12.04,11.86,17597.35
2023-11-02,11.99,11.85,12.07,11.84,17790.0
2023-11-03,11.88,12.0,12.05,11.87,21927.0
2023-11-06,12.06,12.22,12.27,12.02,29311.68
2023-11-07,12.22,12.23,12.29,12.15,33379.74
2023-11-08,12.26,12.18,12.31,12.11,26346.96
2023-11-09,12.18,12.1,12.25,12.07,26869.48
2023-11-10,12.13,12.08,12.16,12.03,21643.74
2023-11-13,12.13,12.2,12.29,12.09,20470.33
2023-11-14,12.22,12.15,12.23,12.1,22774.12
2023-11-15,12.24,12.24,12.32,12.21,25731.98
2023-11-16,12.23,12.1,12.25,12.09,18496.7
2023-11-17,12.08,12.42,12.56,12.08,89265.31
2023-11-20,12.44,12.47,12.56,12.32,63121.52
2023-11-21,12.53,12.28,12.63,12.26,42195.0
2023-11-22,12.24,12.08,12.31,12.08,28341.0
2023-11-23,12.05,12.23,12.25,12.02,28567.0
2023-11-24,12.25,12.05,12.25,12.03,28123.08
2023-11-27,12.0,12.04,12.12,11.92,21787.84
2023-11-28,12.08,12.2,12.21,12.01,22872.74
2023-11-29,12.17,12.2,12.31,12.15,23400.0
2023-11-30,12.21,11.94,12.23,11.87,26641.0
2023-12-01,11.96,12.03,12.06,11.88,23319.0
2023-12-04,12.01,11.99,12.1,11.93,33977.99
2023-12-05,11.93,11.91,12.06,11.8,39431.04
2023-12-06,11.89,11.91,12.08,11.85,32125.0
2023-12-07,11.88,11.73,11.9,11.67,31119.0
2023-12-08,11.77,11.62,11.83,11.6,22803.02
2023-12-11,11.64,11.78,11.81,11.5,24819.88
2023-12-12,11.81,11.82,11.85,11.71,19314.0
2023-12-13,11.79,11.72,11.82,11.69,15001.0
2023-12-14,11.79,11.7,11.86,11.69,16981.0
2023-12-15,11.73,11.64,11.8,11.6,15333.5
2023-12-18,11.67,11.41,11.67,11.38,21462.0
2023-12-19,11.45,11.42,11.47,11.35,14570.28
2023-12-20,11.47,11.42,11.55,11.41,17010.66
2023-12-21,11.39,11.41,11.49,11.19,25705.15
2023-12-22,11.48,11.34,11.51,11.27,23160.2
2023-12-25,11.36,11.25,11.4,11.21,12026.81
2023-12-26,11.22,11.14,11.25,11.12,14926.0
2023-12-27,11.14,11.17,11.23,11.07,14342.75
2023-12-28,11.14,11.51,11.58,11.13,41964.34
2023-12-29,11.54,11.79,11.82,11.48,37753.03
2024-01-02,11.8,11.79,11.88,11.73,24853.0
2024-01-03,11.76,11.76,11.83,11.63,20394.53
2024-01-04,11.75,11.65,11.76,11.58,15935.14
2024-01-05,11.65,11.46,11.75,11.4,25090.92
2024-01-08,11.48,11.18,11.52,11.17,27639.0
2024-01-09,11.27,11.14,11.31,11.08,22562.0
2024-01-10,11.19,11.07,11.27,10.87,27133.0
2024-01-11,11.09,11.28,11.35,11.02,25216.99
2024-01-12,11.26,11.22,11.45,11.19,22815.0
2024-01-15,11.2,11.1,11.25,11.05,15227.33
2024-01-16,11.1,11.06,11.21,10.95,21337.51
2024-01-17,11.09,10.81,11.09,10.74,21251.7
2024-01-18,10.78,10.55,10.82,10.29,36503.3
2024-01-19,10.56,10.45,10.69,10.41,19477.85
2024-01-22,10.44,9.74,10.45,9.65,35635.66
2024-01-23,9.78,9.85,9.9,9.44,31905.81
2024-01-24,9.92,9.97,10.02,9.54,33823.8
2024-01-25,10.02,10.29,10.31,9.86,31066.53
2024-01-26,10.32,10.25,10.43,10.23,22393.0
2024-01-29,10.34,10.13,10.49,10.12,31363.84
2024-01-30,10.11,9.82,10.22,9.79,27399.73
2024-01-31,9.77,9.32,9.89,9.24,37560.93
2024-02-01,9.27,9.16,9.38,8.98,30310.91
2024-02-02,9.14,8.6,9.33,8.32,52447.81
2024-02-05,8.55,7.68,8.59,7.34,83643.14
2024-02-06,7.59,8.23,8.43,7.36,80514.77
2024-02-07,8.25,8.61,8.78,8.16,65081.56
2024-02-08,8.62,9.26,9.41,8.61,68644.1
2024-02-19,9.3,9.34,9.52,9.13,62878.67
2024-02-20,9.28,9.33,9.36,9.13,33395.0
2024-02-21,9.21,9.35,9.69,9.17,38401.88
2024-02-22,9.31,9.54,9.63,9.31,36265.2
2024-02-23,9.62,9.73,9.76,9.5,40029.93
2024-02-26,9.77,9.92,10.16,9.74,52969.56
2024-02-27,9.94,10.13,10.15,9.8,45381.0
2024-02-28,10.22,9.64,10.46,9.64,76175.02
2024-02-29,9.64,9.98,10.01,9.64,44795.0
2024-03-01,10.01,10.1,10.14,9.92,37435.0
2024-03-04,10.13,9.99,10.29,9.88,39451.94
2024-03-05,9.99,9.85,10.01,9.83,33499.57
2024-03-06,9.85,9.95,10.08,9.8,30024.0
2024-03-07,10.01,9.9,10.14,9.9,41306.0
2024-03-08,9.89,9.93,10.03,9.77,29415.0
2024-03-11,9.94,10.26,10.29,9.92,57449.0
2024-03-12,10.21,10.14,10.29,10.05,39214.0
2024-03-13,10.09,10.25,10.37,10.06,43514.59
2024-03-14,10.57,10.19,10.62,10.06,67664.86
2024-03-15,10.04,10.44,10.44,10.02,55249.5
2024-03-18,10.42,10.54,10.59,10.32,57511.5
2024-03-19,10.49,10.6,10.73,10.44,45073.26
2024-03-20,10.56,11.65,12.65,10.55,200849.52
2024-03-21,11.25,11.33,11.4,11.1,166161.28
2024-03-22,11.18,11.79,12.11,11.08,228002.86
2024-03-25,11.7,10.97,11.7,10.91,148417.06
2024-03-26,10.81,11.14,11.39,10.77,108923.21
2024-03-27,11.03,10.33,11.07,10.31,112542.0
2024-03-28,10.23,10.69,10.8,10.22,75746.92
2024-03-29,10.68,10.75,10.84,10.54,49352.93
2024-04-01,10.91,11.25,11.42,10.87,97517.91
2024-04-02,11.3,11.36,11.48,11.15,89653.3
2024-04-03,11.43,11.19,11.47,11.12,61512.62
2024-04-08,11.14,10.87,11.27,10.83,62092.13
2024-04-09,10.77,11.38,11.39,10.77,93546.85
2024-04-10,11.27,10.95,11.32,10.91,64316.32
2024-04-11,10.89,10.85,11.11,10.74,54653.5
2024-04-12,10.82,10.75,10.97,10.7,44181.0
2024-04-15,10.72,10.14,10.78,9.89,78209.16
2024-04-16,10.03,9.14,10.07,9.12,75715.57
2024-04-17,9.24,10.1,10.12,9.24,70119.68
2024-04-18,10.11,9.97,10.12,9.77,46094.66
2024-04-19,9.91,9.81,10.01,9.74,36602.96
2024-04-22,9.84,9.71,9.93,9.51,31909.36
2024-04-23,9.71,9.81,9.96,9.69,34978.91
2024-04-24,9.88,10.3,10.31,9.77,53035.62
2024-04-25,10.21,10.14,10.36,10.12,38787.0
2024-04-26,9.95,10.09,10.22,9.72,58349.16
2024-04-29,10.09,10.54,10.56,10.05,53677.07
2024-04-30,10.63,10.33,10.63,10.32,32788.0
2024-05-06,10.42,10.53,10.59,10.42,37830.15
2024-05-07,10.59,10.61,10.65,10.46,32461.0
2024-05-08,10.61,10.41,10.62,10.38,27849.88
2024-05-09,10.5,10.68,10.73,10.43,37387.0
2024-05-10,10.76,10.51,10.81,10.44,34254.9
2024-05-13,10.35,10.1,10.38,10.08,35601.17
2024-05-14,10.19,10.15,10.33,10.12,23925.93
2024-05-15,10.1,10.03,10.2,10.03,18527.69
2024-05-16,9.99,10.09,10.25,9.99,25359.69
2024-05-17,10.04,10.31,10.5,10.04,53934.0
2024-05-20,10.35,10.45,10.55,10.34,48278.87
2024-05-21,10.58,11.05,11.83,10.58,225571.57
2024-05-22,10.75,11.23,11.4,10.75,215745.46
2024-05-23,10.99,10.79,11.05,10.72,132923.93
2024-05-24,10.67,10.9,11.12,10.43,146349.84
2024-05-27,10.92,11.06,11.35,10.64,176221.73
2024-05-28,11.02,10.66,11.16,10.62,99527.8
2024-05-29,10.55,10.65,10.84,10.43,75896.07
2024-05-30,10.64,10.21,10.64,10.2,70484.92
2024-05-31,10.21,10.47,10.67,10.21,60467.0
2024-06-03,10.46,10.75,11.04,10.18,117962.98
2024-06-04,10.59,11.03,11.13,10.56,161550.57
2024-06-05,10.85,10.21,10.94,10.2,128421.4
2024-06-06,10.13,9.7,10.56,9.66,87774.71
2024-06-07,9.76,9.78,10.06,9.56,60220.12
2024-06-11,9.72,10.03,10.09,9.38,60456.81
2024-06-12,9.98,10.38,10.42,9.97,68496.83
2024-06-13,10.38,10.28,10.42,10.23,39834.0
2024-06-14,10.26,10.48,10.6,10.14,60244.18
2024-06-17,10.38,10.71,10.8,10.35,74483.98
2024-06-18,10.62,10.74,10.9,10.62,63764.69
2024-06-19,10.69,10.67,10.85,10.61,56399.21
2024-06-20,10.63,10.33,10.77,10.29,58578.84
2024-06-21,10.22,10.09,10.34,10.04,42165.6
2024-06-24,10.05,9.41,10.05,9.4,67266.0
2024-06-25,9.46,9.13,9.54,9.04,56513.12
2024-06-26,9.13,9.54,9.57,8.9,50436.12
2024-06-27,9.45,9.29,9.58,9.28,30839.6
2024-06-28,9.29,9.6,9.78,9.23,51453.0
2024-07-01,9.66,9.43,9.7,9.24,45929.84
2024-07-02,9.38,10.55,10.88,9.27,162755.99
2024-07-03,11.18,11.82,12.66,11.01,662183.65
2024-07-04,10.91,11.06,11.52,10.49,518261.02
2024-07-05,10.68,11.45,11.75,10.52,454587.54
2024-07-08,11.54,11.75,12.24,11.3,474145.63
2024-07-09,11.66,12.11,12.35,11.06,497081.08
2024-07-10,11.7,11.67,12.28,11.55,400209.28
2024-07-11,12.89,12.58,13.88,12.34,630834.33
2024-07-12,12.06,11.33,12.17,11.33,485995.77
2024-07-15,11.14,11.01,11.39,10.92,239575.67
2024-07-16,11.0,11.12,11.42,10.95,200385.67
2024-07-17,10.99,10.5,10.99,10.5,212035.77
2024-07-18,10.21,10.26,10.31,9.95,164933.84
2024-07-19,10.19,10.44,10.68,10.1,152389.1
2024-07-22,10.4,10.52,10.62,10.24,135337.0
2024-07-23,10.45,10.11,10.55,10.1,109959.41
2024-07-24,9.99,10.03,10.36,9.99,86049.99
2024-07-25,9.91,9.96,10.06,9.79,81013.0
2024-07-26,10.0,10.01,10.11,9.93,58233.0
2024-07-29,10.0,10.06,10.12,9.87,58933.98
2024-07-30,9.97,10.0,10.18,9.87,74045.0
2024-07-31,9.96,10.31,10.33,9.95,100522.63
2024-08-01,10.3,10.4,10.45,10.25,85547.55
2024-08-02,10.28,9.95,10.3,9.95,99423.58
2024-08-05,9.85,9.42,10.05,9.41,96587.74
2024-08-06,9.52,9.54,9.72,9.42,50748.7
2024-08-07,9.5,9.52,9.62,9.49,37661.0
2024-08-08,9.44,9.43,9.49,9.27,53930.0
2024-08-09,9.45,9.53,9.65,9.43,48703.0
2024-08-12,9.53,9.36,9.62,9.3,34082.0
2024-08-13,9.36,9.48,9.49,9.34,26883.0
2024-08-14,9.48,9.52,9.61,9.48,29900.0
2024-08-15,9.48,9.62,9.74,9.47,42886.55
2024-08-16,9.64,9.62,9.75,9.61,38766.0
2024-08-19,9.6,9.44,9.74,9.39,47662.9
2024-08-20,9.42,9.25,9.51,9.24,33718.0
2024-08-21,9.25,9.36,9.45,9.19,28785.0
2024-08-22,9.31,9.15,9.41,9.09,36765.0
2024-08-23,9.1,9.03,9.16,9.0,32504.0
2024-08-26,9.0,9.21,9.25,9.0,32204.0
2024-08-27,9.07,8.67,9.17,8.65,74428.0
2024-08-28,8.69,8.76,8.93,8.66,44398.0
2024-08-29,8.74,8.94,9.0,8.71,34867.0
2024-08-30,8.94,9.11,9.28,8.92,48764.25
2024-09-02,9.1,8.92,9.19,8.92,43641.19
2024-09-03,8.96,8.98,9.06,8.87,27460.03
2024-09-04,8.87,8.94,9.05,8.8,32096.1
2024-09-05,8.96,9.06,9.33,8.92,65439.0
2024-09-06,9.06,8.85,9.06,8.85,40532.03
2024-09-09,8.78,8.8,8.93,8.74,22280.03
2024-09-10,8.81,8.9,8.94,8.73,26787.0
2024-09-11,8.88,9.2,9.35,8.84,97931.64
2024-09-12,9.08,9.0,9.16,8.97,79894.48
2024-09-13,8.99,8.79,9.03,8.79,44572.64
2024-09-18,8.78,8.47,8.78,8.34,45584.0
2024-09-19,8.5,8.67,8.74,8.46,33632.51
2024-09-20,8.84,8.66,8.84,8.59,26775.51
2024-09-23,8.66,8.67,8.8,8.57,23391.11
2024-09-24,8.75,9.05,9.05,8.68,52981.31
2024-09-25,9.12,9.12,9.32,9.09,59095.63
2024-09-26,9.09,9.4,9.4,9.08,54371.99
2024-09-27,9.53,9.9,10.07,9.51,102635.41
2024-09-30,10.27,11.16,11.35,10.13,222571.65
2024-10-08,13.0,12.22,13.04,11.4,250464.84
2024-10-09,11.78,10.89,11.9,10.89,174492.69
2024-10-10,10.98,10.86,11.33,10.7,114821.0
2024-10-11,10.86,10.24,10.98,10.12,99663.0
2024-10-14,10.27,10.63,10.64,10.1,77736.7
2024-10-15,10.6,10.3,10.7,10.26,65718.03
2024-10-16,10.17,10.2,10.4,10.08,55580.55
2024-10-17,10.29,10.17,10.47,10.17,51236.0
2024-10-18,10.17,10.68,10.93,10.13,111520.06
2024-10-21,10.88,10.8,11.03,10.68,94773.97
2024-10-22,10.8,10.87,10.95,10.65,85349.0
2024-10-23,10.81,10.87,11.04,10.78,73686.35
2024-10-24,10.84,10.73,10.91,10.66,47375.42
2024-10-25,10.79,11.14,11.21,10.71,112622.51
2024-10-28,10.98,11.11,11.11,10.8,102597.01
2024-10-29,11.11,10.76,11.21,10.76,87229.0
2024-10-30,10.76,10.65,10.92,10.54,62695.0
2024-10-31,10.67,10.85,10.95,10.55,73330.91
2024-11-01,10.74,10.44,10.85,10.41,88440.15
2024-11-04,10.53,10.77,10.77,10.45,55504.0
2024-11-05,10.76,11.12,11.13,10.73,86106.79
2024-11-06,11.12,11.12,11.47,11.03,93842.87
2024-11-07,11.12,11.9,12.02,10.97,218441.75
2024-11-08,12.25,11.85,12.38,11.78,240924.47
2024-11-11,11.8,12.17,12.3,11.72,174406.19
2024-11-12,12.15,11.88,12.26,11.76,125264.85
2024-11-13,11.85,11.81,11.99,11.6,88427.0
2024-11-14,11.96,11.41,11.96,11.4,80527.0
2024-11-15,11.44,11.12,11.58,11.12,62552.66
2024-11-18,11.17,10.96,11.33,10.89,76792.73
2024-11-19,10.99,11.45,11.49,10.96,61213.93
2024-11-20,11.35,11.49,11.55,11.31,55829.0
2024-11-21,11.48,11.47,11.65,11.31,50123.09
2024-11-22,11.44,10.94,11.57,10.94,64925.98
2024-11-25,10.94,11.2,11.28,10.94,61926.6
2024-11-26,11.13,10.93,11.22,10.88,55462.6
2024-11-27,10.86,11.1,11.11,10.52,61941.04
2024-11-28,11.09,10.99,11.25,10.95,49906.47
2024-11-29,10.96,11.08,11.23,10.8,51044.0
2024-12-02,11.08,11.34,11.39,11.04,52769.0
2024-12-03,11.38,11.26,11.38,11.16,43504.0
2024-12-04,11.26,10.95,11.28,10.88,52413.16
2024-12-05,10.91,11.12,11.17,10.88,38728.0
2024-12-06,11.15,11.18,11.22,10.93,55921.62
2024-12-09,11.18,11.06,11.26,10.96,51610.0
2024-12-10,11.33,11.11,11.4,11.09,68288.0
2024-12-11,11.15,11.26,11.28,11.1,46544.0
2024-12-12,11.3,11.3,11.35,11.2,52566.0
2024-12-13,11.3,10.99,11.32,10.99,64396.0
2024-12-16,11.02,10.91,11.09,10.82,40807.0
2024-12-17,10.88,10.67,11.01,10.64,47071.0
2024-12-18,10.75,10.69,10.81,10.59,37192.57
2024-12-19,10.63,10.79,10.79,10.49,49841.66
2024-12-20,10.79,11.04,11.15,10.7,54667.4
2024-12-23,11.04,10.55,11.1,10.52,56275.72
2024-12-24,10.6,10.53,10.78,10.45,37207.71
2024-12-25,10.51,10.3,10.57,10.21,42420.0
2024-12-26,10.3,10.58,10.75,10.28,45407.0
2024-12-27,10.59,11.33,12.39,10.5,275494.94
2024-12-30,11.3,11.59,11.86,11.3,258160.28
2024-12-31,11.6,11.08,11.69,11.02,155328.29
2025-01-02,11.14,10.55,11.18,10.4,142333.12
2025-01-03,10.62,9.84,10.72,9.8,130146.21
2025-01-06,9.77,10.0,10.27,9.5,120677.0
2025-01-07,10.0,10.47,10.49,9.94,107166.51
2025-01-08,10.4,9.98,10.42,9.72,120484.09
2025-01-09,9.82,10.66,10.95,9.78,205737.03
2025-01-10,10.52,10.58,11.1,10.46,224051.43
2025-01-13,10.5,10.77,11.33,10.43,177169.0
2025-01-14,10.7,11.19,11.19,10.62,200506.53
2025-01-15,11.11,11.0,11.3,10.91,142428.0
2025-01-16,11.15,10.87,11.17,10.78,113231.0
2025-01-17,10.8,10.86,11.03,10.75,86754.18
2025-01-20,10.95,11.33,11.6,10.92,200712.13
2025-01-21,11.3,11.19,11.37,11.08,117104.0
2025-01-22,10.82,10.78,10.93,10.55,149775.0
2025-01-23,10.84,10.67,11.11,10.65,102622.0
2025-01-24,10.65,10.85,10.85,10.65,65534.78
2025-01-27,10.88,10.46,10.96,10.46,69997.57
2025-02-05,10.61,10.68,10.74,10.52,55075.0
2025-02-06,10.61,10.81,10.82,10.56,67024.43
2025-02-07,10.8,11.03,11.19,10.8,109606.78
2025-02-10,11.05,11.09,11.11,10.88,75911.1
2025-02-11,11.11,11.1,11.12,10.86,71561.0
2025-02-12,11.2,11.22,11.23,11.04,91987.61
2025-02-13,11.2,10.97,11.27,10.97,67712.78
2025-02-14,10.95,11.0,11.15,10.9,58733.0
2025-02-17,11.0,11.16,11.28,10.96,78373.0
2025-02-18,11.16,10.98,11.34,10.89,91611.0
2025-02-19,10.95,11.31,11.31,10.82,87656.29
2025-02-20,11.31,11.48,11.6,11.25,122527.09
2025-02-21,11.54,11.44,11.55,11.35,91662.08
2025-02-24,11.46,11.52,11.62,11.2,103586.98
2025-02-25,11.41,11.54,11.68,11.31,81299.93
2025-02-26,11.58,11.69,11.76,11.53,96900.97
2025-02-27,11.69,11.69,11.75,11.5,112143.0
2025-02-28,11.63,11.23,11.68,11.16,92959.0
2025-03-03,11.27,11.63,11.95,11.18,203985.15
2025-03-04,11.53,11.44,11.54,11.33,114499.28
2025-03-05,11.44,11.48,11.58,11.32,85707.89
2025-03-06,11.51,11.45,11.64,11.45,100961.92
2025-03-07,11.41,11.35,11.5,11.26,86268.0
2025-03-10,11.33,11.44,11.52,11.23,68394.0
2025-03-11,11.25,11.56,11.88,11.18,122012.5
2025-03-12,11.63,11.64,11.71,11.48,94751.57
2025-03-13,11.71,12.07,12.34,11.45,340234.6
2025-03-14,12.14,12.38,12.67,11.9,348451.35
2025-03-17,12.39,12.32,12.59,12.09,258073.03
2025-03-18,12.33,12.22,12.46,12.11,159392.36
2025-03-19,12.12,11.76,12.15,11.69,167465.38
2025-03-20,11.75,11.63,11.85,11.62,92475.74
2025-03-21,11.61,11.45,11.65,11.4,84414.0
2025-03-24,11.41,11.18,11.87,10.96,173473.0
2025-03-25,11.14,11.1,11.34,11.0,103211.03
2025-03-26,11.06,11.43,11.51,11.06,159105.9
2025-03-27,11.39,10.99,11.39,10.98,114587.09
2025-03-28,10.94,10.86,11.01,10.76,66765.0
2025-03-31,10.85,10.68,10.85,10.55,55543.2
2025-04-01,10.75,10.72,10.85,10.7,41405.0
2025-04-02,10.75,10.71,10.86,10.66,38867.11
2025-04-03,10.58,10.57,10.74,10.45,42987.72
2025-04-07,10.01,8.67,10.05,8.49,136021.36
2025-04-08,8.79,8.97,9.34,8.79,97049.74
2025-04-09,8.85,9.17,9.23,8.4,85796.19
2025-04-10,9.45,9.38,9.6,9.34,71831.68
2025-04-11,9.39,9.5,9.65,9.33,53551.0
2025-04-14,9.72,9.67,9.77,9.65,46367.05
2025-04-15,9.7,9.69,9.73,9.56,39433.0
2025-04-16,9.64,9.6,9.69,9.36,39253.98
2025-04-17,9.54,9.62,9.71,9.52,27889.0
2025-04-18,9.62,9.69,9.73,9.51,31475.0
2025-04-21,9.68,10.24,10.32,9.64,87391.22
2025-04-22,10.2,9.99,10.26,9.91,83365.0
2025-04-23,10.07,10.14,10.19,10.06,47526.0
2025-04-24,10.11,10.0,10.16,9.9,37640.0
2025-04-25,9.99,10.01,10.1,9.94,35436.37
2025-04-28,10.03,9.96,10.06,9.86,35055.41
2025-04-29,9.82,10.06,10.13,9.82,34782.04
2025-04-30,9.99,10.12,10.19,9.99,30064.65
2025-05-06,10.15,10.28,10.3,10.15,38989.0
2025-05-07,10.37,10.3,10.46,10.22,42451.15
2025-05-08,10.28,10.47,10.52,10.25,45205.0
2025-05-09,10.47,10.33,10.52,10.29,43114.95
2025-05-12,10.44,10.47,10.52,10.34,47108.09
2025-05-13,10.55,10.42,10.64,10.37,34813.0
2025-05-14,10.46,10.39,10.51,10.32,33263.0
2025-05-15,10.36,10.27,10.4,10.22,28029.0
2025-05-16,10.23,10.33,10.42,10.22,27073.44
2025-05-19,10.32,10.48,10.52,10.24,37872.17
2025-05-20,10.45,10.65,10.74,10.43,56378.31
2025-05-21,10.64,10.86,11.15,10.55,144610.22
2025-05-22,10.77,10.54,10.85,10.52,97093.88
2025-05-23,10.54,10.46,10.68,10.45,53684.3
2025-05-26,10.45,10.56,10.6,10.41,42691.84
2025-05-27,10.56,10.64,10.68,10.48,42480.95
2025-05-28,10.64,10.66,10.73,10.59,38283.0
2025-05-29,10.6,10.75,10.8,10.6,47374.24
2025-05-30,10.72,10.6,10.75,10.56,35874.94
2025-06-03,10.53,10.62,10.67,10.53,28374.46
2025-06-04,10.61,10.73,10.79,10.59,34247.42
2025-06-05,10.75,10.72,10.81,10.64,38059.0
2025-06-06,10.72,10.77,10.81,10.68,37892.0
2025-06-09,10.84,10.92,10.95,10.7,48641.0
2025-06-10,10.89,11.16,11.23,10.87,121482.2
2025-06-11,11.14,11.01,11.28,10.98,92116.46
2025-06-12,10.95,10.99,11.03,10.92,44360.17
2025-06-13,10.97,10.78,11.01,10.76,41876.96
2025-06-16,10.76,10.84,10.87,10.73,34230.0
2025-06-17,10.87,10.89,10.94,10.8,31362.48
2025-06-18,10.9,11.25,11.29,10.8,119754.82
2025-06-19,11.2,11.35,11.68,11.16,153898.0
2025-06-20,11.34,12.08,12.49,11.34,351663.14
2025-06-23,11.86,12.25,12.5,11.66,323728.53
2025-06-24,12.15,12.88,13.44,12.03,513182.22
2025-06-25,12.76,12.68,12.97,12.5,381255.62
2025-06-26,12.44,12.47,13.35,12.44,394929.37
2025-06-27,12.34,12.48,12.81,12.34,273143.71
2025-06-30,12.6,12.51,12.68,12.34,168611.55
2025-07-01,12.47,12.54,12.75,12.1,218731.55
2025-07-02,12.36,12.14,12.4,12.03,159970.65
2025-07-03,12.13,13.8,14.21,12.09,639831.34
2025-07-04,13.64,13.38,13.81,13.22,454212.69
2025-07-07,13.41,14.95,15.69,13.41,727590.56
2025-07-08,14.86,16.88,17.3,14.5,887394.48
2025-07-09,17.82,20.26,20.26,17.35,1103655.59
2025-07-10,20.6,19.26,21.24,18.95,900257.34
2025-07-11,18.67,19.23,20.72,18.51,801843.9
2025-07-14,19.02,20.1,21.4,18.55,754804.74
2025-07-15,19.88,19.2,20.33,18.42,760124.08
2025-07-16,19.29,18.4,19.79,18.23,564265.09
2025-07-17,18.4,20.86,21.29,18.03,926106.03
2025-07-18,21.51,21.52,23.25,21.3,888789.56
2025-07-21,21.64,21.13,21.98,19.94,897772.64
2025-07-22,21.02,20.02,22.16,19.98,791661.74
2025-07-23,19.15,19.53,20.16,19.03,477353.65
2025-07-24,20.67,23.44,23.44,20.45,618487.99
2025-07-25,22.54,20.9,22.77,20.6,826936.17
2025-07-28,21.01,25.08,25.08,21.01,897495.6
2025-07-29,25.81,26.78,28.5,25.81,878590.45
2025-07-30,27.58,26.57,27.95,26.02,607675.19
2025-07-31,26.65,26.02,27.6,25.73,749901.17
2025-08-01,25.01,25.11,27.09,24.75,628897.34
2025-08-04,25.01,24.86,25.7,24.4,498047.31
2025-08-05,25.3,24.64,25.37,23.8,453742.12
2025-08-06,24.5,24.1,25.15,23.76,481158.19
2025-08-07,24.24,23.81,24.58,23.23,500326.19
2025-08-08,23.82,24.27,25.1,23.41,657128.14
2025-08-11,24.81,25.37,25.9,24.0,702626.32
2025-08-12,25.0,24.93,25.86,23.66,626919.98
2025-08-13,25.3,29.92,29.92,25.2,947039.51
2025-08-14,29.93,28.08,29.97,27.82,776848.9
2025-08-15,28.15,32.15,32.69,28.15,910587.1
2025-08-18,32.82,33.39,34.8,31.2,871068.62
2025-08-19,32.01,32.28,32.97,31.33,589028.0
2025-08-20,31.5,32.68,33.95,30.09,565687.04
2025-08-21,32.4,30.57,33.42,30.31,486438.07
2025-08-22,31.0,33.91,35.2,31.0,773044.11
2025-08-25,34.6,35.6,36.4,33.48,695804.35
2025-08-26,34.84,33.85,35.6,33.3,537883.53
2025-08-27,33.31,33.59,35.5,32.88,522291.99
2025-08-28,32.38,35.19,35.57,31.48,687156.07
2025-08-29,34.49,33.29,35.21,33.23,465391.2
2025-09-01,32.7,32.96,34.8,31.78,399234.96
2025-09-02,32.33,30.29,33.23,29.7,422898.93
2025-09-03,30.5,31.4,32.49,29.69,372866.57
2025-09-04,30.91,29.18,32.32,27.57,407996.3
