date,open,close,high,low,volume
2019-10-28,25.48,35.38,35.44,24.54,384248.65
2019-10-29,30.27,25.76,30.56,25.68,323842.9
2019-10-30,23.87,21.46,24.1,21.05,210425.25
2019-10-31,20.86,20.05,21.26,19.62,130114.0
2019-11-01,19.88,19.68,20.52,19.46,82183.54
2019-11-04,19.9,20.23,20.5,19.67,97691.4
2019-11-05,19.99,17.88,19.99,17.88,136713.44
2019-11-06,17.34,16.91,17.87,16.78,86563.13
2019-11-07,16.96,17.38,17.83,16.91,94838.62
2019-11-08,17.2,17.34,18.12,17.11,83168.71
2019-11-11,17.07,15.8,17.07,15.73,75195.99
2019-11-12,15.93,16.17,16.42,15.71,52746.6
2019-11-13,15.98,16.5,16.87,15.98,60426.51
2019-11-14,16.36,16.34,16.77,16.14,42137.18
2019-11-15,16.32,15.92,16.41,15.91,33926.63
2019-11-18,16.03,16.0,16.48,15.96,30824.11
2019-11-19,15.95,16.61,16.74,15.92,40518.86
2019-11-20,16.34,16.43,16.89,16.28,42349.46
2019-11-21,16.29,16.38,16.78,16.16,35944.35
2019-11-22,16.49,15.68,16.58,15.63,43693.42
2019-11-25,15.65,15.19,15.65,15.02,37411.95
2019-11-26,15.24,15.04,15.38,14.99,21949.66
2019-11-27,15.11,14.98,15.32,14.96,22935.04
2019-11-28,15.04,15.06,15.3,14.93,29634.93
2019-11-29,15.19,15.26,15.31,15.07,26854.83
2019-12-02,15.34,14.9,15.37,14.82,30041.49
2019-12-03,14.77,14.39,14.83,14.11,35131.27
2019-12-04,14.3,14.32,14.6,14.17,17410.65
2019-12-05,14.13,14.17,14.29,14.0,34058.71
2019-12-06,14.13,14.09,14.24,14.05,19612.95
2019-12-09,14.19,14.51,14.55,14.11,35139.87
2019-12-10,14.34,16.26,16.27,14.31,123914.71
2019-12-11,15.95,15.46,16.41,15.45,74163.43
2019-12-12,15.65,15.3,15.86,15.19,39543.97
2019-12-13,15.45,15.4,15.56,15.13,30491.68
2019-12-16,15.41,15.52,15.67,15.29,23594.75
2019-12-17,15.55,15.72,15.84,15.47,46634.5
2019-12-18,15.72,16.16,16.62,15.72,73250.01
2019-12-19,16.14,16.21,16.31,15.98,38058.05
2019-12-20,16.32,16.14,16.91,16.14,58719.84
2019-12-23,16.17,15.23,16.17,15.23,44726.3
2019-12-24,15.49,15.57,15.66,15.33,22788.72
2019-12-25,15.57,15.81,16.0,15.52,28017.97
2019-12-26,15.72,16.11,16.22,15.72,36823.06
2019-12-27,16.13,15.65,16.3,15.63,35870.24
2019-12-30,15.62,15.61,15.65,15.19,22319.39
2019-12-31,15.57,16.12,16.24,15.57,35682.38
2020-01-02,16.28,16.33,16.42,15.98,43856.72
2020-01-03,16.31,17.12,17.49,16.12,75912.4
2020-01-06,16.82,17.09,17.55,16.67,60725.02
2020-01-07,17.16,17.24,17.4,16.96,45411.77
2020-01-08,17.17,17.49,17.63,16.88,82114.6
2020-01-09,17.78,17.61,17.93,17.36,58841.37
2020-01-10,17.61,18.81,20.09,17.6,121838.18
2020-01-13,18.74,19.51,19.89,18.26,88843.38
2020-01-14,19.37,19.51,20.63,19.13,82328.87
2020-01-15,19.23,19.14,19.88,19.0,54500.79
2020-01-16,19.03,19.21,19.51,18.7,58047.96
2020-01-17,19.28,20.54,20.92,19.04,102196.36
2020-01-20,20.46,21.54,22.36,20.0,130591.42
2020-01-21,21.47,20.57,21.85,20.31,90803.97
2020-01-22,20.47,19.75,20.57,18.55,77042.66
2020-01-23,19.7,18.64,19.97,18.15,58252.47
2020-02-03,16.32,16.67,17.59,15.28,93219.72
2020-02-04,16.39,17.74,18.25,16.39,80601.18
2020-02-05,17.78,19.96,20.18,17.62,101430.87
2020-02-06,20.96,23.95,23.95,20.66,188135.46
2020-02-07,22.96,22.59,24.22,21.72,172113.47
2020-02-10,22.59,24.74,25.65,22.23,150190.54
2020-02-11,24.03,21.85,24.32,21.83,108804.06
2020-02-12,21.24,22.31,23.26,21.24,82706.21
2020-02-13,22.33,22.52,23.52,22.3,81536.83
2020-02-14,23.3,22.37,23.73,21.84,80035.68
2020-02-17,22.78,22.99,23.55,22.39,79669.99
2020-02-18,22.82,22.49,23.25,21.77,75244.4
2020-02-19,22.32,21.26,22.48,21.14,65744.5
2020-02-20,21.34,20.78,21.91,20.62,52750.9
2020-02-21,20.83,20.47,21.12,20.4,48223.21
2020-02-24,20.49,21.14,21.21,20.4,45432.98
2020-02-25,20.64,21.71,21.99,20.42,65140.97
2020-02-26,21.91,20.58,22.0,20.5,54848.38
2020-02-27,20.27,19.47,20.67,19.2,55700.66
2020-02-28,18.55,18.41,19.09,17.78,45666.66
2020-03-02,19.51,19.74,19.86,19.1,48112.47
2020-03-03,19.82,19.59,20.41,19.52,53851.34
2020-03-04,19.59,19.14,19.77,18.66,34342.52
2020-03-05,19.38,19.32,19.51,19.14,29247.11
2020-03-06,19.08,19.66,20.07,19.02,35230.32
2020-03-09,19.8,18.58,19.8,18.56,34079.63
2020-03-10,18.25,18.64,18.74,17.45,39712.09
2020-03-11,18.64,18.37,19.02,18.31,26510.0
2020-03-12,18.07,17.67,18.24,17.49,27930.68
2020-03-13,16.68,17.12,17.44,16.51,35061.66
2020-03-16,17.4,16.24,17.4,16.24,30745.85
2020-03-17,16.28,16.42,16.82,15.67,26292.07
2020-03-18,16.49,16.54,17.21,16.37,32448.63
2020-03-19,16.35,16.78,16.91,16.17,26492.53
2020-03-20,17.31,17.0,17.32,16.72,20948.67
2020-03-23,16.35,15.93,16.59,15.72,23519.22
2020-03-24,16.22,16.17,16.48,15.68,22222.34
2020-03-25,16.67,16.54,16.72,16.43,18851.89
2020-03-26,16.34,16.55,16.78,16.27,24208.79
2020-03-27,16.73,16.48,16.96,16.4,16373.72
2020-03-30,16.31,15.65,16.31,15.38,22694.63
2020-03-31,15.93,15.38,15.99,15.28,14341.58
2020-04-01,15.55,15.53,15.75,15.3,13927.28
2020-04-02,15.34,15.82,15.84,15.33,14373.25
2020-04-03,15.83,15.9,16.02,15.76,17416.38
2020-04-07,16.33,16.68,16.8,16.07,24255.42
2020-04-08,16.43,16.43,16.73,16.26,18723.34
2020-04-09,16.55,16.62,16.68,16.36,14858.98
2020-04-10,16.63,15.94,16.65,15.94,14792.08
2020-04-13,15.94,16.03,16.26,15.62,10148.65
2020-04-14,15.95,16.3,16.31,15.93,10675.05
2020-04-15,16.34,16.56,16.72,16.2,20354.55
2020-04-16,16.48,17.01,17.21,16.34,33668.66
2020-04-17,17.18,16.7,17.18,16.67,22639.96
2020-04-20,16.77,16.9,16.99,16.71,15015.04
2020-04-21,16.9,16.43,16.92,16.24,17711.49
2020-04-22,16.42,16.68,16.76,16.26,13892.82
2020-04-23,16.72,16.86,17.16,16.64,24337.66
2020-04-24,17.1,16.63,17.44,16.49,34079.33
2020-04-27,16.76,17.03,17.06,16.45,26502.03
2020-04-28,16.77,15.53,16.77,14.46,50020.61
2020-04-29,15.47,15.07,15.73,15.05,23784.5
2020-04-30,15.29,15.7,15.81,15.22,24049.54
2020-05-06,15.62,17.47,17.54,15.51,57849.02
2020-05-07,17.47,17.43,17.93,17.11,50802.35
2020-05-08,17.45,17.3,17.68,17.21,36007.69
2020-05-11,17.41,17.55,17.86,17.41,34637.84
2020-05-12,17.45,17.48,17.68,17.08,27499.41
2020-05-13,17.3,18.44,18.7,17.22,57987.23
2020-05-14,18.15,17.97,18.72,17.9,41254.65
2020-05-15,18.07,18.35,18.66,18.02,32521.93
2020-05-18,18.36,18.19,18.44,18.07,26224.55
2020-05-19,18.29,18.5,18.55,18.07,29263.1
2020-05-20,18.45,18.79,19.47,18.31,49415.39
2020-05-21,18.8,17.78,18.98,17.65,40126.05
2020-05-22,17.97,17.2,17.97,17.05,30341.82
2020-05-25,17.16,16.73,17.3,16.64,22950.99
2020-05-26,16.96,17.9,17.95,16.82,33981.34
2020-05-27,17.76,17.96,18.38,17.6,34183.4
2020-05-28,17.79,17.87,18.19,17.23,24892.91
2020-05-29,17.78,18.63,19.02,17.6,41421.28
2020-06-01,19.04,19.06,19.36,18.74,48161.31
2020-06-02,19.0,18.83,19.0,18.64,30314.86
2020-06-03,18.94,19.54,19.98,18.8,71209.37
2020-06-04,19.55,20.22,20.64,19.22,73004.98
2020-06-05,20.04,20.92,21.61,19.76,81812.26
2020-06-08,21.0,19.58,21.19,19.32,73578.15
2020-06-09,19.52,19.34,19.95,18.91,47187.23
2020-06-10,19.29,19.52,19.8,19.11,38181.13
2020-06-11,19.35,19.05,19.74,18.95,37376.22
2020-06-12,18.62,18.79,19.06,18.39,29294.93
2020-06-15,18.81,19.94,20.25,18.81,65581.76
2020-06-16,19.79,21.22,22.05,19.71,94140.27
2020-06-17,21.17,21.17,22.16,20.84,87290.07
2020-06-18,20.93,20.32,21.67,20.05,65687.92
2020-06-19,20.14,20.13,20.7,20.07,36789.63
2020-06-22,20.4,20.56,21.03,20.26,40140.01
2020-06-23,20.49,21.07,21.24,20.35,44700.86
2020-06-24,21.13,20.69,21.41,20.56,41900.42
2020-06-29,20.45,21.13,21.17,20.02,44692.48
2020-06-30,21.13,22.46,22.57,20.86,88345.46
2020-07-01,22.54,22.22,23.43,21.65,96653.0
2020-07-02,22.51,22.09,22.54,21.88,59661.36
2020-07-03,21.85,21.45,21.96,20.92,60964.68
2020-07-06,21.68,22.32,22.43,21.46,62311.02
2020-07-07,22.32,22.5,23.3,22.17,77203.12
2020-07-08,22.48,22.87,23.12,22.35,51297.15
2020-07-09,22.9,23.92,24.0,22.67,87582.05
2020-07-10,23.92,25.08,26.58,23.59,121170.85
2020-07-13,25.35,30.05,30.08,25.35,145070.26
2020-07-14,30.24,31.77,33.67,29.71,166772.22
2020-07-15,31.42,27.78,31.64,27.68,114417.89
2020-07-16,27.58,24.94,28.17,24.9,86998.75
2020-07-17,24.96,26.05,26.49,24.41,66737.12
2020-07-20,26.53,26.53,27.39,25.63,58560.66
2020-07-21,26.24,27.12,27.54,25.87,53704.37
2020-07-22,27.08,26.82,27.58,26.43,52442.83
2020-07-23,26.6,25.85,27.34,24.84,63453.32
2020-07-24,25.11,23.3,26.22,23.28,77686.72
2020-07-27,23.77,22.82,24.07,22.5,40319.88
2020-07-28,23.03,22.86,23.32,22.65,34222.58
2020-07-29,23.0,25.28,25.28,22.76,57410.34
2020-07-30,25.44,25.84,26.96,24.81,75366.8
2020-07-31,25.39,27.34,27.97,25.32,73502.67
2020-08-03,27.39,27.87,28.41,27.02,59930.98
2020-08-04,27.87,26.26,28.21,26.13,59366.32
2020-08-05,25.56,26.56,26.89,25.56,36646.93
2020-08-06,26.53,25.52,26.68,25.1,42372.82
2020-08-07,25.48,24.47,25.85,23.97,39227.27
2020-08-10,24.35,24.73,24.83,23.92,27633.33
2020-08-11,24.69,23.49,24.92,23.36,33000.41
2020-08-12,23.61,23.3,23.67,22.67,23934.89
2020-08-13,23.67,24.78,25.3,23.43,46300.8
2020-08-14,24.65,24.46,25.23,23.95,28009.57
2020-08-17,24.81,25.06,25.27,24.21,26058.32
2020-08-18,25.23,26.11,26.66,24.9,43599.92
2020-08-19,26.11,24.32,26.24,24.15,39206.8
2020-08-20,24.08,24.11,24.84,23.73,21253.84
2020-08-21,24.04,23.85,24.76,23.56,23397.02
2020-08-24,23.71,23.79,24.3,23.23,18646.78
2020-08-25,23.79,23.48,24.14,23.44,18452.55
2020-08-26,23.45,21.67,23.69,21.61,44272.27
2020-08-27,21.62,21.85,22.28,21.35,22790.95
2020-08-28,21.99,22.99,23.6,21.73,32490.34
2020-08-31,23.0,22.66,23.31,22.65,14318.19
2020-09-01,22.82,22.47,22.83,22.37,11442.75
2020-09-02,22.53,22.18,22.63,22.12,13895.61
2020-09-03,22.27,22.58,22.94,22.02,21449.19
2020-09-04,22.01,22.11,22.37,21.91,15179.02
2020-09-07,22.15,21.53,22.37,21.22,19448.72
2020-09-08,21.74,21.38,21.74,21.09,12672.25
2020-09-09,21.22,19.87,21.25,19.68,25718.12
2020-09-10,19.87,19.69,20.86,19.52,20208.67
2020-09-11,19.74,20.22,20.29,19.45,10628.49
2020-09-14,20.31,20.8,20.9,20.31,11614.03
2020-09-15,20.82,20.61,20.91,20.41,7377.7
2020-09-16,20.82,20.33,20.82,20.15,8164.26
2020-09-17,20.27,21.23,21.4,20.21,20070.45
2020-09-18,21.47,21.67,21.69,20.93,17638.99
2020-09-21,21.71,21.65,22.07,21.36,12287.42
2020-09-22,21.42,21.68,22.06,21.17,16312.53
2020-09-23,21.8,22.36,22.62,21.69,19082.57
2020-09-24,22.07,21.68,22.41,21.58,14495.97
2020-09-25,21.81,21.33,22.17,21.32,11804.6
2020-09-28,21.57,20.5,21.57,20.41,8547.68
2020-09-29,20.72,21.22,21.5,20.7,12944.07
2020-09-30,21.48,21.55,22.04,21.14,13363.22
2020-10-09,21.81,21.96,22.16,21.81,13152.19
2020-10-12,21.96,22.24,22.31,21.8,19943.9
2020-10-13,22.24,22.31,22.77,21.98,21545.46
2020-10-14,22.43,21.8,22.43,21.77,13293.3
2020-10-15,21.78,21.2,21.98,21.13,15295.12
2020-10-16,21.17,21.03,21.4,20.89,9155.44
2020-10-19,21.31,20.89,21.36,20.75,9836.23
2020-10-20,20.78,21.06,21.17,20.63,5724.5
2020-10-21,21.1,20.52,21.26,20.5,9236.03
2020-10-22,20.27,19.18,20.67,19.16,25320.97
2020-10-23,19.0,18.66,19.4,18.5,18455.93
2020-10-26,18.71,19.1,19.25,18.15,11385.17
2020-10-27,19.16,18.96,19.26,18.8,8715.48
2020-10-28,19.02,18.11,19.1,17.54,25335.28
2020-10-29,18.38,18.92,19.38,18.37,38989.44
2020-10-30,19.25,19.27,19.86,18.81,32511.07
2020-11-02,19.27,19.17,19.73,18.76,16741.2
2020-11-03,19.01,19.56,19.67,19.0,13603.57
2020-11-04,19.72,19.74,20.06,19.4,13360.73
2020-11-05,20.11,19.69,20.11,19.47,11920.84
2020-11-06,19.94,19.36,19.99,19.29,10063.15
2020-11-09,19.2,19.54,19.75,19.07,22437.39
2020-11-10,19.62,19.17,19.72,19.13,10062.72
2020-11-11,19.23,18.5,19.33,18.45,9083.76
2020-11-12,18.42,19.09,19.82,18.42,11880.95
2020-11-13,19.3,19.15,19.3,18.54,11887.33
2020-11-16,19.9,19.31,19.9,19.2,13902.09
2020-11-17,19.63,19.24,19.63,19.07,6768.17
2020-11-18,19.16,19.29,19.49,19.1,7985.52
2020-11-19,19.29,19.44,19.55,19.23,9040.21
2020-11-20,19.38,19.23,19.43,19.0,5402.69
2020-11-23,19.23,18.97,19.27,18.6,11091.53
2020-11-24,19.1,18.99,19.18,18.83,7139.12
2020-11-25,18.99,19.0,19.14,18.81,6231.17
2020-11-26,18.92,18.53,18.99,18.42,6718.65
2020-11-27,18.47,18.45,18.58,18.33,5572.98
2020-11-30,18.53,18.42,18.71,18.33,6509.31
2020-12-01,18.32,18.4,18.54,18.32,5990.59
2020-12-02,18.32,18.42,18.6,18.29,6798.33
2020-12-03,18.42,18.21,18.42,17.91,10340.2
2020-12-04,18.08,17.83,18.27,17.75,11894.98
2020-12-07,17.88,17.39,17.95,17.38,10968.01
2020-12-08,17.37,17.02,17.59,16.99,15608.24
2020-12-09,17.01,16.51,17.01,16.47,18767.69
2020-12-10,16.63,16.09,16.63,15.84,20924.19
2020-12-11,16.17,15.96,16.2,15.53,23862.98
2020-12-14,15.82,16.16,16.83,15.64,24446.18
2020-12-15,16.31,16.5,16.66,16.02,14208.16
2020-12-16,16.42,16.44,16.74,16.32,10943.13
2020-12-17,16.31,16.7,16.84,16.12,15286.12
2020-12-18,16.7,16.52,16.93,16.45,12971.96
2020-12-21,16.42,16.6,16.77,16.41,10009.23
2020-12-22,16.46,16.5,16.77,16.31,10298.64
2020-12-23,16.5,16.45,16.65,16.28,9212.99
2020-12-24,16.4,16.23,16.63,15.94,9535.4
2020-12-25,16.02,16.11,16.33,15.99,6268.74
2020-12-28,16.11,15.64,16.17,15.59,12410.53
2020-12-29,15.67,15.5,15.73,15.37,11270.3
2020-12-30,15.53,15.45,15.67,15.24,13099.03
2020-12-31,15.52,15.52,15.85,15.43,18814.84
2021-01-04,15.69,16.07,16.17,15.53,19825.32
2021-01-05,16.0,16.81,17.27,16.0,33384.85
2021-01-06,16.95,16.5,17.05,16.36,17450.85
2021-01-07,16.54,15.73,16.54,15.45,20066.98
2021-01-08,15.8,15.3,15.82,15.15,22207.77
2021-01-11,14.81,13.82,14.96,13.51,45112.7
2021-01-12,13.67,13.52,13.96,13.51,19925.61
2021-01-13,13.62,13.17,13.62,13.07,17570.69
2021-01-14,13.31,13.73,14.1,13.09,25456.71
2021-01-15,14.07,14.33,14.8,13.89,28639.81
2021-01-18,14.57,14.17,14.57,13.99,20021.82
2021-01-19,14.23,14.57,14.78,14.09,19190.24
2021-01-20,14.58,14.44,14.6,14.2,9980.35
2021-01-21,14.49,14.56,14.69,14.36,10996.02
2021-01-22,14.46,14.52,14.91,14.21,15318.34
2021-01-25,14.47,14.25,14.55,14.11,14655.42
2021-01-26,14.01,14.24,14.57,13.95,10625.55
2021-01-27,14.22,13.88,14.33,13.71,11230.99
2021-01-28,13.9,13.92,14.37,13.78,10300.43
2021-01-29,14.08,13.98,14.17,13.63,9755.4
2021-02-01,13.98,14.19,14.24,13.82,9113.79
2021-02-02,14.37,14.32,14.6,14.04,14286.37
2021-02-03,14.18,13.89,14.67,13.7,11605.57
2021-02-04,13.89,13.47,13.89,13.13,13683.52
2021-02-05,13.56,13.34,13.75,13.29,7026.53
2021-02-08,13.46,12.98,13.6,12.92,12634.04
2021-02-09,13.09,13.5,13.69,12.93,15275.77
2021-02-10,13.46,13.7,15.02,13.39,41195.26
2021-02-18,14.09,13.75,14.09,13.62,24426.99
2021-02-19,13.87,14.15,14.17,13.65,36689.88
2021-02-22,14.18,14.4,14.72,14.17,29734.59
2021-02-23,14.46,14.3,14.55,13.9,18716.56
2021-02-24,14.4,14.4,14.63,14.27,20346.83
2021-02-25,14.44,14.05,14.57,14.04,15069.6
2021-02-26,13.99,14.1,14.21,13.7,10046.22
2021-03-01,14.05,14.25,14.28,14.05,13193.78
2021-03-02,14.24,14.34,14.6,14.19,17981.71
2021-03-03,14.38,14.63,14.71,14.18,19815.91
2021-03-04,14.47,14.67,14.93,14.45,22372.64
2021-03-05,14.55,14.95,14.99,14.55,18165.36
2021-03-08,15.01,14.98,15.65,14.98,24990.79
2021-03-09,15.07,14.24,15.18,14.23,22188.86
2021-03-10,14.28,14.22,14.54,13.93,13740.56
2021-03-11,13.93,14.31,14.34,13.93,10518.66
2021-03-12,14.38,14.05,14.38,14.05,7355.49
2021-03-15,13.96,13.61,14.14,13.51,12934.8
2021-03-16,13.61,13.68,13.81,13.56,11508.44
2021-03-17,13.86,13.69,13.86,13.6,9572.19
2021-03-18,13.74,13.55,13.8,13.52,10925.79
2021-03-19,13.51,13.4,13.67,13.34,17734.27
2021-03-22,13.41,13.54,13.65,13.33,13942.34
2021-03-23,13.58,13.43,13.65,13.39,11026.19
2021-03-24,13.35,13.57,13.66,13.34,11819.6
2021-03-25,13.53,13.63,13.75,13.46,7121.69
2021-03-26,13.59,13.6,13.75,13.58,12331.6
2021-03-29,13.55,13.51,13.67,13.51,8274.81
2021-03-30,13.46,12.45,13.6,11.98,45330.93
2021-03-31,12.21,12.31,12.53,12.18,9826.68
2021-04-01,12.17,12.67,12.93,12.17,18916.23
2021-04-02,12.78,12.54,12.78,12.51,11579.67
2021-04-06,12.69,13.02,13.26,12.69,18548.26
2021-04-07,13.06,13.07,13.16,12.94,8557.09
2021-04-08,13.02,12.8,13.11,12.78,8467.91
2021-04-09,12.73,12.9,12.91,12.62,10538.06
2021-04-12,13.02,12.72,13.06,12.6,7017.15
2021-04-13,12.72,12.46,12.73,12.36,7334.36
2021-04-14,12.5,12.58,12.67,12.35,7085.87
2021-04-15,12.6,12.65,12.74,12.53,5479.46
2021-04-16,12.68,13.21,13.21,12.63,13407.52
2021-04-19,13.25,13.49,13.66,13.18,18163.64
2021-04-20,13.47,13.86,14.44,13.47,39889.23
2021-04-21,13.62,14.23,14.26,13.62,36906.74
2021-04-22,14.06,13.97,14.2,13.81,25527.55
2021-04-23,13.9,13.73,13.9,13.62,16924.05
2021-04-26,13.22,13.12,13.6,13.09,25448.12
2021-04-27,13.12,12.43,13.27,12.16,24991.43
2021-04-28,12.49,12.48,12.66,12.3,9794.83
2021-04-29,12.45,12.41,12.52,12.4,9796.52
2021-04-30,12.48,12.12,12.48,12.06,11158.31
2021-05-06,12.16,12.11,12.23,11.93,9155.66
2021-05-07,12.15,11.89,12.15,11.81,13679.78
2021-05-10,11.85,11.48,12.06,11.38,19891.16
2021-05-11,11.4,11.48,11.61,11.39,11092.64
2021-05-12,11.48,11.6,11.6,11.34,13071.45
2021-05-13,11.58,11.62,11.73,11.5,14177.93
2021-05-14,11.68,11.68,11.77,11.58,14150.99
2021-05-17,11.69,11.69,11.73,11.5,12379.06
2021-05-18,11.69,11.7,11.72,11.49,12048.03
2021-05-19,11.69,11.59,11.75,11.54,10552.44
2021-05-20,11.62,11.55,11.62,11.49,7322.22
2021-05-21,11.59,11.54,11.61,11.41,9787.88
2021-05-24,11.58,11.54,11.58,11.49,8530.07
2021-05-25,11.61,11.5,11.61,11.45,15682.07
2021-05-26,11.53,11.9,11.9,11.47,39199.35
2021-05-27,11.79,11.98,12.11,11.72,28643.25
2021-05-28,12.01,11.8,12.01,11.7,16595.22
2021-05-31,11.8,12.03,12.14,11.8,21881.34
2021-06-01,12.13,12.41,12.52,12.08,38212.51
2021-06-02,12.44,12.62,12.81,12.24,38203.71
2021-06-03,12.62,12.36,12.75,12.35,24465.32
2021-06-04,12.35,12.72,12.92,12.35,33945.99
2021-06-07,12.72,12.68,12.72,12.41,18765.01
2021-06-08,12.68,12.8,12.87,12.46,26230.18
2021-06-09,12.69,12.63,12.89,12.56,18593.55
2021-06-10,12.64,12.72,12.85,12.47,17907.58
2021-06-11,12.72,12.77,13.11,12.68,33875.47
2021-06-15,12.84,12.46,12.91,12.4,23086.47
2021-06-16,12.63,12.53,12.81,12.33,15413.43
2021-06-17,12.5,12.85,13.02,12.5,24638.37
2021-06-18,12.85,12.97,13.36,12.81,26830.84
2021-06-21,12.99,13.34,13.39,12.76,23558.57
2021-06-22,13.36,13.19,13.41,13.12,14058.24
2021-06-23,13.25,13.0,13.25,12.91,12829.71
2021-06-24,13.0,12.75,13.17,12.7,13562.01
2021-06-25,12.75,12.9,12.92,12.65,10701.64
2021-06-28,12.92,13.29,13.35,12.81,32501.74
2021-06-29,13.51,13.05,13.51,13.03,17836.87
2021-06-30,13.21,13.22,13.33,13.03,13501.38
2021-07-01,13.27,12.72,13.37,12.67,17139.72
2021-07-02,12.81,12.64,12.89,12.56,12473.47
2021-07-05,12.6,12.88,12.98,12.59,12377.35
2021-07-06,12.88,13.12,13.51,12.84,32501.67
2021-07-07,13.25,13.58,13.78,12.95,46864.74
2021-07-08,13.58,13.6,13.75,13.39,25684.66
2021-07-09,13.6,13.46,13.68,13.36,18015.81
2021-07-12,13.51,13.67,13.74,13.39,18918.02
2021-07-13,13.67,13.48,13.8,13.37,17027.27
2021-07-14,13.54,13.3,13.54,13.15,12084.82
2021-07-15,13.17,12.93,13.41,12.81,14045.79
2021-07-16,13.09,12.88,13.23,12.85,9475.29
2021-07-19,13.0,13.02,13.12,12.75,9705.87
2021-07-20,13.07,13.23,13.36,12.98,13694.65
2021-07-21,13.35,13.17,13.44,13.1,11755.35
2021-07-22,13.32,12.97,13.32,12.83,14971.62
2021-07-23,12.97,12.65,12.97,12.61,14765.32
2021-07-26,12.63,12.84,13.0,12.56,13100.08
2021-07-27,12.85,12.68,13.1,12.63,14303.52
2021-07-28,12.68,11.8,12.78,11.76,22080.19
2021-07-29,11.98,11.83,12.03,11.76,16071.79
2021-07-30,11.81,11.95,11.99,11.48,13877.44
2021-08-02,12.09,13.58,13.75,12.06,53137.92
2021-08-03,13.51,13.12,13.55,13.0,33102.38
2021-08-04,13.36,13.05,13.36,12.94,22721.15
2021-08-05,13.06,13.11,13.27,12.84,18990.9
2021-08-06,13.05,12.78,13.15,12.66,16583.52
2021-08-09,12.88,12.94,13.02,12.76,9281.89
2021-08-10,12.97,13.14,13.37,12.92,17431.44
2021-08-11,13.12,12.91,13.14,12.85,10968.57
2021-08-12,12.85,13.13,13.33,12.85,15178.81
2021-08-13,13.21,12.91,13.24,12.89,11979.42
2021-08-16,12.88,12.92,13.14,12.84,14367.57
2021-08-17,12.93,12.39,12.94,12.36,18365.02
2021-08-18,12.53,12.46,12.53,12.15,13681.51
2021-08-19,12.36,12.24,12.53,12.17,10363.66
2021-08-20,12.17,12.2,12.22,11.88,9408.15
2021-08-23,12.13,12.37,12.46,12.11,11985.41
2021-08-24,12.39,12.21,12.47,12.16,11866.88
2021-08-25,12.25,12.29,12.47,12.16,8599.9
2021-08-26,12.26,12.34,12.45,12.16,13316.26
2021-08-27,12.2,12.1,12.33,12.08,10649.67
2021-08-30,12.14,11.75,12.18,11.66,17626.81
2021-08-31,11.85,11.82,11.91,11.58,15689.59
2021-09-01,11.82,11.81,11.89,11.61,13976.58
2021-09-02,11.84,11.73,11.89,11.69,10863.24
2021-09-03,11.69,11.8,11.89,11.67,12654.58
2021-09-06,11.82,11.96,12.03,11.76,15852.07
2021-09-07,11.96,12.04,12.1,11.91,17191.34
2021-09-08,12.08,12.0,12.19,11.97,16108.88
2021-09-09,11.95,11.78,12.02,11.7,24410.89
2021-09-10,11.73,11.33,11.8,11.3,47830.8
2021-09-13,11.33,11.37,11.43,11.3,13020.29
2021-09-14,11.37,11.39,11.57,11.35,16095.73
2021-09-15,11.42,11.34,11.45,11.26,15930.85
2021-09-16,11.4,11.31,11.46,11.3,12258.61
2021-09-17,11.32,11.12,11.42,11.04,14854.69
2021-09-22,11.07,11.12,11.16,11.0,6991.49
2021-09-23,11.15,11.18,11.34,11.13,8031.33
2021-09-24,11.26,11.07,11.27,11.06,9126.26
2021-09-27,11.14,10.9,11.17,10.83,12197.59
2021-09-28,10.9,10.98,11.07,10.86,5982.04
2021-09-29,11.1,10.85,11.1,10.81,6907.28
2021-09-30,10.9,11.01,11.03,10.86,5204.46
2021-10-08,11.02,11.16,11.24,11.0,7439.42
2021-10-11,11.25,11.14,11.25,11.05,5458.87
2021-10-12,11.18,11.06,11.2,10.97,4656.13
2021-10-13,10.94,11.07,11.13,10.94,4481.27
2021-10-14,11.03,10.98,11.1,10.95,8861.86
2021-10-15,11.05,10.96,11.06,10.91,5771.0
2021-10-18,10.98,10.9,11.02,10.87,6840.33
2021-10-19,10.89,10.91,10.95,10.87,5639.44
2021-10-20,10.95,10.85,10.95,10.83,5838.9
2021-10-21,10.8,10.53,10.85,10.52,12799.21
2021-10-22,10.53,10.62,10.76,10.53,8719.66
2021-10-25,10.67,10.74,10.88,10.63,8113.09
2021-10-26,10.69,10.59,10.82,10.59,5841.91
2021-10-27,10.66,10.18,10.66,10.09,11288.2
2021-10-28,10.18,10.06,10.23,9.98,6388.29
2021-10-29,10.06,10.3,10.34,10.01,8506.39
2021-11-01,10.3,10.46,10.54,10.2,6222.19
2021-11-02,10.45,10.35,10.66,10.31,6596.89
2021-11-03,10.54,10.4,10.57,10.25,7606.79
2021-11-04,10.64,10.86,11.05,10.42,22349.81
2021-11-05,10.86,10.82,11.05,10.75,13999.2
2021-11-08,10.87,10.74,10.97,10.7,7586.86
2021-11-09,10.68,10.72,10.8,10.67,5797.54
2021-11-10,10.78,10.8,10.96,10.66,8826.24
2021-11-11,10.75,10.81,11.04,10.74,9522.83
2021-11-12,10.81,10.88,10.88,10.73,8242.08
2021-11-15,10.97,11.14,11.14,10.79,15567.69
2021-11-16,11.14,10.9,11.14,10.89,11621.08
2021-11-17,10.98,10.93,11.01,10.84,6874.77
2021-11-18,10.98,10.69,10.98,10.69,12535.55
2021-11-19,10.69,10.82,10.95,10.69,11943.83
2021-11-22,10.8,10.78,10.81,10.68,12100.54
2021-11-23,10.78,10.87,10.92,10.77,9685.05
2021-11-24,10.8,10.85,10.95,10.75,12300.36
2021-11-25,10.9,10.98,11.05,10.79,17782.88
2021-11-26,10.99,10.71,10.99,10.7,20459.97
2021-11-29,10.65,10.8,11.0,10.57,20093.98
2021-11-30,10.8,10.93,10.97,10.74,17613.53
2021-12-01,10.86,11.03,11.04,10.8,17560.45
2021-12-02,11.01,10.86,11.09,10.81,17717.18
2021-12-03,10.86,10.84,10.97,10.81,13798.27
2021-12-06,10.84,10.55,10.89,10.53,16191.72
2021-12-07,10.68,10.5,10.68,10.47,9757.4
2021-12-08,10.5,10.54,10.6,10.5,8696.88
2021-12-09,10.49,10.65,10.67,10.48,12314.25
2021-12-10,10.64,10.44,10.64,10.39,23220.21
2021-12-13,10.43,10.36,10.46,10.29,25711.71
2021-12-14,10.36,10.48,10.58,10.35,18037.18
2021-12-15,10.49,10.44,10.54,10.39,13977.01
2021-12-16,10.37,10.47,10.5,10.37,8926.65
2021-12-17,10.44,10.4,10.48,10.36,10321.15
2021-12-20,10.38,10.4,10.5,10.34,18211.46
2021-12-21,10.39,10.5,10.54,10.37,12665.47
2021-12-22,10.48,10.6,10.66,10.46,14982.68
2021-12-23,10.6,10.53,10.6,10.45,11907.52
2021-12-24,10.53,10.45,10.57,10.3,16694.8
2021-12-27,10.51,10.73,10.79,10.45,29142.1
2021-12-28,10.52,10.52,10.66,10.45,16251.52
2021-12-29,10.62,10.51,10.65,10.49,13142.52
2021-12-30,10.56,10.59,10.62,10.49,16813.07
2021-12-31,10.64,10.73,10.76,10.54,28976.05
2022-01-04,10.76,10.95,11.12,10.73,49679.09
2022-01-05,11.03,11.1,11.13,10.81,47001.53
2022-01-06,11.05,10.99,11.25,10.95,32539.2
2022-01-07,10.98,11.1,11.31,10.98,58969.68
2022-01-10,11.32,11.21,11.36,11.07,37829.35
2022-01-11,11.13,11.18,11.32,11.1,36339.34
2022-01-12,11.16,11.16,11.26,11.03,32765.86
2022-01-13,11.16,11.12,11.3,11.02,23561.76
2022-01-14,11.15,11.38,11.56,11.07,55580.91
2022-01-17,11.37,11.48,11.61,11.28,34897.39
2022-01-18,11.66,10.95,11.66,10.9,51699.4
2022-01-19,10.98,10.89,11.06,10.84,19816.07
2022-01-20,10.84,10.63,11.03,10.6,26745.84
2022-01-21,10.64,10.47,10.68,10.45,16539.46
2022-01-24,10.48,10.21,10.49,10.21,20621.4
2022-01-25,10.21,9.69,10.34,9.67,27115.86
2022-01-26,9.67,9.74,9.81,9.65,16771.69
2022-01-27,9.67,9.47,9.79,9.46,14392.52
2022-01-28,9.6,9.59,9.72,9.47,18069.42
2022-02-07,9.63,9.65,9.83,9.63,14769.31
2022-02-08,9.67,9.75,9.86,9.64,15437.61
2022-02-09,9.8,9.82,9.89,9.75,17557.85
2022-02-10,9.83,9.85,9.94,9.77,17103.67
2022-02-11,9.81,9.55,9.83,9.53,16999.81
2022-02-14,9.53,9.56,9.63,9.49,9999.98
2022-02-15,9.59,9.52,9.6,9.48,9827.44
2022-02-16,9.61,9.59,9.67,9.53,12341.82
2022-02-17,9.58,9.55,9.64,9.55,10296.17
2022-02-18,9.52,9.59,9.59,9.47,12843.7
2022-02-21,9.61,9.73,9.76,9.54,18731.29
2022-02-22,9.74,9.63,9.74,9.54,12427.61
2022-02-23,9.67,9.74,9.75,9.63,18118.18
2022-02-24,9.71,9.44,9.78,9.31,28446.67
2022-02-25,9.43,9.57,9.59,9.43,15266.46
2022-02-28,9.54,9.46,9.54,9.33,14113.24
2022-03-01,9.45,9.59,9.61,9.45,12791.75
2022-03-02,9.6,9.69,9.74,9.53,15221.27
2022-03-03,9.75,9.66,9.75,9.6,11697.0
2022-03-04,9.66,9.58,9.75,9.57,16292.98
2022-03-07,9.61,9.53,9.71,9.48,9148.13
2022-03-08,9.46,9.12,9.56,9.11,19542.96
2022-03-09,9.11,8.79,9.21,8.61,23903.98
2022-03-10,8.98,8.97,9.08,8.89,12874.48
2022-03-11,8.91,9.16,9.21,8.83,16560.08
2022-03-14,9.16,9.08,9.36,9.08,13551.85
2022-03-15,9.07,8.7,9.07,8.69,13313.88
2022-03-16,8.83,8.65,8.83,8.34,23722.51
2022-03-17,8.7,8.85,8.92,8.7,24836.68
2022-03-18,8.8,8.91,8.96,8.74,14627.7
2022-03-21,8.85,8.96,9.01,8.83,9859.4
2022-03-22,8.95,8.98,9.06,8.8,10789.67
2022-03-23,9.04,8.9,9.05,8.85,9111.22
2022-03-24,8.96,8.75,8.96,8.72,14946.88
2022-03-25,8.76,8.8,8.93,8.74,7851.87
2022-03-28,8.8,8.74,8.92,8.67,9924.06
2022-03-29,8.74,8.77,8.88,8.74,9409.46
2022-03-30,8.85,8.83,8.86,8.74,6511.83
2022-03-31,8.8,8.84,8.96,8.79,8409.24
2022-04-01,8.82,8.82,8.87,8.74,7471.78
2022-04-06,8.78,8.94,8.98,8.77,14763.81
2022-04-07,8.94,8.67,8.98,8.66,15029.3
2022-04-08,8.68,8.66,8.85,8.51,12485.98
2022-04-11,8.63,8.37,8.66,8.34,11782.41
2022-04-12,8.48,8.49,8.5,8.17,10782.47
2022-04-13,8.43,8.58,8.7,8.35,9477.65
2022-04-14,8.57,8.55,8.67,8.5,7052.57
2022-04-15,8.56,8.4,8.6,8.35,6385.5
2022-04-18,8.27,8.59,8.67,8.27,9671.04
2022-04-19,8.59,8.68,8.96,8.54,14461.77
2022-04-20,8.68,8.6,8.74,8.53,12393.35
2022-04-21,8.65,8.21,8.71,8.21,15769.63
2022-04-22,8.23,8.18,8.4,7.99,17882.47
2022-04-25,8.12,7.32,8.14,7.32,21420.99
2022-04-26,7.53,7.27,7.53,7.03,11828.92
2022-04-27,7.0,7.25,7.34,6.78,21575.54
2022-04-28,7.1,6.9,7.23,6.83,15470.06
2022-04-29,7.04,7.22,7.34,6.93,16496.33
2022-05-05,7.27,7.39,7.48,7.07,16480.38
2022-05-06,7.03,7.44,7.52,6.98,13690.91
2022-05-09,7.42,7.6,7.71,7.4,12769.99
2022-05-10,7.58,7.69,7.77,7.37,12741.21
2022-05-11,7.69,7.73,7.93,7.65,15631.68
2022-05-12,7.68,7.82,8.08,7.64,23716.85
2022-05-13,7.83,7.7,8.04,7.64,17589.64
2022-05-16,7.77,7.8,7.94,7.7,13574.93
2022-05-17,7.79,7.94,8.38,7.6,26151.4
2022-05-18,8.01,7.89,8.05,7.83,16529.11
2022-05-19,7.71,7.89,7.96,7.71,10201.49
2022-05-20,7.92,7.94,7.97,7.84,10320.09
2022-05-23,7.93,8.08,8.12,7.93,10509.83
2022-05-24,8.08,7.67,8.08,7.67,13981.89
2022-05-25,7.67,7.84,7.86,7.67,8688.36
2022-05-26,7.92,7.79,7.95,7.67,7027.66
2022-05-27,7.83,7.8,7.86,7.74,6884.06
2022-05-30,8.06,8.7,8.91,7.93,46807.73
2022-05-31,8.49,8.37,8.49,8.18,51642.89
2022-06-01,8.31,8.64,8.69,8.27,44893.79
2022-06-02,8.54,8.86,8.99,8.45,47314.94
2022-06-06,9.0,8.85,9.0,8.75,55888.2
2022-06-07,8.7,8.4,8.72,8.37,46841.93
2022-06-08,8.45,8.34,8.5,8.13,32864.14
2022-06-09,8.33,8.1,8.35,7.98,27219.31
2022-06-10,8.08,8.11,8.19,8.01,15331.16
2022-06-13,8.11,8.05,8.18,7.99,18466.01
2022-06-14,8.0,7.96,8.03,7.81,18785.73
2022-06-15,7.91,7.95,8.11,7.9,18496.07
2022-06-16,7.96,7.99,8.07,7.91,19812.19
2022-06-17,7.96,7.95,8.05,7.88,20981.01
2022-06-20,7.95,8.03,8.1,7.95,19769.84
2022-06-21,8.05,7.96,8.1,7.87,21665.23
2022-06-22,7.98,7.8,8.0,7.76,16603.36
2022-06-23,7.81,7.91,7.92,7.75,15535.46
2022-06-24,7.96,7.92,7.99,7.9,14183.96
2022-06-27,7.98,7.93,8.01,7.9,12763.12
2022-06-28,7.87,7.96,7.97,7.82,17864.4
2022-06-29,7.95,7.74,8.0,7.72,21206.58
2022-06-30,7.78,7.7,7.81,7.69,13996.38
2022-07-01,7.72,7.72,7.8,7.68,10851.47
2022-07-04,7.76,8.0,8.01,7.63,24385.2
2022-07-05,7.97,7.87,8.03,7.78,22461.0
2022-07-06,7.78,7.82,7.95,7.78,17029.06
2022-07-07,7.86,7.78,7.9,7.76,11808.03
2022-07-08,7.78,7.97,8.01,7.78,18324.95
2022-07-11,7.98,8.02,8.21,7.96,23212.03
2022-07-12,8.03,7.83,8.06,7.81,15033.72
2022-07-13,7.86,7.88,7.94,7.78,9476.81
2022-07-14,7.93,7.93,8.01,7.85,12608.39
2022-07-15,7.94,7.69,7.98,7.67,15822.07
2022-07-18,7.71,7.93,7.96,7.71,15415.88
2022-07-19,7.96,8.01,8.06,7.94,15562.29
2022-07-20,7.98,8.03,8.05,7.98,11967.13
2022-07-21,8.03,8.1,8.18,8.01,19572.65
2022-07-22,8.18,8.1,8.27,8.02,17764.04
2022-07-25,8.13,8.08,8.22,8.05,12428.45
2022-07-26,8.12,8.1,8.18,7.98,9942.65
2022-07-27,8.15,8.17,8.19,8.05,9931.26
2022-07-28,8.18,8.15,8.24,8.14,15944.81
2022-07-29,8.23,8.06,8.23,8.04,11957.22
2022-08-01,8.04,8.08,8.13,8.01,13004.18
2022-08-02,8.07,7.83,8.09,7.66,20547.74
2022-08-03,7.79,7.79,8.01,7.77,13749.85
2022-08-04,7.79,8.05,8.05,7.79,14611.89
2022-08-05,7.99,8.18,8.21,7.97,20381.58
2022-08-08,8.19,8.21,8.27,8.16,17069.64
2022-08-09,8.17,8.18,8.21,8.07,13501.28
2022-08-10,8.13,8.2,8.26,8.13,14671.82
2022-08-11,8.17,8.32,8.34,8.17,16828.31
2022-08-12,8.32,8.41,8.42,8.26,20406.64
2022-08-15,8.41,8.3,8.47,8.27,20079.98
2022-08-16,8.3,8.32,8.36,8.25,14707.89
2022-08-17,8.32,8.29,8.35,8.24,12203.77
2022-08-18,8.32,8.24,8.32,8.15,13763.38
2022-08-19,8.21,8.2,8.34,8.19,12800.1
2022-08-22,8.22,8.22,8.25,8.15,9702.68
2022-08-23,8.17,8.25,8.31,8.15,10981.1
2022-08-24,8.3,8.06,8.33,8.04,16826.31
2022-08-25,8.01,8.0,8.15,7.92,12552.54
2022-08-26,8.0,7.95,8.07,7.89,13882.51
2022-08-29,7.88,8.03,8.04,7.88,8793.4
2022-08-30,7.96,7.96,8.08,7.91,11210.33
2022-08-31,7.96,7.77,7.97,7.72,18503.76
2022-09-01,7.72,7.74,7.84,7.72,10258.76
2022-09-02,7.74,7.85,7.88,7.73,8228.82
2022-09-05,7.8,7.75,7.91,7.7,13537.71
2022-09-06,7.83,7.75,7.83,7.7,14353.64
2022-09-07,7.74,7.61,7.74,7.58,18701.31
2022-09-08,7.67,7.46,7.67,7.46,16132.18
2022-09-09,7.46,7.46,7.47,7.39,16403.48
2022-09-13,7.46,7.55,7.64,7.46,15453.28
2022-09-14,7.45,7.42,7.48,7.39,15582.56
2022-09-15,7.43,7.29,7.45,7.24,15626.61
2022-09-16,7.35,7.07,7.36,7.06,17744.47
2022-09-19,7.06,6.99,7.15,6.94,9499.06
2022-09-20,7.0,7.06,7.13,6.99,8888.08
2022-09-21,7.07,7.08,7.15,6.96,10864.63
2022-09-22,6.99,7.05,7.09,6.99,8858.48
2022-09-23,7.05,6.94,7.1,6.9,12633.28
2022-09-26,6.92,6.87,6.95,6.82,12613.85
2022-09-27,6.91,7.09,7.12,6.9,12760.99
2022-09-28,7.11,6.99,7.17,6.95,9841.79
2022-09-29,7.03,7.01,7.11,6.96,10898.85
2022-09-30,6.97,7.03,7.07,6.9,12582.99
2022-10-10,7.0,6.96,7.14,6.85,14253.56
2022-10-11,6.96,6.91,6.97,6.85,8648.21
2022-10-12,6.91,7.08,7.08,6.79,11997.25
2022-10-13,7.09,7.19,7.27,7.03,18916.98
2022-10-14,7.26,7.4,7.46,7.13,26324.19
2022-10-17,7.4,7.53,7.59,7.35,26531.37
2022-10-18,7.64,7.49,7.64,7.46,11605.44
2022-10-19,7.46,7.43,7.54,7.37,11679.18
2022-10-20,7.36,7.41,7.53,7.36,12189.66
2022-10-21,7.46,7.48,7.52,7.35,14742.92
2022-10-24,7.55,7.25,7.55,7.24,14647.1
2022-10-25,7.24,7.21,7.35,7.15,14319.2
2022-10-26,7.34,7.46,7.52,7.32,32620.74
2022-10-27,7.46,7.56,7.59,7.4,20482.18
2022-10-28,7.56,7.29,7.56,7.26,18788.41
2022-10-31,7.54,7.73,7.92,7.37,49901.48
2022-11-01,7.75,7.79,7.83,7.61,32495.38
2022-11-02,7.79,7.84,7.98,7.69,34373.87
2022-11-03,7.82,8.0,8.03,7.78,30828.26
2022-11-04,7.99,7.92,8.03,7.86,25456.67
2022-11-07,7.95,8.25,8.34,7.89,66079.79
2022-11-08,8.24,8.45,8.72,8.2,103709.17
2022-11-09,8.47,8.82,9.05,8.47,108157.64
2022-11-10,8.87,9.19,9.41,8.76,100398.93
2022-11-11,9.19,8.9,9.28,8.84,96217.34
2022-11-14,9.01,8.93,9.12,8.84,57974.63
2022-11-15,9.04,8.94,9.05,8.77,47217.46
2022-11-16,8.95,8.97,9.12,8.85,28188.94
2022-11-17,8.87,8.97,9.03,8.87,17182.76
2022-11-18,8.95,8.84,9.05,8.84,19578.56
2022-11-21,8.84,8.87,8.99,8.66,26738.94
2022-11-22,8.89,8.77,9.07,8.73,26722.23
2022-11-23,8.81,8.59,8.81,8.49,29275.77
2022-11-24,8.6,8.58,8.78,8.54,14414.03
2022-11-25,8.69,8.49,8.69,8.47,16112.92
2022-11-28,8.5,8.4,8.52,8.19,15402.92
2022-11-29,8.4,8.56,8.62,8.3,19724.96
2022-11-30,8.63,8.48,8.63,8.4,13957.2
2022-12-01,8.54,8.59,8.62,8.42,14696.37
2022-12-02,8.55,8.64,8.69,8.55,15289.63
2022-12-05,8.64,8.78,8.96,8.64,53662.9
2022-12-06,8.92,8.72,8.99,8.7,24257.06
2022-12-07,8.72,8.75,8.8,8.65,14919.65
2022-12-08,8.76,8.6,8.85,8.56,14868.43
2022-12-09,8.64,8.48,8.69,8.42,18525.0
2022-12-12,8.46,8.54,8.66,8.4,20445.26
2022-12-13,8.56,8.56,8.74,8.48,12430.67
2022-12-14,8.58,8.33,8.69,8.31,13104.75
2022-12-15,8.41,8.45,8.53,8.28,14798.57
2022-12-16,8.44,8.32,8.48,8.3,9136.68
2022-12-19,8.26,8.11,8.33,8.04,17937.45
2022-12-20,8.01,8.04,8.28,8.01,9593.95
2022-12-21,8.01,8.02,8.19,8.01,11530.4
2022-12-22,8.09,7.9,8.14,7.88,7602.4
2022-12-23,7.88,8.09,8.2,7.88,29019.67
2022-12-26,8.16,7.95,8.17,7.91,17442.08
2022-12-27,7.93,7.88,8.09,7.84,12043.87
2022-12-28,7.91,7.8,7.94,7.72,12609.6
2022-12-29,7.79,7.69,7.86,7.68,7875.43
2022-12-30,7.68,7.8,7.81,7.68,6760.15
2023-01-03,7.73,7.99,8.01,7.72,22740.13
2023-01-04,7.98,8.13,8.24,7.95,18498.61
2023-01-05,8.14,8.08,8.22,8.03,7012.6
2023-01-06,8.11,8.0,8.19,7.98,10533.17
2023-01-09,8.01,8.13,8.23,8.01,13432.43
2023-01-10,8.13,8.1,8.17,7.97,10300.2
2023-01-11,8.14,8.1,8.21,8.03,12511.97
2023-01-12,8.08,8.07,8.22,8.05,6419.11
2023-01-13,8.09,8.22,8.23,8.07,9220.2
2023-01-16,8.2,8.34,8.49,8.18,18286.11
2023-01-17,8.44,8.24,8.44,8.22,10736.41
2023-01-18,8.24,8.24,8.33,8.18,14909.27
2023-01-19,8.25,8.32,8.36,8.17,17358.45
2023-01-20,8.32,8.37,8.43,8.31,12749.25
2023-01-30,8.45,8.43,8.52,8.36,17141.5
2023-01-31,8.53,8.35,8.53,8.32,13343.1
2023-02-01,8.35,8.54,8.56,8.35,28182.54
2023-02-02,8.54,8.56,8.64,8.49,18393.96
2023-02-03,8.56,8.57,8.63,8.48,18018.39
2023-02-06,8.57,8.62,8.65,8.51,29085.0
2023-02-07,8.64,8.56,8.68,8.54,15636.13
2023-02-08,8.56,8.56,8.61,8.56,11433.21
2023-02-09,8.58,8.61,8.62,8.48,16806.74
2023-02-10,8.6,8.64,8.72,8.56,15896.68
2023-02-13,8.65,8.71,8.77,8.6,16454.41
2023-02-14,8.72,8.62,8.74,8.61,11432.09
2023-02-15,8.67,8.68,8.69,8.59,15094.57
2023-02-16,8.68,8.48,8.73,8.37,21072.98
2023-02-17,8.45,8.23,8.58,8.21,60027.84
2023-02-20,8.25,8.19,8.34,8.08,51510.4
2023-02-21,8.27,8.26,8.28,8.18,15966.29
2023-02-22,8.26,8.23,8.27,8.2,16711.54
2023-02-23,8.23,8.25,8.39,8.18,23573.16
2023-02-24,8.22,8.23,8.27,8.2,15925.15
2023-02-27,8.25,8.15,8.33,8.15,20794.79
2023-02-28,8.15,8.21,8.23,8.09,36138.77
2023-03-01,8.22,8.21,8.23,8.17,24991.71
2023-03-02,8.2,8.2,8.27,8.18,19985.88
2023-03-03,8.2,8.14,8.22,8.12,15633.29
2023-03-06,8.15,8.11,8.17,8.09,15882.41
2023-03-07,8.14,7.95,8.18,7.95,21593.99
2023-03-08,7.96,8.0,8.01,7.94,13728.4
2023-03-09,8.04,8.06,8.11,8.0,14962.25
2023-03-10,8.09,7.96,8.09,7.94,11489.93
2023-03-13,7.92,7.81,7.95,7.78,20356.54
2023-03-14,7.86,7.85,7.93,7.75,17479.31
2023-03-15,8.01,7.93,8.01,7.89,12580.34
2023-03-16,7.92,7.8,7.95,7.8,9175.26
2023-03-17,7.92,7.8,7.92,7.79,14524.74
2023-03-20,7.87,7.75,7.87,7.69,14375.93
2023-03-21,7.8,7.89,7.92,7.71,24234.51
2023-03-22,7.92,7.94,8.01,7.88,13331.3
2023-03-23,7.94,7.94,7.96,7.89,12431.26
2023-03-24,7.91,7.99,8.02,7.91,13802.78
2023-03-27,8.02,8.01,8.05,7.86,19365.22
2023-03-28,8.06,7.99,8.06,7.94,10293.36
2023-03-29,8.03,7.96,8.05,7.89,11934.31
2023-03-30,7.96,7.91,7.98,7.87,10081.31
2023-03-31,7.96,8.04,8.07,7.91,17354.92
2023-04-03,8.03,8.1,8.16,8.01,18672.42
2023-04-04,8.11,8.07,8.19,8.05,16621.77
2023-04-06,8.08,8.08,8.12,8.02,15200.03
2023-04-07,8.09,8.16,8.17,8.05,15751.14
2023-04-10,8.12,8.07,8.19,8.05,15692.05
2023-04-11,8.06,7.99,8.08,7.97,14107.65
2023-04-12,8.03,7.98,8.05,7.95,13792.02
2023-04-13,8.01,7.92,8.01,7.9,14200.04
2023-04-14,7.95,7.98,7.99,7.88,15935.28
2023-04-17,7.92,8.04,8.11,7.92,19624.93
2023-04-18,8.08,7.99,8.13,7.92,20956.33
2023-04-19,8.01,7.92,8.08,7.91,16141.03
2023-04-20,7.87,7.84,7.94,7.81,11942.39
2023-04-21,7.91,7.65,7.91,7.64,17444.84
2023-04-24,7.63,7.47,7.69,7.45,19047.69
2023-04-25,7.49,7.25,7.5,7.15,19398.47
2023-04-26,7.27,7.35,7.49,7.27,14320.11
2023-04-27,7.36,7.41,7.45,7.3,11583.16
2023-04-28,7.36,7.55,7.56,7.33,13393.26
2023-05-04,7.58,7.63,7.65,7.51,11341.05
2023-05-05,7.63,7.51,7.63,7.47,18092.18
2023-05-08,7.53,7.51,7.58,7.48,12145.57
2023-05-09,7.59,7.48,7.61,7.45,13764.22
2023-05-10,7.49,7.44,7.52,7.42,10357.46
2023-05-11,7.48,7.42,7.49,7.38,16070.71
2023-05-12,7.45,7.42,7.51,7.37,16785.3
2023-05-15,7.47,7.46,7.47,7.32,17087.33
2023-05-16,7.49,7.46,7.51,7.43,11438.03
2023-05-17,7.42,7.51,7.54,7.42,9426.01
2023-05-18,7.51,7.49,7.56,7.46,9729.54
2023-05-19,7.5,7.53,7.56,7.44,12564.11
2023-05-22,7.57,7.58,7.6,7.52,13908.09
2023-05-23,7.58,7.55,7.64,7.54,16836.28
2023-05-24,7.55,7.54,7.58,7.46,14816.12
2023-05-25,7.53,7.58,7.58,7.51,11477.92
2023-05-26,7.54,7.61,7.61,7.52,13560.11
2023-05-29,7.64,7.62,7.69,7.59,15739.14
2023-05-30,7.61,7.63,7.69,7.55,14714.1
2023-05-31,7.6,7.58,7.65,7.58,9935.02
2023-06-01,7.66,7.56,7.66,7.54,12757.9
2023-06-02,7.57,7.53,7.64,7.52,20924.99
2023-06-05,7.48,7.54,7.62,7.48,12627.4
2023-06-06,7.49,7.32,7.53,7.32,16036.68
2023-06-07,7.35,7.33,7.4,7.31,14401.22
2023-06-08,7.39,7.27,7.39,7.22,10730.93
2023-06-09,7.3,7.28,7.32,7.2,12866.81
2023-06-12,7.28,7.26,7.33,7.16,11668.17
2023-06-13,7.26,7.28,7.29,7.24,13242.19
2023-06-14,7.28,7.23,7.28,7.23,16155.84
2023-06-15,7.23,7.25,7.26,7.21,14637.04
2023-06-16,7.25,7.26,7.27,7.22,15961.97
2023-06-19,7.29,7.27,7.3,7.25,15364.72
2023-06-20,7.27,7.25,7.28,7.17,11639.91
2023-06-21,7.2,7.09,7.26,7.09,16639.47
2023-06-26,7.09,7.01,7.13,6.99,10252.32
2023-06-27,7.07,7.12,7.12,7.03,6207.6
2023-06-28,7.12,7.16,7.17,7.03,10492.16
2023-06-29,7.16,7.25,7.27,7.16,12478.74
2023-06-30,7.24,7.33,7.35,7.21,17642.32
2023-07-03,7.34,7.35,7.39,7.32,13227.87
2023-07-04,7.41,7.39,7.41,7.32,8956.98
2023-07-05,7.34,7.4,7.44,7.34,6711.77
2023-07-06,7.41,7.39,7.41,7.34,7614.02
2023-07-07,7.41,7.44,7.45,7.35,9666.84
2023-07-10,7.45,7.42,7.51,7.4,9361.93
2023-07-11,7.43,7.39,7.45,7.37,16247.7
2023-07-12,7.41,7.35,7.48,7.35,14661.37
2023-07-13,7.34,7.48,7.49,7.34,21130.5
2023-07-14,7.49,7.45,7.49,7.44,7154.21
2023-07-17,7.46,7.46,7.47,7.39,10093.54
2023-07-18,7.47,7.55,7.57,7.43,16038.01
2023-07-19,7.57,7.58,7.65,7.53,16380.11
2023-07-20,7.63,7.57,7.63,7.54,12723.27
2023-07-21,7.5,7.57,7.62,7.5,9996.73
2023-07-24,7.57,7.54,7.6,7.53,8568.52
2023-07-25,7.58,7.59,7.63,7.54,12939.07
2023-07-26,7.65,7.61,7.66,7.58,12404.84
2023-07-27,7.6,7.62,7.65,7.59,10650.38
2023-07-28,7.62,7.7,7.7,7.56,12954.48
2023-07-31,7.8,7.71,7.8,7.65,17007.82
2023-08-01,7.73,7.64,7.74,7.6,17360.48
2023-08-02,7.65,7.64,7.68,7.59,10803.18
2023-08-03,7.66,7.66,7.67,7.6,9375.03
2023-08-04,7.63,7.58,7.7,7.57,9940.93
2023-08-07,7.58,7.54,7.58,7.49,11047.65
2023-08-08,7.54,7.58,7.6,7.5,7376.45
2023-08-09,7.58,7.58,7.64,7.49,11780.25
2023-08-10,7.57,7.53,7.58,7.5,6941.06
2023-08-11,7.54,7.44,7.57,7.43,14196.18
2023-08-14,7.41,7.51,7.52,7.33,20470.09
2023-08-15,7.45,7.53,7.54,7.44,11313.57
2023-08-16,7.52,7.49,7.54,7.45,6732.96
2023-08-17,7.52,7.52,7.53,7.41,9456.22
2023-08-18,7.51,7.45,7.58,7.45,12113.72
2023-08-21,7.41,7.37,7.49,7.35,12425.69
2023-08-22,7.37,7.31,7.41,7.19,16030.37
2023-08-23,7.4,7.3,7.4,7.25,11780.78
2023-08-24,7.3,7.28,7.37,7.2,9654.92
2023-08-25,7.31,7.17,7.38,7.16,11475.81
2023-08-28,7.5,7.28,7.5,7.24,16722.88
2023-08-29,7.3,7.48,7.5,7.24,14957.32
2023-08-30,7.53,7.55,7.63,7.45,37653.91
2023-08-31,7.57,7.41,7.58,7.38,21117.58
2023-09-01,7.43,7.42,7.47,7.35,18349.4
2023-09-04,7.45,7.38,7.45,7.35,19608.49
2023-09-05,7.36,7.33,7.41,7.3,17768.52
2023-09-06,7.3,7.35,7.35,7.27,11420.25
2023-09-07,7.35,7.21,7.35,7.18,13495.1
2023-09-08,7.21,7.2,7.25,7.18,10596.89
2023-09-11,7.25,7.39,7.43,7.22,21469.7
2023-09-12,7.42,7.39,7.42,7.33,11018.94
2023-09-13,7.4,7.3,7.41,7.28,10871.1
2023-09-14,7.32,7.27,7.32,7.22,8566.31
2023-09-15,7.25,7.35,7.4,7.22,11330.26
2023-09-18,7.36,7.38,7.4,7.27,8586.28
2023-09-19,7.38,7.36,7.4,7.32,8766.18
2023-09-20,7.32,7.34,7.39,7.29,8199.88
2023-09-21,7.34,7.25,7.37,7.24,16585.22
2023-09-22,7.26,7.34,7.35,7.19,11363.87
2023-09-25,7.36,7.31,7.36,7.29,8559.13
2023-09-26,7.32,7.27,7.33,7.27,5227.72
2023-09-27,7.28,7.38,7.4,7.24,9953.18
2023-09-28,7.37,7.4,7.42,7.33,10145.94
2023-10-09,7.4,7.36,7.42,7.31,13948.26
2023-10-10,7.38,7.28,7.39,7.26,13109.91
2023-10-11,7.29,7.3,7.4,7.27,15062.74
2023-10-12,7.33,7.29,7.35,7.27,14011.8
2023-10-13,7.29,7.22,7.3,7.21,12628.77
2023-10-16,7.3,7.23,7.3,7.19,15761.49
2023-10-17,7.23,7.19,7.25,7.16,9851.07
2023-10-18,7.2,7.07,7.22,7.07,15495.45
2023-10-19,7.09,7.03,7.13,6.97,14644.12
2023-10-20,7.1,6.98,7.1,6.97,12490.81
2023-10-23,6.99,6.78,7.0,6.77,16271.82
2023-10-24,6.8,7.0,7.02,6.78,19727.26
2023-10-25,7.03,7.08,7.13,7.01,11913.07
2023-10-26,7.06,7.09,7.14,7.03,8588.01
2023-10-27,7.07,7.2,7.23,7.04,13386.4
2023-10-30,7.24,7.35,7.37,7.16,21811.96
2023-10-31,7.33,7.36,7.4,7.29,18382.78
2023-11-01,7.4,7.4,7.42,7.32,20241.57
2023-11-02,7.42,7.39,7.43,7.34,18347.42
2023-11-03,7.39,7.37,7.43,7.36,17103.17
2023-11-06,7.42,7.43,7.49,7.36,16199.21
2023-11-07,7.51,7.43,7.51,7.37,21084.4
2023-11-08,7.47,7.53,7.57,7.43,22302.63
2023-11-09,7.54,7.56,7.58,7.47,23953.03
2023-11-10,7.56,7.56,7.62,7.47,20630.12
2023-11-13,7.6,7.72,7.72,7.56,20788.44
2023-11-14,7.72,7.71,7.77,7.65,20700.93
2023-11-15,7.72,7.74,7.78,7.72,13885.08
2023-11-16,7.76,7.71,7.77,7.68,15569.85
2023-11-17,7.7,7.83,7.83,7.67,19226.01
2023-11-20,7.84,8.01,8.01,7.8,23649.37
2023-11-21,8.02,7.94,8.02,7.9,19695.65
2023-11-22,7.95,7.9,7.99,7.9,19148.84
2023-11-23,7.92,7.96,8.02,7.91,23774.35
2023-11-24,7.94,7.95,7.99,7.91,15610.16
2023-11-27,7.95,7.99,8.01,7.91,19266.7
2023-11-28,8.04,7.98,8.08,7.92,26870.68
2023-11-29,8.0,7.92,8.03,7.87,27669.83
2023-11-30,7.95,7.88,7.95,7.79,35181.09
2023-12-01,7.88,7.82,7.91,7.78,27910.33
2023-12-04,7.85,7.79,7.87,7.75,25098.49
2023-12-05,7.84,7.76,7.86,7.75,22188.95
2023-12-06,7.76,7.78,7.88,7.7,24102.77
2023-12-07,7.78,7.87,7.9,7.77,42079.7
2023-12-08,7.84,7.69,7.89,7.68,29983.53
2023-12-11,7.65,7.74,7.75,7.59,26328.72
2023-12-12,7.8,7.7,7.8,7.64,19390.1
2023-12-13,7.73,7.69,7.77,7.66,13847.47
2023-12-14,7.72,7.63,7.78,7.61,21346.22
2023-12-15,7.63,7.55,7.69,7.54,19930.5
2023-12-18,7.59,7.52,7.66,7.49,14869.92
2023-12-19,7.55,7.54,7.6,7.47,22629.88
2023-12-20,7.54,7.5,7.6,7.47,16029.22
2023-12-21,7.5,7.51,7.54,7.36,20149.87
2023-12-22,7.58,7.42,7.58,7.38,19353.35
2023-12-25,7.53,7.38,7.54,7.32,18536.18
2023-12-26,7.45,7.27,7.47,7.24,15871.68
2023-12-27,7.35,7.35,7.37,7.23,15810.17
2023-12-28,7.4,7.39,7.45,7.23,18093.99
2023-12-29,7.42,7.43,7.47,7.37,15150.14
2024-01-02,7.48,7.42,7.53,7.42,23723.92
2024-01-03,7.4,7.37,7.47,7.31,22470.41
2024-01-04,7.44,7.34,7.44,7.29,14791.88
2024-01-05,7.32,7.17,7.36,7.15,27988.24
2024-01-08,7.19,7.03,7.21,7.03,22218.04
2024-01-09,7.04,7.08,7.15,7.01,18891.03
2024-01-10,7.14,7.03,7.16,7.02,16231.42
2024-01-11,7.09,7.19,7.2,7.05,15463.71
2024-01-12,7.15,7.15,7.29,7.08,19109.01
2024-01-15,7.2,7.14,7.21,7.1,17288.09
2024-01-16,7.18,7.11,7.19,7.03,19043.32
2024-01-17,7.15,6.94,7.15,6.89,17371.22
2024-01-18,7.04,6.78,7.04,6.56,31568.54
2024-01-19,6.76,6.64,6.82,6.63,19117.78
2024-01-22,6.74,6.25,6.74,6.21,28108.79
2024-01-23,6.33,6.16,6.33,6.1,28937.48
2024-01-24,6.17,6.24,6.29,6.01,27984.7
2024-01-25,6.29,6.66,6.69,6.21,29357.97
2024-01-26,6.66,6.6,6.71,6.51,27335.15
2024-01-29,6.64,6.35,6.64,6.33,26370.79
2024-01-30,6.36,6.16,6.41,6.09,19615.92
2024-01-31,6.17,5.82,6.17,5.79,33379.43
2024-02-01,5.81,5.63,5.82,5.51,36130.21
2024-02-02,5.62,5.3,5.76,5.11,39613.56
2024-02-05,5.24,4.63,5.25,4.55,61781.68
2024-02-06,4.53,4.63,4.88,4.15,65263.38
2024-02-07,4.63,4.36,4.64,4.26,64414.13
2024-02-08,4.4,4.89,4.91,4.23,64861.27
2024-02-19,4.93,4.98,5.21,4.9,49331.96
2024-02-20,4.99,5.01,5.02,4.91,19199.01
2024-02-21,4.99,5.08,5.26,4.92,35358.67
2024-02-22,5.08,5.23,5.24,5.07,28899.26
2024-02-23,5.27,5.45,5.47,5.2,28339.59
2024-02-26,5.48,5.57,5.79,5.42,45395.94
2024-02-27,5.56,5.67,5.68,5.51,34653.94
2024-02-28,5.67,5.16,5.93,5.14,70049.11
2024-02-29,5.1,5.34,5.36,5.1,39340.26
2024-03-01,5.4,5.45,5.47,5.35,31592.67
2024-03-04,5.47,5.42,5.52,5.33,27210.53
2024-03-05,5.44,5.3,5.49,5.27,25112.54
2024-03-06,5.34,5.27,5.35,5.2,23455.41
2024-03-07,5.29,5.2,5.42,5.18,27700.8
2024-03-08,5.19,5.25,5.37,5.18,17677.17
2024-03-11,5.27,5.34,5.35,5.21,21104.32
2024-03-12,5.38,5.49,5.5,5.31,30032.57
2024-03-13,5.48,5.43,5.53,5.4,26285.82
2024-03-14,5.45,5.37,5.61,5.33,24805.65
2024-03-15,5.4,5.51,5.52,5.33,21348.42
2024-03-18,5.57,5.67,5.74,5.57,26502.7
2024-03-19,5.67,5.63,5.73,5.62,22715.07
2024-03-20,5.67,5.76,5.76,5.61,32774.65
2024-03-21,5.79,5.71,5.81,5.63,35390.68
2024-03-22,5.74,5.59,5.77,5.56,35607.59
2024-03-25,5.57,5.57,5.76,5.56,44352.01
2024-03-26,5.57,5.58,5.66,5.46,26284.18
2024-03-27,5.57,5.44,5.68,5.44,25066.76
2024-03-28,5.42,5.47,5.58,5.4,22463.16
2024-03-29,5.54,5.58,5.6,5.46,22476.33
2024-04-01,5.62,5.73,5.74,5.58,25340.89
2024-04-02,5.74,5.75,5.78,5.69,27896.27
2024-04-03,5.75,5.79,5.82,5.64,26699.28
2024-04-08,5.8,5.53,5.8,5.49,26876.56
2024-04-09,5.49,5.66,5.68,5.49,17847.99
2024-04-10,5.66,5.45,5.66,5.41,20795.53
2024-04-11,5.4,5.43,5.52,5.37,17098.66
2024-04-12,5.38,5.36,5.5,5.35,17738.07
2024-04-15,5.42,4.88,5.52,4.8,52201.0
2024-04-16,4.74,4.37,4.8,4.36,57697.36
2024-04-17,4.47,4.77,4.82,4.36,37052.02
2024-04-18,4.77,4.71,4.79,4.63,23205.44
2024-04-19,4.7,4.69,4.8,4.63,20451.57
2024-04-22,4.71,4.73,4.79,4.49,20327.92
2024-04-23,4.73,4.87,4.89,4.72,19564.88
2024-04-24,4.86,4.89,4.92,4.8,15560.38
2024-04-25,4.91,4.96,5.01,4.84,16585.68
2024-04-26,4.96,5.02,5.05,4.87,21970.24
2024-04-29,5.02,5.33,5.33,5.01,28479.56
2024-04-30,5.36,5.25,5.36,5.2,28116.47
2024-05-06,5.29,5.44,5.44,5.28,28066.51
2024-05-07,5.42,5.42,5.47,5.37,18199.14
2024-05-08,5.47,5.49,5.58,5.38,36890.45
2024-05-09,5.5,5.66,5.71,5.5,47946.11
2024-05-10,5.64,5.58,5.7,5.56,33839.88
2024-05-13,5.63,5.59,5.67,5.48,41895.88
2024-05-14,5.57,5.5,5.64,5.47,31175.26
2024-05-15,5.47,5.56,5.74,5.47,40399.98
2024-05-16,5.57,5.48,5.58,5.46,20633.53
2024-05-17,5.52,5.53,5.56,5.46,16462.08
2024-05-20,5.54,5.47,5.62,5.47,17749.45
2024-05-21,5.5,5.48,5.54,5.47,22168.85
2024-05-22,5.48,5.46,5.53,5.43,14184.11
2024-05-23,5.49,5.35,5.49,5.33,22067.83
2024-05-24,5.42,5.27,5.42,5.27,13373.58
2024-05-27,5.29,5.24,5.34,5.15,11945.33
2024-05-28,5.22,5.18,5.31,5.16,16346.27
2024-05-29,5.23,5.14,5.25,5.11,17090.86
2024-05-30,5.1,5.07,5.16,5.02,13848.29
2024-05-31,5.09,5.09,5.12,5.04,11815.13
2024-06-03,5.08,4.85,5.09,4.81,22872.63
2024-06-04,4.82,4.76,4.83,4.67,25734.31
2024-06-05,4.78,4.6,4.78,4.6,22704.55
2024-06-06,4.62,4.35,4.65,4.27,39669.11
2024-06-07,4.4,4.5,4.54,4.35,27884.84
2024-06-11,4.5,4.47,4.5,4.39,25874.89
2024-06-12,4.44,4.48,4.51,4.44,16643.09
2024-06-13,4.48,4.55,4.65,4.39,27370.42
2024-06-14,4.55,4.47,4.57,4.44,20912.72
2024-06-17,4.5,4.39,4.5,4.37,15426.32
2024-06-18,4.39,4.44,4.46,4.36,14466.47
2024-06-19,4.46,4.38,4.48,4.38,16333.91
2024-06-20,4.4,4.43,4.48,4.38,22007.43
2024-06-21,4.43,4.42,4.48,4.36,14382.38
2024-06-24,4.39,4.19,4.42,4.18,25663.37
2024-06-25,4.19,4.2,4.26,4.17,16331.84
2024-06-26,4.21,4.34,4.34,4.17,36313.85
2024-06-27,4.36,4.18,4.36,4.17,26424.41
2024-06-28,4.18,4.17,4.23,4.15,24829.45
2024-07-01,4.19,4.16,4.21,4.11,18111.63
2024-07-02,4.17,4.22,4.26,4.14,14351.45
2024-07-03,4.23,4.22,4.28,4.2,14489.52
2024-07-04,4.24,4.06,4.24,4.04,21406.82
2024-07-05,4.06,4.12,4.13,4.0,17263.99
2024-07-08,4.15,3.97,4.15,3.95,19352.51
2024-07-09,3.98,3.99,4.02,3.86,25163.64
2024-07-10,4.06,4.0,4.06,3.95,13408.28
2024-07-11,4.03,4.15,4.16,4.03,16416.15
2024-07-12,4.13,4.12,4.21,4.09,13737.28
2024-07-15,4.16,4.02,4.16,4.01,14106.9
2024-07-16,4.01,4.01,4.05,3.96,10508.33
2024-07-17,4.0,3.98,4.04,3.98,10513.8
2024-07-18,3.97,3.96,3.98,3.87,15674.51
2024-07-19,3.95,3.99,4.02,3.93,11723.11
2024-07-22,3.99,4.04,4.06,3.96,7688.07
2024-07-23,4.04,3.94,4.09,3.93,15210.17
2024-07-24,3.9,3.84,3.95,3.83,16592.5
2024-07-25,3.84,3.88,3.93,3.8,7966.46
2024-07-26,3.88,3.92,3.95,3.88,9617.82
2024-07-29,3.93,3.92,3.94,3.85,8800.1
2024-07-30,3.95,3.95,3.98,3.85,14989.17
2024-07-31,3.95,4.09,4.1,3.92,25547.48
2024-08-01,4.1,4.11,4.18,4.09,24394.78
2024-08-02,4.12,4.14,4.22,4.08,31049.61
2024-08-05,4.11,4.06,4.18,4.06,24125.21
2024-08-06,4.08,4.2,4.2,4.08,16456.18
2024-08-07,4.21,4.18,4.21,4.13,13976.0
2024-08-08,4.2,4.22,4.23,4.15,16188.09
2024-08-09,4.22,4.15,4.23,4.14,10744.18
2024-08-12,4.15,4.19,4.24,4.14,16338.81
2024-08-13,4.2,4.2,4.23,4.12,14156.39
2024-08-14,4.21,4.12,4.21,4.12,12987.74
2024-08-15,4.13,4.14,4.19,4.07,16855.84
2024-08-16,4.16,4.16,4.19,4.09,14595.95
2024-08-19,4.14,4.1,4.14,4.08,17837.99
2024-08-20,4.13,4.01,4.14,3.97,12431.63
2024-08-21,4.02,3.95,4.02,3.92,14096.37
2024-08-22,3.94,3.89,4.02,3.87,15393.71
2024-08-23,3.88,3.78,3.91,3.76,21401.26
2024-08-26,3.76,3.92,3.92,3.76,17992.44
2024-08-27,3.9,3.86,3.94,3.84,11223.29
2024-08-28,3.85,3.88,3.92,3.83,11416.92
2024-08-29,3.88,3.89,3.93,3.83,13579.73
2024-08-30,3.93,3.92,3.98,3.86,21014.39
2024-09-02,3.93,3.86,3.97,3.86,15415.34
2024-09-03,3.87,3.87,3.92,3.83,10451.28
2024-09-04,3.84,3.84,3.88,3.82,13026.81
2024-09-05,3.82,3.86,3.88,3.82,22333.8
2024-09-06,3.86,3.79,3.88,3.78,16242.26
2024-09-09,3.78,3.86,3.86,3.76,14501.76
2024-09-10,3.88,3.88,3.9,3.79,13619.16
2024-09-11,3.85,3.87,3.94,3.85,10093.73
2024-09-12,3.84,3.86,3.95,3.84,7764.25
2024-09-13,3.87,3.78,3.9,3.78,9816.4
2024-09-18,3.81,3.68,3.81,3.63,18502.69
2024-09-19,3.67,3.78,3.8,3.67,12299.36
2024-09-20,3.77,3.68,3.77,3.66,16521.62
2024-09-23,3.7,3.67,3.73,3.65,8861.84
2024-09-24,3.67,3.82,3.82,3.67,20814.82
2024-09-25,3.86,3.9,3.95,3.86,24546.93
2024-09-26,3.9,4.02,4.02,3.89,22682.36
2024-09-27,4.09,4.23,4.27,4.04,27127.57
2024-09-30,4.39,4.86,4.95,4.3,80771.37
2024-10-08,5.75,5.47,5.77,5.07,108821.8
2024-10-09,5.38,4.87,5.38,4.8,56185.09
2024-10-10,4.96,4.85,5.03,4.81,42360.86
2024-10-11,4.85,4.64,4.9,4.6,38359.29
2024-10-14,4.68,4.8,4.83,4.53,30251.81
2024-10-15,4.76,4.66,4.82,4.66,20365.55
2024-10-16,4.63,4.63,4.69,4.57,21688.95
2024-10-17,4.64,4.58,4.73,4.58,16544.82
2024-10-18,4.58,4.78,4.87,4.57,37993.43
2024-10-21,4.87,4.8,4.87,4.69,49836.44
2024-10-22,4.79,4.86,4.91,4.72,34442.76
2024-10-23,4.88,4.93,4.96,4.82,38496.54
2024-10-24,4.89,4.93,5.02,4.89,27682.8
2024-10-25,4.91,5.02,5.04,4.89,33882.18
2024-10-28,5.02,5.21,5.22,5.02,54645.65
2024-10-29,5.27,5.03,5.27,5.03,41235.51
2024-10-30,5.06,5.0,5.09,4.89,34277.88
2024-10-31,4.99,5.12,5.16,4.96,44921.4
2024-11-01,5.15,4.99,5.21,4.97,35287.1
2024-11-04,4.98,5.09,5.09,4.95,24422.98
2024-11-05,5.1,5.2,5.23,5.09,53694.62
2024-11-06,5.22,5.22,5.26,5.13,50161.74
2024-11-07,5.18,5.47,5.53,5.17,70298.82
2024-11-08,5.53,5.55,5.75,5.52,82259.92
2024-11-11,5.58,5.87,5.92,5.55,80962.71
2024-11-12,5.87,5.66,5.91,5.59,81027.61
2024-11-13,5.65,5.55,5.73,5.43,59921.53
2024-11-14,5.57,5.39,5.6,5.37,37576.53
2024-11-15,5.4,5.31,5.47,5.23,37505.54
2024-11-18,5.35,5.25,5.43,5.2,36574.89
2024-11-19,5.29,5.35,5.35,5.21,31817.6
2024-11-20,5.4,5.49,5.5,5.36,33150.85
2024-11-21,5.49,5.52,5.57,5.47,28578.05
2024-11-22,5.52,5.24,5.53,5.24,32809.91
2024-11-25,5.3,5.4,5.46,5.26,40963.61
2024-11-26,5.45,5.39,5.51,5.37,29675.51
2024-11-27,5.44,5.42,5.45,5.17,29841.54
2024-11-28,5.44,5.47,5.56,5.42,27290.08
2024-11-29,5.44,5.58,5.64,5.44,30904.9
2024-12-02,5.58,5.75,5.78,5.58,36438.06
2024-12-03,5.74,5.7,5.78,5.65,33843.77
2024-12-04,5.67,5.58,5.71,5.52,26732.77
2024-12-05,5.55,5.65,5.67,5.55,22929.17
2024-12-06,5.66,5.76,5.82,5.62,34501.07
2024-12-09,5.77,5.88,5.91,5.73,51305.1
2024-12-10,6.02,5.84,6.09,5.8,51050.07
2024-12-11,5.88,6.09,6.1,5.8,61297.71
2024-12-12,6.1,6.3,6.3,5.99,87091.29
2024-12-13,6.28,6.12,6.32,6.06,71834.35
2024-12-16,6.18,6.26,6.34,6.12,61501.22
2024-12-17,6.3,5.91,6.31,5.85,69912.29
2024-12-18,5.9,5.85,6.0,5.76,40712.86
2024-12-19,5.88,5.91,5.93,5.76,33027.86
2024-12-20,5.92,6.0,6.04,5.87,24782.33
2024-12-23,6.14,5.69,6.14,5.6,36725.82
2024-12-24,5.69,5.63,5.76,5.56,22587.44
2024-12-25,5.66,5.39,5.66,5.34,22940.87
2024-12-26,5.37,5.47,5.52,5.37,14606.49
2024-12-27,5.52,5.66,5.76,5.45,23455.22
2024-12-30,5.69,5.61,5.69,5.41,21010.02
2024-12-31,5.55,5.47,5.64,5.42,18550.11
2025-01-02,5.51,5.28,5.54,5.26,21052.25
2025-01-03,5.3,5.02,5.4,5.02,26900.01
2025-01-06,5.03,5.0,5.12,4.86,18742.19
2025-01-07,5.0,5.1,5.11,4.95,12491.12
2025-01-08,5.05,5.02,5.14,4.86,18772.21
2025-01-09,5.01,5.09,5.15,4.92,12727.15
2025-01-10,5.14,4.93,5.15,4.93,8934.01
2025-01-13,4.92,5.01,5.05,4.82,15316.84
2025-01-14,5.06,5.28,5.32,5.02,19431.51
2025-01-15,5.32,5.33,5.37,5.24,14497.78
2025-01-16,5.31,5.28,5.43,5.27,14441.35
2025-01-17,5.32,5.22,5.32,5.2,10837.18
2025-01-20,5.24,5.29,5.34,5.22,15808.35
2025-01-21,5.31,5.19,5.33,5.17,11682.89
2025-01-22,5.19,5.18,5.27,5.12,16919.22
2025-01-23,5.2,5.2,5.34,5.18,19212.85
2025-01-24,5.18,5.27,5.29,5.12,17789.17
2025-01-27,5.25,5.37,5.43,5.25,21269.09
2025-02-05,5.37,5.41,5.42,5.33,12281.75
2025-02-06,5.46,5.47,5.5,5.37,17900.24
2025-02-07,5.53,5.61,5.64,5.45,21256.24
2025-02-10,5.68,5.74,5.76,5.58,22576.97
2025-02-11,5.73,5.65,5.74,5.62,15367.9
2025-02-12,5.66,5.63,5.72,5.59,21587.02
2025-02-13,5.62,5.55,5.66,5.51,14527.76
2025-02-14,5.58,5.6,5.66,5.53,15935.03
2025-02-17,5.56,5.7,5.74,5.56,20576.63
2025-02-18,5.68,5.6,5.76,5.59,23925.29
2025-02-19,5.6,5.73,5.73,5.51,19040.44
2025-02-20,5.73,5.74,5.79,5.63,17735.08
2025-02-21,5.75,5.75,5.78,5.66,17664.13
2025-02-24,5.75,5.75,5.83,5.69,23157.87
2025-02-25,5.73,5.68,5.77,5.67,18521.26
2025-02-26,5.68,5.73,5.76,5.67,19839.01
2025-02-27,5.76,5.74,5.78,5.64,21853.49
2025-02-28,5.71,5.63,5.75,5.61,20182.89
2025-03-03,5.68,5.74,5.82,5.61,27365.04
2025-03-04,5.76,5.79,5.82,5.69,20383.56
2025-03-05,5.85,5.7,5.85,5.66,20535.37
2025-03-06,5.71,5.75,5.8,5.67,23160.95
2025-03-07,5.76,5.72,5.78,5.69,15229.51
2025-03-10,5.74,5.76,5.83,5.7,24242.18
2025-03-11,5.8,5.89,5.95,5.7,44546.09
2025-03-12,5.88,5.93,5.97,5.85,45789.83
2025-03-13,6.0,5.93,6.0,5.82,41219.5
2025-03-14,5.88,5.93,5.94,5.87,26915.04
2025-03-17,5.94,5.93,5.98,5.91,28114.47
2025-03-18,5.95,5.93,5.96,5.9,19076.53
2025-03-19,5.91,5.88,5.95,5.85,20170.6
2025-03-20,5.91,5.87,5.91,5.83,25775.12
2025-03-21,5.87,5.75,5.88,5.73,21481.01
2025-03-24,5.72,5.51,5.77,5.43,28882.54
2025-03-25,5.51,5.66,5.67,5.43,27255.52
2025-03-26,5.63,5.82,5.9,5.63,33077.55
2025-03-27,5.83,5.88,5.93,5.79,32884.88
2025-03-28,5.92,5.83,6.03,5.83,32538.81
2025-03-31,5.78,5.51,5.83,5.38,52067.78
2025-04-01,5.51,5.8,5.9,5.5,54877.76
2025-04-02,5.83,5.81,5.88,5.73,23478.0
2025-04-03,5.82,6.0,6.06,5.8,59968.42
2025-04-07,5.75,5.1,5.99,4.97,68956.81
2025-04-08,5.05,5.38,5.46,5.05,61447.69
2025-04-09,5.33,5.79,5.89,4.99,90910.37
2025-04-10,5.83,5.72,5.89,5.66,50928.93
2025-04-11,5.63,5.84,5.93,5.63,56940.55
2025-04-14,5.86,5.78,5.88,5.74,29010.52
2025-04-15,5.71,5.84,5.89,5.71,31932.12
2025-04-16,5.88,5.5,5.88,5.37,57401.82
2025-04-17,5.54,5.63,5.67,5.44,28153.25
2025-04-18,5.64,5.51,5.65,5.44,21467.11
2025-04-21,5.46,5.65,5.73,5.44,29451.8
2025-04-22,5.67,5.63,5.67,5.55,19495.88
2025-04-23,5.66,5.57,5.75,5.56,17953.6
2025-04-24,5.55,5.49,5.62,5.47,23987.21
2025-04-25,5.54,5.46,5.54,5.44,16536.78
2025-04-28,5.43,5.36,5.44,5.34,22634.37
2025-04-29,5.4,5.47,5.53,5.31,17183.46
2025-04-30,5.45,5.51,5.58,5.45,20964.85
2025-05-06,5.56,5.58,5.62,5.5,23465.25
2025-05-07,5.65,5.7,5.73,5.65,27204.66
2025-05-08,5.68,5.72,5.77,5.63,17185.34
2025-05-09,5.7,5.71,5.82,5.67,19369.55
2025-05-12,5.71,5.76,5.86,5.68,31420.64
2025-05-13,5.81,5.7,5.84,5.68,13686.64
2025-05-14,5.66,5.68,5.74,5.66,16362.87
2025-05-15,5.71,5.79,5.83,5.66,32932.09
2025-05-16,5.79,5.81,5.85,5.73,26133.42
2025-05-19,5.85,5.87,5.9,5.79,23455.54
2025-05-20,5.94,6.11,6.14,5.88,49845.0
2025-05-21,6.1,6.05,6.14,6.03,33934.58
2025-05-22,6.07,5.84,6.12,5.79,57468.93
2025-05-23,5.86,5.74,5.88,5.73,38472.82
2025-05-26,5.79,5.77,5.85,5.71,27495.31
2025-05-27,5.8,5.82,5.84,5.72,22043.14
2025-05-28,5.83,5.76,5.88,5.73,25963.76
2025-05-29,5.73,5.9,5.91,5.73,33679.08
2025-05-30,5.9,5.92,5.94,5.83,28891.89
2025-06-03,5.93,5.96,6.01,5.89,25577.09
2025-06-04,5.96,5.98,6.05,5.93,21593.39
2025-06-05,6.02,5.87,6.03,5.85,29076.3
2025-06-06,5.87,5.89,5.97,5.83,19682.72
2025-06-09,5.9,5.99,6.0,5.88,27347.98
2025-06-10,6.02,6.02,6.08,5.93,34536.11
2025-06-11,6.06,6.02,6.07,6.01,19886.53
2025-06-12,5.98,6.01,6.04,5.95,17178.7
2025-06-13,6.01,5.96,6.16,5.9,42359.17
2025-06-16,5.95,5.94,6.02,5.9,23727.93
2025-06-17,5.97,5.9,6.04,5.86,28972.07
2025-06-18,5.92,5.93,5.96,5.86,29240.79
2025-06-19,5.88,5.77,5.94,5.73,27948.0
2025-06-20,5.75,5.74,5.87,5.71,21273.07
2025-06-23,5.7,5.85,5.85,5.7,25232.03
2025-06-24,5.88,5.98,6.0,5.84,21841.04
2025-06-25,6.0,6.01,6.09,5.93,27954.31
2025-06-26,6.06,5.95,6.1,5.93,24984.31
2025-06-27,5.97,6.06,6.12,5.92,33982.19
2025-06-30,6.15,6.11,6.15,6.04,31712.31
2025-07-01,6.1,6.1,6.15,6.05,30544.69
2025-07-02,6.09,6.11,6.14,6.04,26471.24
2025-07-03,6.14,6.12,6.16,6.07,31947.24
2025-07-04,6.12,6.05,6.14,6.03,27652.3
2025-07-07,6.08,6.13,6.13,6.04,21778.9
2025-07-08,6.15,6.16,6.22,6.1,37247.81
2025-07-09,6.14,6.19,6.19,6.12,24794.73
2025-07-10,6.2,6.17,6.25,6.13,39887.65
2025-07-11,6.15,6.22,6.25,6.15,39671.7
2025-07-14,6.23,6.34,6.34,6.17,46187.92
2025-07-15,6.35,6.2,6.35,6.09,59974.35
2025-07-16,6.15,6.39,6.39,6.12,53624.54
2025-07-17,6.36,6.42,6.55,6.32,102839.09
2025-07-18,6.43,6.36,6.48,6.28,60009.45
2025-07-21,6.4,6.45,6.47,6.37,58616.94
2025-07-22,6.48,6.49,6.53,6.43,53563.7
2025-07-23,6.52,6.52,6.58,6.45,52988.76
2025-07-24,6.47,6.63,6.67,6.47,53178.96
2025-07-25,6.64,6.64,6.76,6.57,54664.92
2025-07-28,6.62,6.76,6.79,6.61,50936.11
2025-07-29,6.75,6.85,7.11,6.7,104093.18
2025-07-30,6.84,6.9,7.08,6.78,100053.59
2025-07-31,7.01,7.07,7.49,6.85,168612.15
2025-08-01,7.1,8.48,8.48,7.06,298002.46
2025-08-04,8.48,7.97,8.48,7.59,406904.32
2025-08-05,8.06,8.83,9.15,7.89,410672.92
2025-08-06,9.0,8.51,9.15,8.3,299714.54
2025-08-07,8.44,8.55,8.69,7.86,279324.84
2025-08-08,8.52,9.38,10.22,8.12,464517.29
2025-08-11,9.54,9.96,10.32,9.5,372262.38
2025-08-12,10.0,9.47,10.29,9.47,260714.22
2025-08-13,9.51,9.47,9.78,9.35,175951.31
2025-08-14,9.47,8.91,9.5,8.9,194163.05
2025-08-15,8.91,10.69,10.69,8.91,435315.22
2025-08-18,11.88,12.83,12.83,11.88,132714.77
2025-08-19,15.4,15.4,15.4,14.31,195625.25
2025-08-20,15.8,14.75,17.57,14.33,804250.41
2025-08-21,14.5,13.0,14.93,12.94,468112.99
2025-08-22,13.52,12.74,13.6,12.59,317620.73
2025-08-25,12.8,14.5,15.0,12.68,520954.16
2025-08-26,14.51,13.28,14.57,13.26,313076.6
2025-08-27,13.59,12.94,13.79,12.68,212700.48
2025-08-28,12.95,12.59,12.95,11.86,249907.99
2025-08-29,12.58,12.38,12.8,12.2,180354.49
2025-09-01,12.8,12.6,13.09,12.3,203687.02
2025-09-02,12.6,11.79,12.6,11.73,169398.26
2025-09-03,11.9,11.75,12.05,11.62,114771.94
2025-09-04,12.0,11.4,12.15,11.22,131207.98
