,时间,开盘,收盘,最高,最低,涨跌幅,涨跌额,成交量,成交额,振幅,换手率
0,2025-07-11 09:35:00,54.13,54.81,55.28,54.13,0.09,0.05,3495,19146933.0,2.1,0.68
1,2025-07-11 09:40:00,54.82,54.93,54.93,54.7,0.22,0.12,1012,5549257.0,0.42,0.2
2,2025-07-11 09:45:00,54.9,55.18,55.24,54.82,0.46,0.25,1675,9220387.0,0.76,0.32
3,2025-07-11 09:50:00,55.17,54.91,55.27,54.74,-0.49,-0.27,1329,7307876.0,0.96,0.26
4,2025-07-11 09:55:00,54.91,54.98,55.0,54.73,0.13,0.07,770,4220121.0,0.49,0.15
5,2025-07-11 10:00:00,54.96,54.98,55.05,54.87,0.0,0.0,459,2523406.0,0.33,0.09
6,2025-07-11 10:05:00,54.97,55.13,55.18,54.94,0.27,0.15,418,2301729.0,0.44,0.08
7,2025-07-11 10:10:00,55.12,54.88,55.12,54.87,-0.45,-0.25,431,2372269.0,0.45,0.08
8,2025-07-11 10:15:00,54.88,54.88,54.97,54.8,0.0,0.0,339,1860002.0,0.31,0.07
9,2025-07-11 10:20:00,54.87,54.93,55.06,54.87,0.09,0.05,730,4008165.0,0.35,0.14
10,2025-07-11 10:25:00,54.97,55.0,55.08,54.95,0.13,0.07,762,4191601.0,0.24,0.15
11,2025-07-11 10:30:00,55.05,55.09,55.12,55.0,0.16,0.09,344,1893877.0,0.22,0.07
12,2025-07-11 10:35:00,55.1,55.02,55.18,55.02,-0.13,-0.07,386,2126883.0,0.29,0.07
13,2025-07-11 10:40:00,55.01,54.98,55.14,54.98,-0.07,-0.04,509,2801822.0,0.29,0.1
14,2025-07-11 10:45:00,54.98,54.95,55.0,54.9,-0.05,-0.03,379,2082004.0,0.18,0.07
15,2025-07-11 10:50:00,54.95,54.88,54.95,54.8,-0.13,-0.07,351,1925414.0,0.27,0.07
16,2025-07-11 10:55:00,54.9,55.16,55.22,54.9,0.51,0.28,775,4271833.0,0.58,0.15
17,2025-07-11 11:00:00,55.16,55.05,55.21,55.05,-0.2,-0.11,366,2018411.0,0.29,0.07
18,2025-07-11 11:05:00,55.05,55.05,55.12,55.05,0.0,0.0,121,666529.0,0.13,0.02
19,2025-07-11 11:10:00,55.05,55.22,55.27,55.05,0.31,0.17,431,2378942.0,0.4,0.08
20,2025-07-11 11:15:00,55.22,55.01,55.22,55.01,-0.38,-0.21,402,2215585.0,0.38,0.08
21,2025-07-11 11:20:00,55.01,54.95,55.08,54.95,-0.11,-0.06,157,863713.0,0.24,0.03
22,2025-07-11 11:25:00,54.95,55.0,55.13,54.95,0.09,0.05,147,808830.0,0.33,0.03
23,2025-07-11 11:30:00,55.07,55.77,55.88,55.03,1.4,0.77,1693,9391113.0,1.55,0.33
24,2025-07-11 13:05:00,55.89,55.66,55.94,55.55,-0.2,-0.11,1374,7665309.0,0.7,0.27
25,2025-07-11 13:10:00,55.55,55.68,55.77,55.54,0.04,0.02,624,3470944.0,0.41,0.12
26,2025-07-11 13:15:00,55.68,55.59,55.69,55.42,-0.16,-0.09,426,2367425.0,0.48,0.08
27,2025-07-11 13:20:00,55.6,56.3,56.6,55.6,1.28,0.71,2520,14171197.0,1.8,0.49
28,2025-07-11 13:25:00,56.33,55.9,56.5,55.9,-0.71,-0.4,889,5004436.0,1.07,0.17
29,2025-07-11 13:30:00,55.91,55.96,55.99,55.82,0.11,0.06,663,3704808.0,0.3,0.13
30,2025-07-11 13:35:00,55.98,55.99,56.14,55.9,0.05,0.03,528,2958186.0,0.43,0.1
31,2025-07-11 13:40:00,55.99,55.94,56.04,55.88,-0.09,-0.05,379,2120012.0,0.29,0.07
32,2025-07-11 13:45:00,55.93,55.88,55.97,55.82,-0.11,-0.06,268,1498062.0,0.27,0.05
33,2025-07-11 13:50:00,55.94,56.0,56.05,55.89,0.21,0.12,310,1735502.0,0.29,0.06
34,2025-07-11 13:55:00,56.0,55.95,56.06,55.88,-0.09,-0.05,224,1253905.0,0.32,0.04
35,2025-07-11 14:00:00,55.95,55.84,55.95,55.8,-0.2,-0.11,494,2758442.0,0.27,0.1
36,2025-07-11 14:05:00,55.84,55.91,55.95,55.81,0.13,0.07,254,1419580.0,0.25,0.05
37,2025-07-11 14:10:00,55.91,56.22,56.22,55.87,0.55,0.31,583,3265730.0,0.63,0.11
38,2025-07-11 14:15:00,56.28,56.15,56.29,56.01,-0.12,-0.07,598,3356584.0,0.5,0.12
39,2025-07-11 14:20:00,56.13,56.1,56.23,56.1,-0.09,-0.05,414,2325811.0,0.23,0.08
40,2025-07-11 14:25:00,56.14,56.05,56.14,55.96,-0.09,-0.05,198,1109649.0,0.32,0.04
41,2025-07-11 14:30:00,56.03,56.31,56.58,56.03,0.46,0.26,1885,10619695.0,0.98,0.36
42,2025-07-11 14:35:00,56.32,56.45,56.6,56.32,0.25,0.14,1723,9735870.0,0.5,0.33
43,2025-07-11 14:40:00,56.42,56.19,56.42,56.1,-0.46,-0.26,1074,6037279.0,0.57,0.21
44,2025-07-11 14:45:00,56.16,56.1,56.2,56.06,-0.16,-0.09,909,5101505.0,0.25,0.18
45,2025-07-11 14:50:00,56.1,56.01,56.1,55.88,-0.16,-0.09,1006,5630172.0,0.39,0.19
46,2025-07-11 14:55:00,56.01,56.17,56.17,55.99,0.29,0.16,1244,6971783.0,0.32,0.24
47,2025-07-11 15:00:00,56.19,56.27,56.27,56.07,0.18,0.1,1586,8912018.0,0.36,0.31
48,2025-07-14 09:35:00,55.37,55.65,55.97,55.3,-1.1,-0.62,1938,10774479.0,1.19,0.37
49,2025-07-14 09:40:00,55.69,55.57,55.82,55.39,-0.14,-0.08,1684,9354246.0,0.77,0.33
50,2025-07-14 09:45:00,55.57,55.74,56.05,55.41,0.31,0.17,1255,6984818.0,1.15,0.24
51,2025-07-14 09:50:00,55.44,55.72,55.89,55.44,-0.04,-0.02,811,4521855.0,0.81,0.16
52,2025-07-14 09:55:00,55.73,55.79,55.96,55.66,0.13,0.07,808,4506942.0,0.54,0.16
53,2025-07-14 10:00:00,55.84,55.66,55.9,55.66,-0.23,-0.13,261,1455862.0,0.43,0.05
54,2025-07-14 10:05:00,55.66,55.73,55.97,55.66,0.13,0.07,596,3323647.0,0.56,0.12
55,2025-07-14 10:10:00,55.73,55.68,55.73,55.54,-0.09,-0.05,508,2826355.0,0.34,0.1
56,2025-07-14 10:15:00,55.68,55.61,55.88,55.61,-0.13,-0.07,301,1678343.0,0.48,0.06
57,2025-07-14 10:20:00,55.62,55.81,55.85,55.58,0.36,0.2,202,1125216.0,0.49,0.04
58,2025-07-14 10:25:00,55.85,55.9,56.12,55.8,0.16,0.09,688,3846446.0,0.57,0.13
59,2025-07-14 10:30:00,55.88,55.63,55.9,55.6,-0.48,-0.27,380,2117985.0,0.54,0.07
60,2025-07-14 10:35:00,55.63,56.03,56.05,55.58,0.72,0.4,404,2253234.0,0.84,0.08
61,2025-07-14 10:40:00,56.03,55.98,56.12,55.9,-0.09,-0.05,422,2364746.0,0.39,0.08
62,2025-07-14 10:45:00,55.98,56.05,56.09,55.9,0.13,0.07,243,1361290.0,0.34,0.05
63,2025-07-14 10:50:00,56.05,56.27,56.36,56.04,0.39,0.22,669,3760198.0,0.57,0.13
64,2025-07-14 10:55:00,56.32,55.93,56.32,55.92,-0.6,-0.34,734,4117963.0,0.71,0.14
65,2025-07-14 11:00:00,55.95,55.86,55.95,55.78,-0.13,-0.07,356,1987937.0,0.3,0.07
66,2025-07-14 11:05:00,55.86,55.68,55.86,55.61,-0.32,-0.18,235,1309932.0,0.45,0.05
67,2025-07-14 11:10:00,55.71,55.73,55.74,55.64,0.09,0.05,314,1748773.0,0.18,0.06
68,2025-07-14 11:15:00,55.7,55.81,55.81,55.61,0.14,0.08,264,1470950.0,0.36,0.05
69,2025-07-14 11:20:00,55.77,55.76,55.77,55.63,-0.09,-0.05,139,773903.0,0.25,0.03
70,2025-07-14 11:25:00,55.76,55.67,55.77,55.66,-0.16,-0.09,131,729733.0,0.2,0.03
71,2025-07-14 11:30:00,55.65,55.62,55.71,55.62,-0.09,-0.05,141,784744.0,0.16,0.03
72,2025-07-14 13:05:00,55.62,55.44,55.62,55.3,-0.32,-0.18,739,4099923.0,0.58,0.14
73,2025-07-14 13:10:00,55.39,55.7,55.7,55.38,0.47,0.26,891,4942393.0,0.58,0.17
74,2025-07-14 13:15:00,55.89,55.62,55.89,55.57,-0.14,-0.08,220,1223952.0,0.57,0.04
75,2025-07-14 13:20:00,55.59,55.53,55.59,55.44,-0.16,-0.09,169,938479.0,0.27,0.03
76,2025-07-14 13:25:00,55.56,55.65,55.7,55.55,0.22,0.12,124,689521.0,0.27,0.02
77,2025-07-14 13:30:00,55.62,55.62,55.7,55.62,-0.05,-0.03,150,834791.0,0.14,0.03
78,2025-07-14 13:35:00,55.63,55.63,55.67,55.53,0.02,0.01,176,978648.0,0.25,0.03
79,2025-07-14 13:40:00,55.63,55.56,55.63,55.45,-0.13,-0.07,205,1138570.0,0.32,0.04
80,2025-07-14 13:45:00,55.56,55.54,55.57,55.53,-0.04,-0.02,82,455443.0,0.07,0.02
81,2025-07-14 13:50:00,55.53,55.51,55.6,55.47,-0.05,-0.03,183,1015731.0,0.23,0.04
82,2025-07-14 13:55:00,55.52,55.48,55.55,55.41,-0.05,-0.03,333,1847300.0,0.25,0.06
83,2025-07-14 14:00:00,55.48,55.41,55.48,55.39,-0.13,-0.07,273,1513067.0,0.16,0.05
84,2025-07-14 14:05:00,55.41,55.46,55.49,55.4,0.09,0.05,237,1314148.0,0.16,0.05
85,2025-07-14 14:10:00,55.46,55.47,55.57,55.44,0.02,0.01,241,1337471.0,0.23,0.05
86,2025-07-14 14:15:00,55.49,55.49,55.54,55.47,0.04,0.02,209,1160327.0,0.13,0.04
87,2025-07-14 14:20:00,55.5,55.46,55.53,55.45,-0.05,-0.03,362,2008456.0,0.14,0.07
88,2025-07-14 14:25:00,55.46,55.57,55.58,55.46,0.2,0.11,233,1293957.0,0.22,0.05
89,2025-07-14 14:30:00,55.55,55.56,55.63,55.55,-0.02,-0.01,138,767099.0,0.14,0.03
90,2025-07-14 14:35:00,55.61,55.59,55.68,55.55,0.05,0.03,290,1612361.0,0.23,0.06
91,2025-07-14 14:40:00,55.57,55.46,55.57,55.44,-0.23,-0.13,270,1498316.0,0.23,0.05
92,2025-07-14 14:45:00,55.5,55.5,55.56,55.46,0.07,0.04,402,2231404.0,0.18,0.08
93,2025-07-14 14:50:00,55.5,55.73,55.85,55.5,0.41,0.23,709,3948980.0,0.63,0.14
94,2025-07-14 14:55:00,55.77,55.78,55.78,55.6,0.09,0.05,649,3613220.0,0.32,0.13
95,2025-07-14 15:00:00,55.75,55.61,55.75,55.6,-0.3,-0.17,403,2242091.0,0.27,0.08
96,2025-07-15 09:35:00,55.5,55.63,55.97,55.31,0.04,0.02,929,5160624.0,1.19,0.18
97,2025-07-15 09:40:00,55.53,55.72,56.0,55.53,0.16,0.09,1393,7777146.0,0.84,0.27
98,2025-07-15 09:45:00,55.73,55.81,55.88,55.72,0.16,0.09,247,1378802.0,0.29,0.05
99,2025-07-15 09:50:00,55.81,55.4,55.81,55.4,-0.73,-0.41,1116,6201787.0,0.73,0.22
100,2025-07-15 09:55:00,55.4,55.29,55.58,55.08,-0.2,-0.11,893,4946399.0,0.9,0.17
101,2025-07-15 10:00:00,55.28,55.24,55.28,55.15,-0.09,-0.05,382,2108930.0,0.24,0.07
102,2025-07-15 10:05:00,55.27,55.28,55.38,55.15,0.07,0.04,460,2542280.0,0.42,0.09
103,2025-07-15 10:10:00,55.29,55.66,55.78,55.29,0.69,0.38,703,3903553.0,0.89,0.14
104,2025-07-15 10:15:00,55.63,54.98,55.63,54.88,-1.22,-0.68,900,4961945.0,1.35,0.17
105,2025-07-15 10:20:00,54.88,55.49,55.66,54.8,0.93,0.51,841,4631300.0,1.56,0.16
106,2025-07-15 10:25:00,55.34,55.17,55.5,55.01,-0.58,-0.32,585,3233681.0,0.88,0.11
107,2025-07-15 10:30:00,55.2,55.07,55.2,55.03,-0.18,-0.1,159,876161.0,0.31,0.03
108,2025-07-15 10:35:00,55.03,55.01,55.12,55.0,-0.11,-0.06,366,2014074.0,0.22,0.07
109,2025-07-15 10:40:00,55.02,55.43,55.44,55.02,0.76,0.42,211,1164213.0,0.76,0.04
110,2025-07-15 10:45:00,55.43,55.3,55.45,55.2,-0.23,-0.13,461,2553595.0,0.45,0.09
111,2025-07-15 10:50:00,55.23,55.15,55.29,55.08,-0.27,-0.15,151,832814.0,0.38,0.03
112,2025-07-15 10:55:00,55.12,55.17,55.2,55.1,0.04,0.02,147,810713.0,0.18,0.03
113,2025-07-15 11:00:00,55.13,55.3,55.3,55.1,0.24,0.13,248,1367925.0,0.36,0.05
114,2025-07-15 11:05:00,55.18,55.03,55.23,55.03,-0.49,-0.27,185,1020214.0,0.36,0.04
115,2025-07-15 11:10:00,55.05,55.15,55.15,55.03,0.22,0.12,287,1580145.0,0.22,0.06
116,2025-07-15 11:15:00,55.15,55.03,55.15,55.02,-0.22,-0.12,136,748781.0,0.24,0.03
117,2025-07-15 11:20:00,55.03,55.17,55.17,55.0,0.25,0.14,377,2077708.0,0.31,0.07
118,2025-07-15 11:25:00,55.04,55.03,55.09,55.01,-0.25,-0.14,309,1700592.0,0.15,0.06
119,2025-07-15 11:30:00,55.01,55.11,55.11,55.0,0.15,0.08,216,1188790.0,0.2,0.04
120,2025-07-15 13:05:00,55.2,55.3,55.39,55.07,0.34,0.19,176,971613.0,0.58,0.03
121,2025-07-15 13:10:00,55.32,55.32,55.56,55.31,0.04,0.02,446,2472558.0,0.45,0.09
122,2025-07-15 13:15:00,55.3,55.19,55.3,55.07,-0.23,-0.13,168,927385.0,0.42,0.03
123,2025-07-15 13:20:00,55.19,55.18,55.4,55.12,-0.02,-0.01,123,679338.0,0.51,0.02
124,2025-07-15 13:25:00,55.18,55.13,55.18,55.12,-0.09,-0.05,189,1042096.0,0.11,0.04
125,2025-07-15 13:30:00,55.11,54.97,55.11,54.93,-0.29,-0.16,444,2442553.0,0.33,0.09
126,2025-07-15 13:35:00,54.97,55.02,55.1,54.97,0.09,0.05,153,841855.0,0.24,0.03
127,2025-07-15 13:40:00,55.02,55.0,55.12,55.0,-0.04,-0.02,148,814373.0,0.22,0.03
128,2025-07-15 13:45:00,55.0,55.0,55.08,54.98,0.0,0.0,130,713913.0,0.18,0.03
129,2025-07-15 13:50:00,55.08,54.92,55.08,54.87,-0.15,-0.08,360,1977284.0,0.38,0.07
130,2025-07-15 13:55:00,54.91,54.96,55.0,54.91,0.07,0.04,159,873802.0,0.16,0.03
131,2025-07-15 14:00:00,54.96,55.02,55.04,54.95,0.11,0.06,121,665229.0,0.16,0.02
132,2025-07-15 14:05:00,55.02,55.21,55.21,55.0,0.35,0.19,129,711036.0,0.38,0.02
133,2025-07-15 14:10:00,55.23,55.41,55.45,55.23,0.36,0.2,344,1903655.0,0.4,0.07
134,2025-07-15 14:15:00,55.42,55.38,55.5,55.32,-0.05,-0.03,504,2794028.0,0.32,0.1
135,2025-07-15 14:20:00,55.36,55.48,55.5,55.34,0.18,0.1,236,1308142.0,0.29,0.05
136,2025-07-15 14:25:00,55.48,55.47,55.52,55.46,-0.02,-0.01,323,1792475.0,0.11,0.06
137,2025-07-15 14:30:00,55.45,55.48,55.49,55.43,0.02,0.01,252,1397838.0,0.11,0.05
138,2025-07-15 14:35:00,55.47,55.52,55.65,55.46,0.07,0.04,1047,5817379.0,0.34,0.2
139,2025-07-15 14:40:00,55.53,55.41,55.64,55.41,-0.2,-0.11,866,4808054.0,0.41,0.17
140,2025-07-15 14:45:00,55.41,55.47,55.48,55.35,0.11,0.06,330,1828328.0,0.23,0.06
141,2025-07-15 14:50:00,55.46,55.35,55.46,55.35,-0.22,-0.12,386,2137943.0,0.2,0.07
142,2025-07-15 14:55:00,55.38,55.5,55.53,55.38,0.27,0.15,561,3113536.0,0.27,0.11
143,2025-07-15 15:00:00,55.5,55.49,55.5,55.42,-0.02,-0.01,578,3206755.0,0.14,0.11
144,2025-07-16 09:35:00,55.6,55.23,55.8,55.23,-0.47,-0.26,1008,5594126.0,1.03,0.19
145,2025-07-16 09:40:00,55.22,55.19,55.41,55.07,-0.07,-0.04,864,4770313.0,0.62,0.17
146,2025-07-16 09:45:00,55.2,55.54,55.54,55.15,0.63,0.35,556,3073617.0,0.71,0.11
147,2025-07-16 09:50:00,55.5,55.62,55.65,55.35,0.14,0.08,615,3414381.0,0.54,0.12
148,2025-07-16 09:55:00,55.58,56.3,56.3,55.58,1.22,0.68,1445,8094217.0,1.29,0.28
149,2025-07-16 10:00:00,56.3,56.0,56.38,56.0,-0.53,-0.3,861,4833498.0,0.67,0.17
150,2025-07-16 10:05:00,56.0,55.98,56.01,55.89,-0.04,-0.02,479,2680022.0,0.21,0.09
151,2025-07-16 10:10:00,55.94,55.9,55.94,55.79,-0.14,-0.08,531,2965788.0,0.27,0.1
152,2025-07-16 10:15:00,55.9,56.18,56.25,55.81,0.5,0.28,813,4558912.0,0.79,0.16
153,2025-07-16 10:20:00,56.16,55.9,56.16,55.9,-0.5,-0.28,434,2431743.0,0.46,0.08
154,2025-07-16 10:25:00,55.92,55.84,55.98,55.8,-0.11,-0.06,328,1833416.0,0.32,0.06
155,2025-07-16 10:30:00,55.84,55.87,55.96,55.8,0.05,0.03,444,2479603.0,0.29,0.09
156,2025-07-16 10:35:00,55.88,56.03,56.05,55.88,0.29,0.16,312,1747012.0,0.3,0.06
157,2025-07-16 10:40:00,55.94,56.09,56.09,55.94,0.11,0.06,349,1955630.0,0.27,0.07
158,2025-07-16 10:45:00,56.1,56.25,56.3,56.1,0.29,0.16,967,5440204.0,0.36,0.19
159,2025-07-16 10:50:00,56.24,56.18,56.29,56.13,-0.12,-0.07,682,3833225.0,0.28,0.13
160,2025-07-16 10:55:00,56.18,56.11,56.18,56.0,-0.12,-0.07,466,2613844.0,0.32,0.09
161,2025-07-16 11:00:00,56.1,56.06,56.15,56.06,-0.09,-0.05,135,757517.0,0.16,0.03
162,2025-07-16 11:05:00,56.06,56.14,56.15,56.05,0.14,0.08,120,673464.0,0.18,0.02
163,2025-07-16 11:10:00,56.13,56.07,56.13,56.07,-0.12,-0.07,119,667726.0,0.11,0.02
164,2025-07-16 11:15:00,56.07,56.09,56.13,56.0,0.04,0.02,325,1821104.0,0.23,0.06
165,2025-07-16 11:20:00,56.09,56.15,56.2,56.09,0.11,0.06,289,1622194.0,0.2,0.06
166,2025-07-16 11:25:00,56.15,56.07,56.18,56.0,-0.14,-0.08,219,1228176.0,0.32,0.04
167,2025-07-16 11:30:00,56.09,56.12,56.17,56.06,0.09,0.05,265,1487347.0,0.2,0.05
168,2025-07-16 13:05:00,56.12,55.84,56.12,55.75,-0.5,-0.28,808,4513266.0,0.66,0.16
169,2025-07-16 13:10:00,55.8,55.67,55.8,55.65,-0.3,-0.17,360,2005142.0,0.27,0.07
170,2025-07-16 13:15:00,55.69,55.69,55.71,55.52,0.04,0.02,499,2775658.0,0.34,0.1
171,2025-07-16 13:20:00,55.57,55.46,55.57,55.42,-0.41,-0.23,824,4571797.0,0.27,0.16
172,2025-07-16 13:25:00,55.46,55.42,55.53,55.42,-0.07,-0.04,430,2381776.0,0.2,0.08
173,2025-07-16 13:30:00,55.45,55.52,55.59,55.45,0.18,0.1,210,1166054.0,0.25,0.04
174,2025-07-16 13:35:00,55.58,55.46,55.58,55.43,-0.11,-0.06,365,2025609.0,0.27,0.07
175,2025-07-16 13:40:00,55.47,55.52,55.55,55.43,0.11,0.06,110,610176.0,0.22,0.02
176,2025-07-16 13:45:00,55.51,55.54,55.67,55.49,0.04,0.02,142,789113.0,0.32,0.03
177,2025-07-16 13:50:00,55.54,55.88,55.88,55.25,0.61,0.34,1018,5645989.0,1.13,0.2
178,2025-07-16 13:55:00,55.96,55.7,56.17,55.67,-0.32,-0.18,1683,9424365.0,0.89,0.33
179,2025-07-16 14:00:00,55.7,55.79,55.83,55.7,0.16,0.09,352,1963556.0,0.23,0.07
180,2025-07-16 14:05:00,55.73,55.63,55.73,55.54,-0.29,-0.16,495,2755362.0,0.34,0.1
181,2025-07-16 14:10:00,55.63,55.66,55.69,55.48,0.05,0.03,687,3817234.0,0.38,0.13
182,2025-07-16 14:15:00,55.66,55.5,55.69,55.47,-0.29,-0.16,397,2205467.0,0.4,0.08
183,2025-07-16 14:20:00,55.5,55.53,55.57,55.48,0.05,0.03,445,2470208.0,0.16,0.09
184,2025-07-16 14:25:00,55.49,55.32,55.49,55.3,-0.38,-0.21,574,3179588.0,0.34,0.11
185,2025-07-16 14:30:00,55.32,55.31,55.35,55.25,-0.02,-0.01,440,2433695.0,0.18,0.09
186,2025-07-16 14:35:00,55.29,55.3,55.32,55.2,-0.02,-0.01,514,2840285.0,0.22,0.1
187,2025-07-16 14:40:00,55.31,55.1,55.33,55.1,-0.36,-0.2,722,3986262.0,0.42,0.14
188,2025-07-16 14:45:00,55.11,55.13,55.16,55.07,0.05,0.03,833,4591281.0,0.16,0.16
189,2025-07-16 14:50:00,55.11,55.1,55.17,55.08,-0.05,-0.03,593,3268143.0,0.16,0.11
190,2025-07-16 14:55:00,55.11,55.14,55.16,55.11,0.07,0.04,396,2183671.0,0.09,0.08
191,2025-07-16 15:00:00,55.13,55.17,55.23,55.13,0.05,0.03,850,4689241.0,0.18,0.16
192,2025-07-17 09:35:00,54.64,55.44,55.44,54.62,0.49,0.27,1630,8972661.0,1.49,0.32
193,2025-07-17 09:40:00,55.55,55.42,55.56,55.16,-0.04,-0.02,694,3844435.0,0.72,0.13
194,2025-07-17 09:45:00,55.34,55.25,55.4,55.17,-0.31,-0.17,633,3501277.0,0.42,0.12
195,2025-07-17 09:50:00,55.27,55.33,55.34,55.12,0.14,0.08,672,3711193.0,0.4,0.13
196,2025-07-17 09:55:00,55.4,55.07,55.4,55.07,-0.47,-0.26,803,4433757.0,0.6,0.16
197,2025-07-17 10:00:00,55.05,55.19,55.3,55.05,0.22,0.12,385,2126260.0,0.45,0.07
198,2025-07-17 10:05:00,55.19,54.92,55.25,54.91,-0.49,-0.27,809,4459274.0,0.62,0.16
199,2025-07-17 10:10:00,54.92,55.11,55.17,54.91,0.35,0.19,575,3162406.0,0.47,0.11
200,2025-07-17 10:15:00,55.21,55.23,55.35,55.16,0.22,0.12,503,2778236.0,0.34,0.1
201,2025-07-17 10:20:00,55.23,55.43,55.45,55.23,0.36,0.2,561,3103811.0,0.4,0.11
202,2025-07-17 10:25:00,55.38,55.52,55.52,55.25,0.16,0.09,802,4443389.0,0.49,0.16
203,2025-07-17 10:30:00,55.54,55.74,55.81,55.49,0.4,0.22,1738,9669478.0,0.58,0.34
204,2025-07-17 10:35:00,55.63,55.52,55.71,55.5,-0.39,-0.22,582,3237160.0,0.38,0.11
205,2025-07-17 10:40:00,55.53,55.52,55.53,55.41,0.0,0.0,324,1797704.0,0.22,0.06
206,2025-07-17 10:45:00,55.52,55.51,55.61,55.45,-0.02,-0.01,276,1532254.0,0.29,0.05
207,2025-07-17 10:50:00,55.53,55.39,55.55,55.3,-0.22,-0.12,271,1501303.0,0.45,0.05
208,2025-07-17 10:55:00,55.37,55.3,55.39,55.3,-0.16,-0.09,190,1051200.0,0.16,0.04
209,2025-07-17 11:00:00,55.29,55.33,55.33,55.25,0.05,0.03,135,746413.0,0.14,0.03
210,2025-07-17 11:05:00,55.33,55.36,55.36,55.26,0.05,0.03,206,1139051.0,0.18,0.04
211,2025-07-17 11:10:00,55.35,55.4,55.5,55.35,0.07,0.04,207,1146901.0,0.27,0.04
212,2025-07-17 11:15:00,55.41,55.31,55.41,55.29,-0.16,-0.09,219,1212123.0,0.22,0.04
213,2025-07-17 11:20:00,55.31,55.45,55.5,55.31,0.25,0.14,155,859003.0,0.34,0.03
214,2025-07-17 11:25:00,55.45,55.43,55.46,55.4,-0.04,-0.02,128,709381.0,0.11,0.02
215,2025-07-17 11:30:00,55.4,55.41,55.44,55.32,-0.04,-0.02,128,708963.0,0.22,0.02
216,2025-07-17 13:05:00,55.41,55.42,55.5,55.39,0.02,0.01,506,2804813.0,0.2,0.1
217,2025-07-17 13:10:00,55.48,55.73,55.88,55.48,0.56,0.31,802,4468126.0,0.72,0.16
218,2025-07-17 13:15:00,55.73,55.81,55.85,55.55,0.14,0.08,679,3785263.0,0.54,0.13
219,2025-07-17 13:20:00,55.8,56.46,56.5,55.71,1.16,0.65,1522,8537198.0,1.42,0.29
220,2025-07-17 13:25:00,56.45,56.7,56.79,56.42,0.43,0.24,2740,15508139.0,0.66,0.53
221,2025-07-17 13:30:00,56.7,56.43,56.8,56.35,-0.48,-0.27,1637,9264940.0,0.79,0.32
222,2025-07-17 13:35:00,56.43,56.2,56.49,56.09,-0.41,-0.23,1692,9524217.0,0.71,0.33
223,2025-07-17 13:40:00,56.23,56.19,56.26,56.18,-0.02,-0.01,954,5363349.0,0.14,0.18
224,2025-07-17 13:45:00,56.19,56.24,56.34,56.16,0.09,0.05,756,4252367.0,0.32,0.15
225,2025-07-17 13:50:00,56.23,56.13,56.23,56.08,-0.2,-0.11,1104,6200367.0,0.27,0.21
226,2025-07-17 13:55:00,56.13,56.09,56.15,55.97,-0.07,-0.04,629,3527741.0,0.32,0.12
227,2025-07-17 14:00:00,56.07,55.96,56.14,55.96,-0.23,-0.13,547,3066826.0,0.32,0.11
228,2025-07-17 14:05:00,55.96,56.13,56.13,55.9,0.3,0.17,702,3929140.0,0.41,0.14
229,2025-07-17 14:10:00,56.05,56.09,56.1,55.95,-0.07,-0.04,791,4432723.0,0.27,0.15
230,2025-07-17 14:15:00,56.06,56.1,56.14,55.96,0.02,0.01,693,3885350.0,0.32,0.13
231,2025-07-17 14:20:00,56.1,55.99,56.21,55.99,-0.2,-0.11,1221,6846392.0,0.39,0.24
232,2025-07-17 14:25:00,55.98,56.17,56.17,55.98,0.32,0.18,662,3711285.0,0.34,0.13
233,2025-07-17 14:30:00,56.15,56.12,56.15,56.07,-0.09,-0.05,342,1918778.0,0.14,0.07
234,2025-07-17 14:35:00,56.12,56.07,56.12,56.02,-0.09,-0.05,606,3398381.0,0.18,0.12
235,2025-07-17 14:40:00,56.03,56.22,56.22,56.03,0.27,0.15,690,3871586.0,0.34,0.13
236,2025-07-17 14:45:00,56.19,56.19,56.3,56.13,-0.05,-0.03,1120,6296141.0,0.3,0.22
237,2025-07-17 14:50:00,56.18,56.04,56.19,56.03,-0.27,-0.15,746,4184829.0,0.28,0.14
238,2025-07-17 14:55:00,56.04,56.08,56.08,56.0,0.07,0.04,1164,6522291.0,0.14,0.23
239,2025-07-17 15:00:00,56.1,56.16,56.16,56.05,0.14,0.08,1102,6185229.0,0.2,0.21
240,2025-07-18 09:35:00,55.76,59.32,61.23,55.75,5.63,3.16,16175,95763034.0,9.76,3.13
241,2025-07-18 09:40:00,58.99,58.62,59.39,58.15,-1.18,-0.7,5278,30991223.0,2.09,1.02
242,2025-07-18 09:45:00,58.57,57.38,58.89,57.38,-2.12,-1.24,4276,24867333.0,2.58,0.83
243,2025-07-18 09:50:00,57.37,57.35,57.6,57.35,-0.05,-0.03,2228,12797700.0,0.44,0.43
244,2025-07-18 09:55:00,57.35,57.12,57.5,57.07,-0.4,-0.23,1704,9752080.0,0.75,0.33
245,2025-07-18 10:00:00,57.13,57.3,57.74,57.09,0.32,0.18,1562,8951769.0,1.14,0.3
246,2025-07-18 10:05:00,57.33,57.03,57.56,56.93,-0.47,-0.27,1806,10335417.0,1.1,0.35
247,2025-07-18 10:10:00,57.0,57.16,57.26,56.97,0.23,0.13,712,4068403.0,0.51,0.14
248,2025-07-18 10:15:00,57.17,57.95,58.15,57.17,1.38,0.79,1464,8456835.0,1.71,0.28
249,2025-07-18 10:20:00,57.92,58.15,58.35,57.72,0.35,0.2,1562,9069359.0,1.09,0.3
250,2025-07-18 10:25:00,58.15,58.29,58.35,57.9,0.24,0.14,1056,6141082.0,0.77,0.2
251,2025-07-18 10:30:00,58.21,58.16,58.3,58.02,-0.22,-0.13,646,3758325.0,0.48,0.12
252,2025-07-18 10:35:00,58.16,58.52,58.58,58.07,0.62,0.36,959,5596917.0,0.88,0.19
253,2025-07-18 10:40:00,58.53,58.15,58.53,58.15,-0.63,-0.37,416,2424039.0,0.65,0.08
254,2025-07-18 10:45:00,58.17,58.49,58.8,58.07,0.58,0.34,1118,6528819.0,1.26,0.22
255,2025-07-18 10:50:00,58.49,58.6,58.7,58.41,0.19,0.11,596,3492652.0,0.5,0.12
256,2025-07-18 10:55:00,58.59,59.78,60.7,58.58,2.01,1.18,5788,34628823.0,3.62,1.12
257,2025-07-18 11:00:00,59.87,59.65,59.87,59.31,-0.22,-0.13,1436,8542816.0,0.94,0.28
258,2025-07-18 11:05:00,59.65,60.35,60.61,59.31,1.17,0.7,2515,15133161.0,2.18,0.49
259,2025-07-18 11:10:00,60.44,59.84,60.51,59.84,-0.85,-0.51,1488,8979090.0,1.11,0.29
260,2025-07-18 11:15:00,60.12,60.57,60.72,59.83,1.22,0.73,2167,13072515.0,1.49,0.42
261,2025-07-18 11:20:00,60.57,60.55,60.99,59.85,-0.03,-0.02,1727,10448337.0,1.88,0.33
262,2025-07-18 11:25:00,60.69,60.73,60.97,60.24,0.3,0.18,1284,7785421.0,1.21,0.25
263,2025-07-18 11:30:00,60.68,60.49,60.88,60.32,-0.4,-0.24,808,4902303.0,0.92,0.16
264,2025-07-18 13:05:00,60.38,59.98,60.4,59.31,-0.84,-0.51,1567,9374641.0,1.8,0.3
265,2025-07-18 13:10:00,59.96,59.6,59.96,59.51,-0.63,-0.38,673,4013483.0,0.75,0.13
266,2025-07-18 13:15:00,59.55,59.28,59.62,59.28,-0.54,-0.32,769,4571564.0,0.57,0.15
267,2025-07-18 13:20:00,59.29,59.7,59.78,59.25,0.71,0.42,606,3606160.0,0.89,0.12
268,2025-07-18 13:25:00,59.7,59.64,59.76,59.51,-0.1,-0.06,451,2689156.0,0.42,0.09
269,2025-07-18 13:30:00,59.63,59.79,59.97,59.57,0.25,0.15,464,2771481.0,0.67,0.09
270,2025-07-18 13:35:00,59.66,59.99,59.99,59.62,0.33,0.2,405,2424394.0,0.62,0.08
271,2025-07-18 13:40:00,59.99,59.51,60.29,59.51,-0.8,-0.48,561,3363491.0,1.3,0.11
272,2025-07-18 13:45:00,59.64,59.58,59.74,59.34,0.12,0.07,410,2441860.0,0.67,0.08
273,2025-07-18 13:50:00,59.43,59.1,59.58,59.05,-0.81,-0.48,681,4036823.0,0.89,0.13
274,2025-07-18 13:55:00,59.12,58.98,59.31,58.98,-0.2,-0.12,599,3540426.0,0.56,0.12
275,2025-07-18 14:00:00,58.98,59.01,59.1,58.79,0.05,0.03,658,3878828.0,0.53,0.13
276,2025-07-18 14:05:00,59.0,59.01,59.1,58.89,0.0,0.0,511,3014156.0,0.36,0.1
277,2025-07-18 14:10:00,59.02,59.14,59.15,58.98,0.22,0.13,360,2125835.0,0.29,0.07
278,2025-07-18 14:15:00,59.14,59.07,59.19,59.03,-0.12,-0.07,212,1252317.0,0.27,0.04
279,2025-07-18 14:20:00,59.07,59.06,59.08,59.04,-0.02,-0.01,186,1098549.0,0.07,0.04
280,2025-07-18 14:25:00,59.05,59.23,59.36,59.05,0.29,0.17,535,3168661.0,0.52,0.1
281,2025-07-18 14:30:00,59.21,59.15,59.29,59.08,-0.14,-0.08,534,3161034.0,0.35,0.1
282,2025-07-18 14:35:00,59.15,58.99,59.23,58.98,-0.27,-0.16,422,2493906.0,0.42,0.08
283,2025-07-18 14:40:00,58.97,58.92,59.0,58.89,-0.12,-0.07,582,3429210.0,0.19,0.11
284,2025-07-18 14:45:00,58.93,59.09,59.13,58.93,0.29,0.17,578,3409975.0,0.34,0.11
285,2025-07-18 14:50:00,59.13,59.17,59.21,59.09,0.14,0.08,796,4710427.0,0.2,0.15
286,2025-07-18 14:55:00,59.14,59.24,59.27,59.14,0.12,0.07,1046,6197038.0,0.22,0.2
287,2025-07-18 15:00:00,59.26,59.24,59.26,59.21,0.0,0.0,1106,6551619.0,0.08,0.21
288,2025-07-21 09:35:00,58.59,59.9,60.8,58.5,1.11,0.66,9042,54307371.0,3.88,1.75
289,2025-07-21 09:40:00,59.99,59.15,60.04,59.06,-1.25,-0.75,2484,14786064.0,1.64,0.48
290,2025-07-21 09:45:00,59.14,59.02,59.31,58.9,-0.22,-0.13,2044,12070561.0,0.69,0.4
291,2025-07-21 09:50:00,59.02,58.8,59.23,58.61,-0.37,-0.22,2038,11985599.0,1.05,0.39
292,2025-07-21 09:55:00,58.81,58.4,59.45,58.4,-0.68,-0.4,1689,9930391.0,1.79,0.33
293,2025-07-21 10:00:00,58.45,58.85,59.01,58.45,0.77,0.45,1157,6793826.0,0.96,0.22
294,2025-07-21 10:05:00,58.72,58.81,59.5,58.61,-0.07,-0.04,1231,7257337.0,1.51,0.24
295,2025-07-21 10:10:00,58.7,58.71,58.88,58.65,-0.17,-0.1,688,4040159.0,0.39,0.13
296,2025-07-21 10:15:00,58.7,58.47,58.7,58.4,-0.41,-0.24,1137,6656872.0,0.51,0.22
297,2025-07-21 10:20:00,58.5,58.38,58.56,58.36,-0.15,-0.09,818,4779604.0,0.34,0.16
298,2025-07-21 10:25:00,58.41,58.61,58.8,58.41,0.39,0.23,625,3663450.0,0.67,0.12
299,2025-07-21 10:30:00,58.59,58.5,58.63,58.41,-0.19,-0.11,574,3359802.0,0.38,0.11
300,2025-07-21 10:35:00,58.5,58.61,58.62,58.36,0.19,0.11,508,2971663.0,0.44,0.1
301,2025-07-21 10:40:00,58.61,58.68,58.79,58.53,0.12,0.07,414,2428977.0,0.44,0.08
302,2025-07-21 10:45:00,58.68,58.6,58.68,58.4,-0.14,-0.08,550,3218485.0,0.48,0.11
303,2025-07-21 10:50:00,58.6,58.67,58.67,58.38,0.12,0.07,731,4275052.0,0.49,0.14
304,2025-07-21 10:55:00,58.68,58.36,58.68,58.36,-0.53,-0.31,747,4370913.0,0.55,0.14
305,2025-07-21 11:00:00,58.37,57.91,58.37,57.91,-0.77,-0.45,1227,7136211.0,0.79,0.24
306,2025-07-21 11:05:00,57.91,57.96,58.11,57.81,0.09,0.05,1152,6675826.0,0.52,0.22
307,2025-07-21 11:10:00,57.97,57.76,57.98,57.68,-0.35,-0.2,781,4517352.0,0.52,0.15
308,2025-07-21 11:15:00,57.66,57.73,57.83,57.63,-0.05,-0.03,688,3971447.0,0.35,0.13
309,2025-07-21 11:20:00,57.73,57.57,57.8,57.5,-0.28,-0.16,608,3502119.0,0.52,0.12
310,2025-07-21 11:25:00,57.55,57.64,57.65,57.49,0.12,0.07,418,2405429.0,0.28,0.08
311,2025-07-21 11:30:00,57.69,57.73,57.8,57.64,0.16,0.09,476,2746422.0,0.28,0.09
312,2025-07-21 13:05:00,57.77,57.84,57.84,57.61,0.19,0.11,465,2682502.0,0.4,0.09
313,2025-07-21 13:10:00,57.86,57.59,57.87,57.58,-0.43,-0.25,491,2833241.0,0.5,0.09
314,2025-07-21 13:15:00,57.6,57.52,57.65,57.52,-0.12,-0.07,386,2222763.0,0.23,0.07
315,2025-07-21 13:20:00,57.52,57.63,57.64,57.5,0.19,0.11,577,3320298.0,0.24,0.11
316,2025-07-21 13:25:00,57.63,57.78,57.78,57.56,0.26,0.15,306,1762871.0,0.38,0.06
317,2025-07-21 13:30:00,57.78,57.71,57.85,57.71,-0.12,-0.07,219,1264987.0,0.24,0.04
318,2025-07-21 13:35:00,57.71,57.78,57.78,57.58,0.12,0.07,229,1320932.0,0.35,0.04
319,2025-07-21 13:40:00,57.89,57.93,58.0,57.81,0.26,0.15,524,3034964.0,0.33,0.1
320,2025-07-21 13:45:00,57.92,57.81,57.99,57.8,-0.21,-0.12,334,1934038.0,0.33,0.06
321,2025-07-21 13:50:00,57.81,57.84,57.91,57.78,0.05,0.03,324,1874397.0,0.22,0.06
322,2025-07-21 13:55:00,57.82,58.21,58.27,57.8,0.64,0.37,315,1825167.0,0.81,0.06
323,2025-07-21 14:00:00,58.16,58.02,58.27,58.02,-0.33,-0.19,580,3376482.0,0.43,0.11
324,2025-07-21 14:05:00,58.02,58.2,58.28,58.02,0.31,0.18,228,1327505.0,0.45,0.04
325,2025-07-21 14:10:00,58.2,58.18,58.2,58.05,-0.03,-0.02,180,1046456.0,0.26,0.03
326,2025-07-21 14:15:00,58.25,58.19,58.28,58.19,0.02,0.01,187,1088997.0,0.15,0.04
327,2025-07-21 14:20:00,58.15,58.23,58.26,58.15,0.07,0.04,125,727927.0,0.19,0.02
328,2025-07-21 14:25:00,58.17,58.25,58.37,58.15,0.03,0.02,260,1514496.0,0.38,0.05
329,2025-07-21 14:30:00,58.27,58.24,58.36,58.24,-0.02,-0.01,253,1475148.0,0.21,0.05
330,2025-07-21 14:35:00,58.24,58.14,58.25,58.12,-0.17,-0.1,477,2775982.0,0.22,0.09
331,2025-07-21 14:40:00,58.14,58.13,58.14,58.01,-0.02,-0.01,537,3118466.0,0.22,0.1
332,2025-07-21 14:45:00,58.13,58.11,58.13,58.03,-0.03,-0.02,328,1905358.0,0.17,0.06
333,2025-07-21 14:50:00,58.12,58.04,58.12,58.0,-0.12,-0.07,760,4411434.0,0.21,0.15
334,2025-07-21 14:55:00,58.03,58.05,58.05,57.99,0.02,0.01,1393,8081894.0,0.1,0.27
335,2025-07-21 15:00:00,58.01,58.03,58.12,58.01,-0.03,-0.02,1182,6864458.0,0.19,0.23
336,2025-07-22 09:35:00,57.97,58.17,58.5,57.45,0.24,0.14,2165,12549392.0,1.81,0.42
337,2025-07-22 09:40:00,58.2,57.98,58.5,57.95,-0.33,-0.19,2238,13025821.0,0.95,0.43
338,2025-07-22 09:45:00,58.06,58.63,58.75,58.0,1.12,0.65,1932,11279485.0,1.29,0.37
339,2025-07-22 09:50:00,58.6,59.01,59.5,58.54,0.65,0.38,3502,20655543.0,1.64,0.68
340,2025-07-22 09:55:00,59.08,59.18,59.2,58.85,0.29,0.17,2149,12690218.0,0.59,0.42
341,2025-07-22 10:00:00,59.18,60.0,60.01,59.18,1.39,0.82,4115,24540731.0,1.4,0.8
342,2025-07-22 10:05:00,60.08,59.76,60.26,59.66,-0.4,-0.24,3102,18614917.0,1.0,0.6
343,2025-07-22 10:10:00,59.8,59.72,60.06,59.7,-0.07,-0.04,1879,11253189.0,0.6,0.36
344,2025-07-22 10:15:00,59.74,59.92,59.98,59.71,0.33,0.2,1071,6412250.0,0.45,0.21
345,2025-07-22 10:20:00,59.94,60.32,60.5,59.76,0.67,0.4,2257,13580312.0,1.23,0.44
346,2025-07-22 10:25:00,60.31,59.87,60.4,59.8,-0.75,-0.45,1643,9874669.0,0.99,0.32
347,2025-07-22 10:30:00,59.88,60.11,60.16,59.88,0.4,0.24,1198,7195129.0,0.47,0.23
348,2025-07-22 10:35:00,60.14,60.29,60.29,59.94,0.3,0.18,789,4743361.0,0.58,0.15
349,2025-07-22 10:40:00,60.25,60.23,60.3,60.11,-0.1,-0.06,875,5271826.0,0.32,0.17
350,2025-07-22 10:45:00,60.23,60.49,60.6,60.23,0.43,0.26,1977,11957056.0,0.61,0.38
351,2025-07-22 10:50:00,60.5,61.0,61.0,60.49,0.84,0.51,2083,12662349.0,0.84,0.4
352,2025-07-22 10:55:00,61.0,60.52,61.0,60.32,-0.79,-0.48,1360,8241140.0,1.11,0.26
353,2025-07-22 11:00:00,60.51,60.11,60.55,60.11,-0.68,-0.41,702,4240766.0,0.73,0.14
354,2025-07-22 11:05:00,60.11,59.87,60.18,59.82,-0.4,-0.24,625,3749523.0,0.6,0.12
355,2025-07-22 11:10:00,59.92,60.18,60.18,59.91,0.52,0.31,301,1804807.0,0.45,0.06
356,2025-07-22 11:15:00,60.18,61.61,61.61,60.17,2.38,1.43,2579,15684105.0,2.39,0.5
357,2025-07-22 11:20:00,61.78,62.59,62.62,61.03,1.59,0.98,5300,32770862.0,2.58,1.02
358,2025-07-22 11:25:00,62.07,61.91,62.53,61.81,-1.09,-0.68,1768,11010379.0,1.15,0.34
359,2025-07-22 11:30:00,61.9,61.52,61.9,61.52,-0.63,-0.39,2016,12443859.0,0.61,0.39
360,2025-07-22 13:05:00,61.52,61.05,61.52,61.03,-0.76,-0.47,889,5451969.0,0.8,0.17
361,2025-07-22 13:10:00,61.04,60.76,61.15,60.76,-0.48,-0.29,930,5672708.0,0.64,0.18
362,2025-07-22 13:15:00,60.92,60.9,61.2,60.71,0.23,0.14,588,3590077.0,0.81,0.11
363,2025-07-22 13:20:00,60.9,61.85,61.85,60.9,1.56,0.95,1165,7155100.0,1.56,0.23
364,2025-07-22 13:25:00,61.85,61.7,61.9,61.66,-0.24,-0.15,725,4478480.0,0.39,0.14
365,2025-07-22 13:30:00,61.7,61.06,61.76,61.0,-1.04,-0.64,498,3052331.0,1.23,0.1
366,2025-07-22 13:35:00,61.01,60.9,61.16,60.7,-0.26,-0.16,945,5755232.0,0.75,0.18
367,2025-07-22 13:40:00,60.86,60.84,61.0,60.79,-0.1,-0.06,282,1715907.0,0.34,0.05
368,2025-07-22 13:45:00,60.84,60.68,60.86,60.68,-0.26,-0.16,623,3787382.0,0.3,0.12
369,2025-07-22 13:50:00,60.68,60.72,60.8,60.6,0.07,0.04,409,2481976.0,0.33,0.08
370,2025-07-22 13:55:00,60.7,60.73,60.73,60.67,0.02,0.01,388,2354989.0,0.1,0.08
371,2025-07-22 14:00:00,60.78,60.87,61.36,60.74,0.23,0.14,833,5085981.0,1.02,0.16
372,2025-07-22 14:05:00,60.9,60.79,61.05,60.79,-0.13,-0.08,537,3271944.0,0.43,0.1
373,2025-07-22 14:10:00,60.75,60.52,60.75,60.38,-0.44,-0.27,641,3878131.0,0.61,0.12
374,2025-07-22 14:15:00,60.52,60.54,60.55,60.49,0.03,0.02,326,1972994.0,0.1,0.06
375,2025-07-22 14:20:00,60.51,60.46,60.54,60.45,-0.13,-0.08,467,2825163.0,0.15,0.09
376,2025-07-22 14:25:00,60.5,60.56,60.56,60.47,0.17,0.1,291,1761563.0,0.15,0.06
377,2025-07-22 14:30:00,60.59,60.81,60.84,60.55,0.41,0.25,407,2472544.0,0.48,0.08
378,2025-07-22 14:35:00,60.8,61.03,61.05,60.8,0.36,0.22,912,5560762.0,0.41,0.18
379,2025-07-22 14:40:00,61.05,60.91,61.05,60.87,-0.2,-0.12,598,3644587.0,0.29,0.12
380,2025-07-22 14:45:00,60.91,60.91,60.92,60.87,0.0,0.0,558,3397854.0,0.08,0.11
381,2025-07-22 14:50:00,60.91,61.13,61.16,60.9,0.36,0.22,1037,6327328.0,0.43,0.2
382,2025-07-22 14:55:00,61.15,61.38,61.75,61.12,0.41,0.25,1536,9425237.0,1.03,0.3
383,2025-07-22 15:00:00,61.32,61.36,61.4,61.32,-0.03,-0.02,1665,10217230.0,0.13,0.32
384,2025-07-23 09:35:00,59.0,59.46,60.99,59.0,-3.1,-1.9,4675,27745766.0,3.24,0.9
385,2025-07-23 09:40:00,59.48,59.49,59.49,59.1,0.05,0.03,1884,11166140.0,0.66,0.36
386,2025-07-23 09:45:00,59.45,59.42,59.5,59.19,-0.12,-0.07,1366,8102147.0,0.52,0.26
387,2025-07-23 09:50:00,59.43,59.19,59.44,59.16,-0.39,-0.23,1134,6720097.0,0.47,0.22
388,2025-07-23 09:55:00,59.17,59.18,59.27,59.0,-0.02,-0.01,1508,8913272.0,0.46,0.29
389,2025-07-23 10:00:00,59.18,59.32,59.34,59.0,0.24,0.14,1604,9482781.0,0.57,0.31
390,2025-07-23 10:05:00,59.32,59.14,59.32,59.08,-0.3,-0.18,745,4409991.0,0.4,0.14
391,2025-07-23 10:10:00,59.14,59.2,59.2,59.05,0.1,0.06,622,3676008.0,0.25,0.12
392,2025-07-23 10:15:00,59.11,59.62,59.62,59.11,0.71,0.42,640,3802627.0,0.86,0.12
393,2025-07-23 10:20:00,59.65,59.57,59.65,59.35,-0.08,-0.05,472,2810935.0,0.5,0.09
394,2025-07-23 10:25:00,59.56,59.37,59.56,59.3,-0.34,-0.2,341,2024981.0,0.44,0.07
395,2025-07-23 10:30:00,59.37,59.31,59.5,59.31,-0.1,-0.06,291,1727879.0,0.32,0.06
396,2025-07-23 10:35:00,59.31,59.38,59.38,59.3,0.12,0.07,299,1774245.0,0.13,0.06
397,2025-07-23 10:40:00,59.38,59.48,59.63,59.36,0.17,0.1,606,3604771.0,0.45,0.12
398,2025-07-23 10:45:00,59.58,58.85,59.58,58.85,-1.06,-0.63,1157,6845218.0,1.23,0.22
399,2025-07-23 10:50:00,58.82,58.19,58.82,58.0,-1.12,-0.66,3126,18209782.0,1.39,0.6
400,2025-07-23 10:55:00,58.2,58.34,58.38,58.2,0.26,0.15,847,4943074.0,0.31,0.16
401,2025-07-23 11:00:00,58.35,58.52,58.52,58.18,0.31,0.18,1030,6001563.0,0.58,0.2
402,2025-07-23 11:05:00,58.53,58.58,58.79,58.53,0.1,0.06,291,1706651.0,0.44,0.06
403,2025-07-23 11:10:00,58.58,58.35,58.58,58.3,-0.39,-0.23,664,3879119.0,0.48,0.13
404,2025-07-23 11:15:00,58.31,58.28,58.35,58.27,-0.12,-0.07,691,4028979.0,0.14,0.13
405,2025-07-23 11:20:00,58.32,58.26,58.39,58.21,-0.03,-0.02,413,2407714.0,0.31,0.08
406,2025-07-23 11:25:00,58.27,58.39,58.54,58.26,0.22,0.13,275,1607836.0,0.48,0.05
407,2025-07-23 11:30:00,58.4,58.06,58.4,58.04,-0.57,-0.33,1004,5840445.0,0.62,0.19
408,2025-07-23 13:05:00,58.08,57.93,58.1,57.87,-0.22,-0.13,1552,9000906.0,0.4,0.3
409,2025-07-23 13:10:00,57.93,58.12,58.13,57.93,0.33,0.19,412,2392171.0,0.35,0.08
410,2025-07-23 13:15:00,58.12,58.0,58.15,57.98,-0.21,-0.12,544,3158341.0,0.29,0.11
411,2025-07-23 13:20:00,58.04,58.01,58.09,57.92,0.02,0.01,576,3339222.0,0.29,0.11
412,2025-07-23 13:25:00,58.0,57.88,58.01,57.87,-0.22,-0.13,864,5004656.0,0.24,0.17
413,2025-07-23 13:30:00,57.9,57.98,58.11,57.88,0.17,0.1,333,1932266.0,0.4,0.06
414,2025-07-23 13:35:00,57.98,58.0,58.11,57.96,0.03,0.02,381,2211628.0,0.26,0.07
415,2025-07-23 13:40:00,57.99,57.83,58.0,57.82,-0.29,-0.17,480,2778754.0,0.31,0.09
416,2025-07-23 13:45:00,57.83,57.85,57.88,57.81,0.03,0.02,575,3324944.0,0.12,0.11
417,2025-07-23 13:50:00,57.88,57.98,58.0,57.84,0.22,0.13,153,886177.0,0.28,0.03
418,2025-07-23 13:55:00,57.99,58.26,58.39,57.98,0.48,0.28,445,2592358.0,0.71,0.09
419,2025-07-23 14:00:00,58.27,58.19,58.37,58.15,-0.12,-0.07,539,3140119.0,0.38,0.1
420,2025-07-23 14:05:00,58.18,58.08,58.19,58.0,-0.19,-0.11,309,1796020.0,0.33,0.06
421,2025-07-23 14:10:00,58.08,57.99,58.08,57.99,-0.15,-0.09,355,2059705.0,0.15,0.07
422,2025-07-23 14:15:00,58.01,57.89,58.01,57.88,-0.17,-0.1,588,3405987.0,0.22,0.11
423,2025-07-23 14:20:00,57.89,57.83,58.16,57.81,-0.1,-0.06,1072,6206525.0,0.6,0.21
424,2025-07-23 14:25:00,57.83,57.53,57.86,57.53,-0.52,-0.3,1090,6287542.0,0.57,0.21
425,2025-07-23 14:30:00,57.56,57.8,57.91,57.55,0.47,0.27,369,2132102.0,0.63,0.07
426,2025-07-23 14:35:00,57.85,58.0,58.06,57.85,0.35,0.2,292,1692455.0,0.36,0.06
427,2025-07-23 14:40:00,58.03,58.0,58.1,57.95,0.0,0.0,414,2403207.0,0.26,0.08
428,2025-07-23 14:45:00,58.0,58.0,58.05,57.96,0.0,0.0,384,2227128.0,0.16,0.07
429,2025-07-23 14:50:00,58.0,58.02,58.02,57.99,0.03,0.02,568,3294413.0,0.05,0.11
430,2025-07-23 14:55:00,58.01,58.17,58.17,57.99,0.26,0.15,1076,6246211.0,0.31,0.21
431,2025-07-23 15:00:00,58.17,58.3,58.37,58.17,0.22,0.13,1160,6760894.0,0.34,0.22
432,2025-07-24 09:35:00,57.5,57.94,58.19,57.1,-0.62,-0.36,2004,11540127.0,1.87,0.39
433,2025-07-24 09:40:00,57.94,57.59,57.95,57.5,-0.6,-0.35,1358,7835442.0,0.78,0.26
434,2025-07-24 09:45:00,57.58,57.92,58.18,57.58,0.57,0.33,622,3602808.0,1.04,0.12
435,2025-07-24 09:50:00,57.93,58.04,58.04,57.76,0.21,0.12,713,4124711.0,0.48,0.14
436,2025-07-24 09:55:00,58.04,57.95,58.07,57.9,-0.16,-0.09,793,4597197.0,0.29,0.15
437,2025-07-24 10:00:00,57.9,58.11,58.11,57.85,0.28,0.16,864,5006204.0,0.45,0.17
438,2025-07-24 10:05:00,58.1,58.15,58.15,58.02,0.07,0.04,393,2283403.0,0.22,0.08
439,2025-07-24 10:10:00,58.13,57.8,58.13,57.79,-0.6,-0.35,549,3181779.0,0.58,0.11
440,2025-07-24 10:15:00,57.79,57.37,57.79,57.33,-0.74,-0.43,1819,10451037.0,0.8,0.35
441,2025-07-24 10:20:00,57.34,57.51,57.61,57.34,0.24,0.14,788,4525784.0,0.47,0.15
442,2025-07-24 10:25:00,57.5,57.35,57.53,57.35,-0.28,-0.16,795,4565940.0,0.31,0.15
443,2025-07-24 10:30:00,57.34,57.17,57.34,57.1,-0.31,-0.18,1251,7152232.0,0.42,0.24
444,2025-07-24 10:35:00,57.16,57.21,57.26,57.14,0.07,0.04,442,2528140.0,0.21,0.09
445,2025-07-24 10:40:00,57.21,57.14,57.28,57.11,-0.12,-0.07,743,4249397.0,0.3,0.14
446,2025-07-24 10:45:00,57.21,57.75,57.75,57.17,1.07,0.61,321,1846603.0,1.02,0.06
447,2025-07-24 10:50:00,57.74,57.48,57.74,57.48,-0.47,-0.27,206,1187047.0,0.45,0.04
448,2025-07-24 10:55:00,57.5,57.58,57.58,57.3,0.17,0.1,225,1291758.0,0.49,0.04
449,2025-07-24 11:00:00,57.55,57.74,57.75,57.35,0.28,0.16,300,1727376.0,0.69,0.06
450,2025-07-24 11:05:00,57.75,57.59,57.76,57.59,-0.26,-0.15,203,1171496.0,0.29,0.04
451,2025-07-24 11:10:00,57.59,57.5,57.7,57.5,-0.16,-0.09,72,414786.0,0.35,0.01
452,2025-07-24 11:15:00,57.51,57.4,57.59,57.4,-0.17,-0.1,100,574951.0,0.33,0.02
453,2025-07-24 11:20:00,57.4,57.41,57.58,57.38,0.02,0.01,80,459124.0,0.35,0.02
454,2025-07-24 11:25:00,57.43,57.4,57.43,57.4,-0.02,-0.01,125,717659.0,0.05,0.02
455,2025-07-24 11:30:00,57.41,57.4,57.5,57.39,0.0,0.0,214,1228763.0,0.19,0.04
456,2025-07-24 13:05:00,57.67,58.33,58.83,57.67,1.62,0.93,1807,10524961.0,2.02,0.35
457,2025-07-24 13:10:00,58.35,58.26,58.55,58.25,-0.12,-0.07,538,3141387.0,0.51,0.1
458,2025-07-24 13:15:00,58.26,58.04,58.33,58.03,-0.38,-0.22,348,2024576.0,0.51,0.07
459,2025-07-24 13:20:00,58.04,58.02,58.04,57.82,-0.03,-0.02,346,2004484.0,0.38,0.07
460,2025-07-24 13:25:00,58.01,57.84,58.04,57.82,-0.31,-0.18,298,1726131.0,0.38,0.06
461,2025-07-24 13:30:00,57.84,57.87,58.0,57.84,0.05,0.03,152,880034.0,0.28,0.03
462,2025-07-24 13:35:00,57.87,57.85,57.99,57.85,-0.03,-0.02,191,1105854.0,0.24,0.04
463,2025-07-24 13:40:00,57.85,57.89,57.89,57.8,0.07,0.04,317,1833496.0,0.16,0.06
464,2025-07-24 13:45:00,57.89,57.9,57.98,57.7,0.02,0.01,435,2515232.0,0.48,0.08
465,2025-07-24 13:50:00,57.76,57.77,57.77,57.69,-0.22,-0.13,228,1316193.0,0.14,0.04
466,2025-07-24 13:55:00,57.77,57.76,57.82,57.74,-0.02,-0.01,119,687570.0,0.14,0.02
467,2025-07-24 14:00:00,57.75,57.67,57.76,57.67,-0.16,-0.09,287,1655857.0,0.16,0.06
468,2025-07-24 14:05:00,57.67,58.36,58.48,57.65,1.2,0.69,1127,6547570.0,1.44,0.22
469,2025-07-24 14:10:00,58.36,58.33,58.39,58.26,-0.05,-0.03,595,3471307.0,0.22,0.12
470,2025-07-24 14:15:00,58.32,58.24,58.33,58.18,-0.15,-0.09,281,1637190.0,0.26,0.05
471,2025-07-24 14:20:00,58.26,58.1,58.26,58.05,-0.24,-0.14,160,929550.0,0.36,0.03
472,2025-07-24 14:25:00,58.11,58.35,58.35,58.11,0.43,0.25,331,1928454.0,0.41,0.06
473,2025-07-24 14:30:00,58.35,58.3,58.35,58.2,-0.09,-0.05,280,1631540.0,0.26,0.05
474,2025-07-24 14:35:00,58.3,58.23,58.3,58.22,-0.12,-0.07,233,1357313.0,0.14,0.05
475,2025-07-24 14:40:00,58.23,58.06,58.24,58.03,-0.29,-0.17,329,1913579.0,0.36,0.06
476,2025-07-24 14:45:00,58.06,58.02,58.1,58.02,-0.07,-0.04,356,2065908.0,0.14,0.07
477,2025-07-24 14:50:00,58.01,58.03,58.03,58.01,0.02,0.01,550,3190983.0,0.03,0.11
478,2025-07-24 14:55:00,58.02,58.15,58.15,58.01,0.21,0.12,896,5201645.0,0.24,0.17
479,2025-07-24 15:00:00,58.15,58.17,58.2,58.14,0.03,0.02,797,4636284.0,0.1,0.15
480,2025-07-25 09:35:00,58.01,57.68,58.07,57.49,-0.84,-0.49,1018,5871824.0,1.0,0.2
481,2025-07-25 09:40:00,57.89,56.8,57.89,56.57,-1.53,-0.88,1982,11318277.0,2.29,0.38
482,2025-07-25 09:45:00,56.8,56.83,57.0,56.5,0.05,0.03,1985,11257594.0,0.88,0.38
483,2025-07-25 09:50:00,56.87,56.77,56.98,56.6,-0.11,-0.06,1225,6941430.0,0.67,0.24
484,2025-07-25 09:55:00,56.8,56.73,56.94,56.71,-0.07,-0.04,627,3559720.0,0.41,0.12
485,2025-07-25 10:00:00,56.8,56.9,57.3,56.72,0.3,0.17,907,5158440.0,1.02,0.18
486,2025-07-25 10:05:00,57.08,57.08,57.1,56.9,0.32,0.18,510,2908520.0,0.35,0.1
487,2025-07-25 10:10:00,57.08,57.2,57.25,57.04,0.21,0.12,666,3804236.0,0.37,0.13
488,2025-07-25 10:15:00,57.2,57.28,57.29,57.08,0.14,0.08,512,2928637.0,0.37,0.1
489,2025-07-25 10:20:00,57.26,57.41,57.44,57.26,0.23,0.13,436,2501575.0,0.31,0.08
490,2025-07-25 10:25:00,57.41,57.73,57.78,57.3,0.56,0.32,768,4422104.0,0.84,0.15
491,2025-07-25 10:30:00,57.74,57.57,57.75,57.5,-0.28,-0.16,386,2226140.0,0.43,0.07
492,2025-07-25 10:35:00,57.6,57.53,57.62,57.52,-0.07,-0.04,162,932405.0,0.17,0.03
493,2025-07-25 10:40:00,57.53,57.5,57.64,57.5,-0.05,-0.03,272,1565403.0,0.24,0.05
494,2025-07-25 10:45:00,57.49,57.3,57.49,57.26,-0.35,-0.2,111,636381.0,0.4,0.02
495,2025-07-25 10:50:00,57.26,57.01,57.26,57.01,-0.51,-0.29,442,2525299.0,0.44,0.09
496,2025-07-25 10:55:00,57.01,57.16,57.37,57.01,0.26,0.15,339,1938851.0,0.63,0.07
497,2025-07-25 11:00:00,57.15,56.87,57.22,56.87,-0.51,-0.29,535,3048323.0,0.61,0.1
498,2025-07-25 11:05:00,56.86,56.99,57.18,56.86,0.21,0.12,320,1823582.0,0.56,0.06
499,2025-07-25 11:10:00,57.0,57.22,57.22,56.93,0.4,0.23,160,912294.0,0.51,0.03
500,2025-07-25 11:15:00,57.22,57.24,57.28,57.2,0.03,0.02,64,366469.0,0.14,0.01
501,2025-07-25 11:20:00,57.29,57.2,57.29,57.2,-0.07,-0.04,103,589575.0,0.16,0.02
502,2025-07-25 11:25:00,57.17,57.11,57.2,57.07,-0.16,-0.09,241,1376616.0,0.23,0.05
503,2025-07-25 11:30:00,57.12,57.11,57.13,57.06,0.0,0.0,73,416917.0,0.12,0.01
504,2025-07-25 13:05:00,57.11,57.04,57.11,56.95,-0.12,-0.07,117,667471.0,0.28,0.02
505,2025-07-25 13:10:00,57.04,57.11,57.11,56.97,0.12,0.07,249,1419696.0,0.25,0.05
506,2025-07-25 13:15:00,57.09,56.88,57.13,56.88,-0.4,-0.23,203,1157545.0,0.44,0.04
507,2025-07-25 13:20:00,56.91,56.86,56.95,56.83,-0.04,-0.02,412,2342235.0,0.21,0.08
508,2025-07-25 13:25:00,56.86,56.94,56.94,56.86,0.14,0.08,116,659992.0,0.14,0.02
509,2025-07-25 13:30:00,56.93,56.9,56.94,56.87,-0.07,-0.04,138,785304.0,0.12,0.03
510,2025-07-25 13:35:00,56.87,57.25,57.25,56.87,0.62,0.35,355,2023343.0,0.67,0.07
511,2025-07-25 13:40:00,57.14,57.24,57.25,57.06,-0.02,-0.01,158,903555.0,0.33,0.03
512,2025-07-25 13:45:00,57.24,57.17,57.5,57.13,-0.12,-0.07,547,3129509.0,0.65,0.11
513,2025-07-25 13:50:00,57.18,57.34,57.35,57.17,0.3,0.17,186,1064926.0,0.31,0.04
514,2025-07-25 13:55:00,57.31,57.28,57.31,57.28,-0.1,-0.06,164,939688.0,0.05,0.03
515,2025-07-25 14:00:00,57.28,57.34,57.34,57.26,0.1,0.06,116,664567.0,0.14,0.02
516,2025-07-25 14:05:00,57.34,57.31,57.4,57.31,-0.05,-0.03,118,676737.0,0.16,0.02
517,2025-07-25 14:10:00,57.32,57.25,57.36,57.25,-0.1,-0.06,215,1231881.0,0.19,0.04
518,2025-07-25 14:15:00,57.24,57.19,57.3,57.11,-0.1,-0.06,350,2000386.0,0.33,0.07
519,2025-07-25 14:20:00,57.3,57.12,57.3,57.12,-0.12,-0.07,130,745105.0,0.31,0.03
520,2025-07-25 14:25:00,57.1,57.01,57.18,57.01,-0.19,-0.11,299,1707511.0,0.3,0.06
521,2025-07-25 14:30:00,57.01,57.24,57.29,57.0,0.4,0.23,322,1839466.0,0.51,0.06
522,2025-07-25 14:35:00,57.24,57.3,57.35,57.18,0.1,0.06,290,1660901.0,0.3,0.06
523,2025-07-25 14:40:00,57.26,57.3,57.34,57.2,0.0,0.0,277,1586748.0,0.24,0.05
524,2025-07-25 14:45:00,57.3,57.38,57.47,57.28,0.14,0.08,398,2282613.0,0.33,0.08
525,2025-07-25 14:50:00,57.48,57.34,57.48,57.32,-0.07,-0.04,380,2184448.0,0.28,0.07
526,2025-07-25 14:55:00,57.33,57.3,57.41,57.28,-0.07,-0.04,711,4074240.0,0.23,0.14
527,2025-07-25 15:00:00,57.26,57.23,57.3,57.23,-0.12,-0.07,588,3369567.0,0.12,0.11
528,2025-07-28 09:35:00,57.52,58.49,58.5,57.34,2.2,1.26,2685,15542989.0,2.03,0.52
529,2025-07-28 09:40:00,58.36,59.17,59.52,58.36,1.16,0.68,4063,23990774.0,1.98,0.79
530,2025-07-28 09:45:00,59.17,59.6,59.7,58.93,0.73,0.43,3416,20246045.0,1.3,0.66
531,2025-07-28 09:50:00,59.59,60.08,60.08,59.5,0.81,0.48,3172,18944432.0,0.97,0.61
532,2025-07-28 09:55:00,60.09,59.76,60.1,59.67,-0.53,-0.32,2676,16016969.0,0.72,0.52
533,2025-07-28 10:00:00,59.92,60.11,60.9,59.92,0.59,0.35,3156,19072434.0,1.64,0.61
534,2025-07-28 10:05:00,60.11,60.1,60.4,59.6,-0.02,-0.01,1816,10862362.0,1.33,0.35
535,2025-07-28 10:10:00,60.08,59.98,60.25,59.79,-0.2,-0.12,684,4106983.0,0.77,0.13
536,2025-07-28 10:15:00,60.0,60.0,60.1,59.88,0.03,0.02,608,3647338.0,0.37,0.12
537,2025-07-28 10:20:00,60.05,59.95,60.1,59.95,-0.08,-0.05,681,4089633.0,0.25,0.13
538,2025-07-28 10:25:00,59.92,59.65,59.92,59.62,-0.5,-0.3,607,3625431.0,0.5,0.12
539,2025-07-28 10:30:00,59.64,59.8,59.8,59.62,0.25,0.15,575,3431702.0,0.3,0.11
540,2025-07-28 10:35:00,59.83,59.78,59.87,59.74,-0.03,-0.02,249,1489553.0,0.22,0.05
541,2025-07-28 10:40:00,59.77,59.78,59.8,59.75,0.0,0.0,154,920521.0,0.08,0.03
542,2025-07-28 10:45:00,59.75,59.74,59.76,59.41,-0.07,-0.04,1024,6093447.0,0.59,0.2
543,2025-07-28 10:50:00,59.75,59.92,60.03,59.74,0.3,0.18,576,3448860.0,0.49,0.11
544,2025-07-28 10:55:00,59.92,59.79,59.99,59.75,-0.22,-0.13,516,3089631.0,0.4,0.1
545,2025-07-28 11:00:00,59.81,59.68,59.88,59.68,-0.18,-0.11,159,950794.0,0.33,0.03
546,2025-07-28 11:05:00,59.67,59.8,59.85,59.67,0.2,0.12,182,1088302.0,0.3,0.04
547,2025-07-28 11:10:00,59.77,59.63,59.77,59.63,-0.28,-0.17,148,883583.0,0.23,0.03
548,2025-07-28 11:15:00,59.63,59.65,59.68,59.61,0.03,0.02,205,1222727.0,0.12,0.04
549,2025-07-28 11:20:00,59.65,59.6,59.65,59.49,-0.08,-0.05,425,2531050.0,0.27,0.08
550,2025-07-28 11:25:00,59.52,59.52,59.59,59.49,-0.13,-0.08,337,2005895.0,0.17,0.07
551,2025-07-28 11:30:00,59.51,59.43,59.51,59.42,-0.15,-0.09,237,1409553.0,0.15,0.05
552,2025-07-28 13:05:00,59.41,59.57,59.57,59.38,0.24,0.14,334,1985870.0,0.32,0.06
553,2025-07-28 13:10:00,59.59,59.6,59.72,59.5,0.05,0.03,284,1693513.0,0.37,0.05
554,2025-07-28 13:15:00,59.6,59.62,59.7,59.47,0.03,0.02,363,2163039.0,0.39,0.07
555,2025-07-28 13:20:00,59.62,59.85,59.89,59.54,0.39,0.23,285,1703718.0,0.59,0.06
556,2025-07-28 13:25:00,59.84,59.88,59.88,59.62,0.05,0.03,320,1912358.0,0.43,0.06
557,2025-07-28 13:30:00,59.88,59.65,59.93,59.65,-0.38,-0.23,179,1070701.0,0.47,0.03
558,2025-07-28 13:35:00,59.65,59.82,59.88,59.64,0.28,0.17,366,2188858.0,0.4,0.07
559,2025-07-28 13:40:00,59.81,59.69,59.81,59.67,-0.22,-0.13,130,776935.0,0.23,0.03
560,2025-07-28 13:45:00,59.68,59.6,59.68,59.59,-0.15,-0.09,198,1180506.0,0.15,0.04
561,2025-07-28 13:50:00,59.58,59.39,59.6,59.39,-0.35,-0.21,222,1320625.0,0.35,0.04
562,2025-07-28 13:55:00,59.38,59.45,59.49,59.35,0.1,0.06,320,1900999.0,0.24,0.06
563,2025-07-28 14:00:00,59.45,59.49,59.51,59.45,0.07,0.04,142,844867.0,0.1,0.03
564,2025-07-28 14:05:00,59.49,59.41,59.49,59.39,-0.13,-0.08,236,1402803.0,0.17,0.05
565,2025-07-28 14:10:00,59.4,59.4,59.4,59.33,-0.02,-0.01,333,1977340.0,0.12,0.06
566,2025-07-28 14:15:00,59.36,59.43,59.46,59.36,0.05,0.03,261,1550477.0,0.17,0.05
567,2025-07-28 14:20:00,59.43,59.53,59.6,59.43,0.17,0.1,341,2029447.0,0.29,0.07
568,2025-07-28 14:25:00,59.52,59.42,59.53,59.42,-0.18,-0.11,150,892092.0,0.18,0.03
569,2025-07-28 14:30:00,59.42,59.45,59.46,59.42,0.05,0.03,168,998486.0,0.07,0.03
570,2025-07-28 14:35:00,59.45,59.44,59.54,59.44,-0.02,-0.01,238,1415725.0,0.17,0.05
571,2025-07-28 14:40:00,59.45,59.53,59.54,59.44,0.15,0.09,400,2379605.0,0.17,0.08
572,2025-07-28 14:45:00,59.53,59.71,59.8,59.51,0.3,0.18,648,3866977.0,0.49,0.13
573,2025-07-28 14:50:00,59.71,59.65,59.74,59.64,-0.1,-0.06,776,4632455.0,0.17,0.15
574,2025-07-28 14:55:00,59.65,59.67,59.69,59.64,0.03,0.02,926,5525515.0,0.08,0.18
575,2025-07-28 15:00:00,59.65,59.76,59.84,59.65,0.15,0.09,1199,7165188.0,0.32,0.23
576,2025-07-29 09:35:00,59.18,59.36,60.18,59.1,-0.67,-0.4,2352,13954105.0,1.81,0.45
577,2025-07-29 09:40:00,59.34,59.76,59.85,59.2,0.67,0.4,1203,7147770.0,1.1,0.23
578,2025-07-29 09:45:00,59.87,59.63,60.2,59.62,-0.22,-0.13,1028,6156085.0,0.97,0.2
579,2025-07-29 09:50:00,59.63,59.99,60.05,59.48,0.6,0.36,954,5701797.0,0.96,0.18
580,2025-07-29 09:55:00,59.95,59.97,59.99,59.7,-0.03,-0.02,772,4622057.0,0.48,0.15
581,2025-07-29 10:00:00,60.02,59.58,60.08,59.55,-0.65,-0.39,1089,6509917.0,0.88,0.21
582,2025-07-29 10:05:00,59.58,59.31,59.68,59.25,-0.45,-0.27,773,4595541.0,0.72,0.15
583,2025-07-29 10:10:00,59.31,59.33,59.35,59.04,0.03,0.02,1235,7308266.0,0.52,0.24
584,2025-07-29 10:15:00,59.33,59.53,59.58,59.27,0.34,0.2,216,1282959.0,0.52,0.04
585,2025-07-29 10:20:00,59.53,59.48,59.67,59.48,-0.08,-0.05,350,2084716.0,0.32,0.07
586,2025-07-29 10:25:00,59.49,59.64,59.76,59.47,0.27,0.16,398,2371988.0,0.49,0.08
587,2025-07-29 10:30:00,59.6,59.69,59.76,59.5,0.08,0.05,323,1927109.0,0.44,0.06
588,2025-07-29 10:35:00,59.7,59.66,59.77,59.65,-0.05,-0.03,469,2800700.0,0.2,0.09
589,2025-07-29 10:40:00,59.65,59.95,59.95,59.6,0.49,0.29,489,2922247.0,0.59,0.09
590,2025-07-29 10:45:00,59.95,59.73,60.08,59.73,-0.37,-0.22,1111,6662192.0,0.58,0.21
591,2025-07-29 10:50:00,59.73,59.73,59.81,59.62,0.0,0.0,395,2359337.0,0.32,0.08
592,2025-07-29 10:55:00,59.67,59.5,59.67,59.48,-0.39,-0.23,581,3459177.0,0.32,0.11
593,2025-07-29 11:00:00,59.5,59.54,59.6,59.5,0.07,0.04,162,964923.0,0.17,0.03
594,2025-07-29 11:05:00,59.52,59.43,59.56,59.35,-0.18,-0.11,332,1974764.0,0.35,0.06
595,2025-07-29 11:10:00,59.5,59.5,59.51,59.4,0.12,0.07,390,2317304.0,0.19,0.08
596,2025-07-29 11:15:00,59.5,59.62,59.79,59.49,0.2,0.12,280,1671387.0,0.5,0.05
597,2025-07-29 11:20:00,59.68,59.48,59.68,59.48,-0.23,-0.14,91,542451.0,0.34,0.02
598,2025-07-29 11:25:00,59.51,59.62,59.67,59.4,0.24,0.14,320,1903658.0,0.45,0.06
599,2025-07-29 11:30:00,59.6,59.44,59.6,59.44,-0.3,-0.18,93,553274.0,0.27,0.02
600,2025-07-29 13:05:00,59.44,59.36,59.49,59.33,-0.13,-0.08,350,2079460.0,0.27,0.07
601,2025-07-29 13:10:00,59.38,59.26,59.45,59.26,-0.17,-0.1,385,2284939.0,0.32,0.07
602,2025-07-29 13:15:00,59.26,59.6,59.6,59.2,0.57,0.34,332,1971551.0,0.67,0.06
603,2025-07-29 13:20:00,59.52,59.4,59.63,59.4,-0.34,-0.2,243,1446731.0,0.39,0.05
604,2025-07-29 13:25:00,59.37,59.33,59.42,59.28,-0.12,-0.07,299,1774235.0,0.24,0.06
605,2025-07-29 13:30:00,59.31,59.49,59.49,59.17,0.27,0.16,492,2918430.0,0.54,0.1
606,2025-07-29 13:35:00,59.49,59.44,59.69,59.4,-0.08,-0.05,203,1208880.0,0.49,0.04
607,2025-07-29 13:40:00,59.48,59.38,59.48,59.38,-0.1,-0.06,92,546803.0,0.17,0.02
608,2025-07-29 13:45:00,59.38,59.33,59.4,59.31,-0.08,-0.05,204,1210981.0,0.15,0.04
609,2025-07-29 13:50:00,59.31,59.4,59.4,59.27,0.12,0.07,188,1115384.0,0.22,0.04
610,2025-07-29 13:55:00,59.45,59.35,59.45,59.32,-0.08,-0.05,189,1122248.0,0.22,0.04
611,2025-07-29 14:00:00,59.39,59.3,59.4,59.3,-0.08,-0.05,245,1454413.0,0.17,0.05
612,2025-07-29 14:05:00,59.36,59.7,59.7,59.33,0.67,0.4,354,2104958.0,0.62,0.07
613,2025-07-29 14:10:00,59.7,59.65,59.7,59.55,-0.08,-0.05,387,2308729.0,0.25,0.07
614,2025-07-29 14:15:00,59.61,59.55,59.61,59.55,-0.17,-0.1,308,1835251.0,0.1,0.06
615,2025-07-29 14:20:00,59.55,59.46,59.64,59.46,-0.15,-0.09,204,1215260.0,0.3,0.04
616,2025-07-29 14:25:00,59.46,59.54,59.54,59.42,0.13,0.08,319,1896864.0,0.2,0.06
617,2025-07-29 14:30:00,59.56,59.59,59.64,59.55,0.08,0.05,214,1275360.0,0.15,0.04
618,2025-07-29 14:35:00,59.58,59.52,59.58,59.45,-0.12,-0.07,600,3569318.0,0.22,0.12
619,2025-07-29 14:40:00,59.53,59.63,59.64,59.53,0.18,0.11,310,1847988.0,0.18,0.06
620,2025-07-29 14:45:00,59.63,59.57,59.64,59.57,-0.1,-0.06,281,1674865.0,0.12,0.05
621,2025-07-29 14:50:00,59.57,59.63,59.63,59.56,0.1,0.06,478,2847970.0,0.12,0.09
622,2025-07-29 14:55:00,59.63,59.79,59.8,59.63,0.27,0.16,915,5467505.0,0.29,0.18
623,2025-07-29 15:00:00,59.78,59.86,59.86,59.77,0.12,0.07,1040,6222514.0,0.15,0.2
624,2025-07-30 09:35:00,59.7,59.52,59.99,59.27,-0.57,-0.34,1768,10524565.0,1.2,0.34
625,2025-07-30 09:40:00,59.52,59.49,59.73,59.06,-0.05,-0.03,1364,8095846.0,1.13,0.26
626,2025-07-30 09:45:00,59.49,60.69,60.79,59.45,2.02,1.2,3001,18123325.0,2.25,0.58
627,2025-07-30 09:50:00,60.69,60.11,61.02,60.1,-0.96,-0.58,3311,20066551.0,1.52,0.64
628,2025-07-30 09:55:00,60.06,59.23,60.18,59.2,-1.46,-0.88,1739,10372196.0,1.63,0.34
629,2025-07-30 10:00:00,59.19,59.23,59.27,59.03,0.0,0.0,1226,7255276.0,0.41,0.24
630,2025-07-30 10:05:00,59.24,59.26,59.46,59.14,0.05,0.03,633,3752318.0,0.54,0.12
631,2025-07-30 10:10:00,59.26,59.1,59.37,59.1,-0.27,-0.16,445,2633972.0,0.46,0.09
632,2025-07-30 10:15:00,59.1,58.6,59.15,58.5,-0.85,-0.5,1416,8344384.0,1.1,0.27
633,2025-07-30 10:20:00,58.6,58.61,58.67,58.32,0.02,0.01,1102,6439751.0,0.6,0.21
634,2025-07-30 10:25:00,58.55,58.34,58.61,58.21,-0.46,-0.27,809,4722445.0,0.68,0.16
635,2025-07-30 10:30:00,58.36,58.27,58.47,58.22,-0.12,-0.07,821,4789076.0,0.43,0.16
636,2025-07-30 10:35:00,58.36,58.42,58.51,58.31,0.26,0.15,428,2502234.0,0.34,0.08
637,2025-07-30 10:40:00,58.42,58.29,58.42,58.26,-0.22,-0.13,470,2738060.0,0.27,0.09
638,2025-07-30 10:45:00,58.32,58.07,58.32,58.03,-0.38,-0.22,1036,6032994.0,0.5,0.2
639,2025-07-30 10:50:00,58.08,58.14,58.3,58.02,0.12,0.07,487,2830240.0,0.48,0.09
640,2025-07-30 10:55:00,58.19,58.1,58.27,58.04,-0.07,-0.04,878,5102298.0,0.4,0.17
641,2025-07-30 11:00:00,58.11,58.2,58.29,58.09,0.17,0.1,294,1709527.0,0.34,0.06
642,2025-07-30 11:05:00,58.22,58.17,58.3,58.13,-0.05,-0.03,348,2024214.0,0.29,0.07
643,2025-07-30 11:10:00,58.18,58.15,58.18,58.14,-0.03,-0.02,182,1058391.0,0.07,0.04
644,2025-07-30 11:15:00,58.14,58.21,58.3,58.13,0.1,0.06,269,1564997.0,0.29,0.05
645,2025-07-30 11:20:00,58.21,58.07,58.22,58.07,-0.24,-0.14,425,2469824.0,0.26,0.08
646,2025-07-30 11:25:00,58.07,58.06,58.13,58.06,-0.02,-0.01,200,1161427.0,0.12,0.04
647,2025-07-30 11:30:00,58.08,58.3,58.3,58.07,0.41,0.24,179,1041666.0,0.4,0.03
648,2025-07-30 13:05:00,58.37,58.3,58.66,58.23,0.0,0.0,267,1559695.0,0.74,0.05
649,2025-07-30 13:10:00,58.3,58.17,58.6,58.17,-0.22,-0.13,645,3760667.0,0.74,0.12
650,2025-07-30 13:15:00,58.16,58.06,58.16,58.05,-0.19,-0.11,316,1836018.0,0.19,0.06
651,2025-07-30 13:20:00,58.13,58.0,58.13,58.0,-0.1,-0.06,698,4049935.0,0.22,0.13
652,2025-07-30 13:25:00,58.01,57.9,58.01,57.89,-0.17,-0.1,579,3354452.0,0.21,0.11
653,2025-07-30 13:30:00,57.9,57.98,58.24,57.9,0.14,0.08,254,1473653.0,0.59,0.05
654,2025-07-30 13:35:00,57.97,57.8,58.06,57.8,-0.31,-0.18,562,3254959.0,0.45,0.11
655,2025-07-30 13:40:00,57.81,57.66,57.82,57.66,-0.24,-0.14,722,4168158.0,0.28,0.14
656,2025-07-30 13:45:00,57.67,57.79,57.79,57.56,0.23,0.13,765,4409646.0,0.4,0.15
657,2025-07-30 13:50:00,57.79,57.62,57.79,57.62,-0.29,-0.17,235,1354832.0,0.29,0.05
658,2025-07-30 13:55:00,57.62,57.59,57.68,57.57,-0.05,-0.03,426,2454238.0,0.19,0.08
659,2025-07-30 14:00:00,57.59,57.69,57.69,57.45,0.17,0.1,576,3313933.0,0.42,0.11
660,2025-07-30 14:05:00,57.69,57.38,57.69,57.38,-0.54,-0.31,512,2942410.0,0.54,0.1
661,2025-07-30 14:10:00,57.38,57.53,57.73,57.32,0.26,0.15,626,3601172.0,0.71,0.12
662,2025-07-30 14:15:00,57.72,57.56,57.72,57.5,0.05,0.03,323,1859483.0,0.38,0.06
663,2025-07-30 14:20:00,57.55,57.75,57.95,57.5,0.33,0.19,190,1097349.0,0.78,0.04
664,2025-07-30 14:25:00,57.79,58.08,58.1,57.79,0.57,0.33,318,1844881.0,0.54,0.06
665,2025-07-30 14:30:00,58.08,58.84,59.15,57.91,1.31,0.76,1424,8363326.0,2.13,0.28
666,2025-07-30 14:35:00,58.84,59.12,59.16,58.65,0.48,0.28,1152,6786569.0,0.87,0.22
667,2025-07-30 14:40:00,59.19,59.0,59.39,58.82,-0.2,-0.12,768,4535023.0,0.96,0.15
668,2025-07-30 14:45:00,58.93,58.77,59.0,58.77,-0.39,-0.23,319,1878535.0,0.39,0.06
669,2025-07-30 14:50:00,58.6,58.7,58.7,58.45,-0.12,-0.07,585,3428376.0,0.43,0.11
670,2025-07-30 14:55:00,58.69,58.53,58.69,58.5,-0.29,-0.17,421,2466815.0,0.32,0.08
671,2025-07-30 15:00:00,58.52,58.48,58.57,58.47,-0.09,-0.05,759,4439544.0,0.17,0.15
672,2025-07-31 09:35:00,57.79,58.79,59.1,57.79,0.53,0.31,2713,15947724.0,2.24,0.52
673,2025-07-31 09:40:00,58.93,59.15,59.37,58.85,0.61,0.36,2738,16185533.0,0.88,0.53
674,2025-07-31 09:45:00,59.18,59.76,59.76,59.14,1.03,0.61,1958,11628222.0,1.05,0.38
675,2025-07-31 09:50:00,59.76,59.49,59.88,59.49,-0.45,-0.27,1347,8046440.0,0.65,0.26
676,2025-07-31 09:55:00,59.48,60.44,60.5,59.41,1.6,0.95,3065,18399560.0,1.83,0.59
677,2025-07-31 10:00:00,60.52,60.2,60.75,60.04,-0.4,-0.24,2359,14254864.0,1.17,0.46
678,2025-07-31 10:05:00,60.2,60.04,60.45,59.95,-0.27,-0.16,2052,12336473.0,0.83,0.4
679,2025-07-31 10:10:00,60.05,60.27,60.47,60.04,0.38,0.23,1405,8466996.0,0.72,0.27
680,2025-07-31 10:15:00,60.29,60.18,60.56,60.18,-0.15,-0.09,1267,7654903.0,0.63,0.25
681,2025-07-31 10:20:00,60.2,60.1,60.26,60.1,-0.13,-0.08,900,5417595.0,0.27,0.17
682,2025-07-31 10:25:00,60.1,60.11,60.23,60.06,0.02,0.01,549,3303085.0,0.28,0.11
683,2025-07-31 10:30:00,60.11,60.13,60.18,59.83,0.03,0.02,995,5971725.0,0.58,0.19
684,2025-07-31 10:35:00,60.15,60.01,60.23,59.95,-0.2,-0.12,853,5128679.0,0.47,0.16
685,2025-07-31 10:40:00,60.01,59.85,60.01,59.77,-0.27,-0.16,669,4003882.0,0.4,0.13
686,2025-07-31 10:45:00,59.86,60.0,60.12,59.85,0.25,0.15,581,3487313.0,0.45,0.11
687,2025-07-31 10:50:00,60.0,60.0,60.0,59.85,0.0,0.0,474,2839725.0,0.25,0.09
688,2025-07-31 10:55:00,59.99,59.9,59.99,59.88,-0.17,-0.1,389,2330293.0,0.18,0.08
689,2025-07-31 11:00:00,59.9,59.7,59.93,59.66,-0.33,-0.2,622,3719879.0,0.45,0.12
690,2025-07-31 11:05:00,59.71,59.3,59.71,59.3,-0.67,-0.4,990,5889711.0,0.69,0.19
691,2025-07-31 11:10:00,59.3,59.47,59.54,59.25,0.29,0.17,564,3348900.0,0.49,0.11
692,2025-07-31 11:15:00,59.47,59.25,59.48,59.2,-0.37,-0.22,438,2597809.0,0.47,0.08
693,2025-07-31 11:20:00,59.31,59.36,59.5,59.25,0.19,0.11,170,1009580.0,0.42,0.03
694,2025-07-31 11:25:00,59.35,59.4,59.4,59.3,0.07,0.04,429,2545777.0,0.17,0.08
695,2025-07-31 11:30:00,59.44,59.41,59.49,59.4,0.02,0.01,175,1040153.0,0.15,0.03
696,2025-07-31 13:05:00,59.4,59.75,59.75,59.4,0.57,0.34,633,3765305.0,0.59,0.12
697,2025-07-31 13:10:00,59.74,59.55,59.75,59.5,-0.33,-0.2,265,1581017.0,0.42,0.05
698,2025-07-31 13:15:00,59.54,59.43,59.56,59.42,-0.2,-0.12,248,1474620.0,0.24,0.05
699,2025-07-31 13:20:00,59.49,59.44,59.49,59.37,0.02,0.01,322,1913725.0,0.2,0.06
700,2025-07-31 13:25:00,59.45,60.09,60.19,59.45,1.09,0.65,1629,9766732.0,1.24,0.32
701,2025-07-31 13:30:00,60.1,60.31,61.0,60.1,0.37,0.22,3585,21716039.0,1.5,0.69
702,2025-07-31 13:35:00,60.37,60.8,61.0,60.37,0.81,0.49,1995,12130005.0,1.04,0.39
703,2025-07-31 13:40:00,60.8,60.5,60.8,60.28,-0.49,-0.3,823,4978648.0,0.86,0.16
704,2025-07-31 13:45:00,60.5,60.36,60.54,60.36,-0.23,-0.14,501,3028253.0,0.3,0.1
705,2025-07-31 13:50:00,60.36,60.35,60.44,60.31,-0.02,-0.01,354,2136739.0,0.22,0.07
706,2025-07-31 13:55:00,60.35,60.18,60.43,60.18,-0.28,-0.17,463,2791805.0,0.41,0.09
707,2025-07-31 14:00:00,60.18,60.18,60.23,60.1,0.0,0.0,350,2106742.0,0.22,0.07
708,2025-07-31 14:05:00,60.16,60.3,60.38,60.15,0.2,0.12,384,2314462.0,0.38,0.07
709,2025-07-31 14:10:00,60.3,60.02,60.3,59.91,-0.46,-0.28,556,3340158.0,0.65,0.11
710,2025-07-31 14:15:00,60.03,60.2,60.23,60.03,0.3,0.18,398,2394879.0,0.33,0.08
711,2025-07-31 14:20:00,60.2,59.98,60.2,59.98,-0.37,-0.22,490,2944700.0,0.37,0.09
712,2025-07-31 14:25:00,59.98,59.9,60.12,59.9,-0.13,-0.08,389,2332695.0,0.37,0.08
713,2025-07-31 14:30:00,59.9,59.88,60.0,59.86,-0.03,-0.02,484,2900491.0,0.23,0.09
714,2025-07-31 14:35:00,59.83,59.55,59.87,59.55,-0.55,-0.33,533,3179454.0,0.53,0.1
715,2025-07-31 14:40:00,59.6,59.6,59.79,59.56,0.08,0.05,424,2529223.0,0.39,0.08
716,2025-07-31 14:45:00,59.61,60.2,60.2,59.6,1.01,0.6,750,4489536.0,1.01,0.15
717,2025-07-31 14:50:00,60.2,60.15,60.21,59.82,-0.08,-0.05,1361,8172393.0,0.65,0.26
718,2025-07-31 14:55:00,60.14,60.09,60.2,60.01,-0.1,-0.06,1163,6996052.0,0.32,0.22
719,2025-07-31 15:00:00,60.09,60.3,60.39,60.08,0.35,0.21,1594,9602129.0,0.52,0.31
720,2025-08-01 09:35:00,60.0,58.31,60.0,57.27,-3.3,-1.99,6604,38445698.0,4.53,1.28
721,2025-08-01 09:40:00,58.16,58.43,58.88,57.83,0.21,0.12,2560,14928562.0,1.8,0.5
722,2025-08-01 09:45:00,58.43,59.04,59.15,58.3,1.04,0.61,1334,7830898.0,1.45,0.26
723,2025-08-01 09:50:00,59.15,59.12,59.32,59.0,0.14,0.08,1067,6310015.0,0.54,0.21
724,2025-08-01 09:55:00,59.12,59.3,59.45,59.09,0.3,0.18,1019,6032568.0,0.61,0.2
725,2025-08-01 10:00:00,59.38,59.19,59.6,59.07,-0.19,-0.11,908,5388818.0,0.89,0.18
726,2025-08-01 10:05:00,59.07,59.26,59.26,58.84,0.12,0.07,865,5102336.0,0.71,0.17
727,2025-08-01 10:10:00,59.21,59.82,59.82,59.04,0.94,0.56,541,3213595.0,1.32,0.1
728,2025-08-01 10:15:00,59.95,64.42,64.42,59.95,7.69,4.6,12362,77162205.0,7.47,2.39
729,2025-08-01 10:20:00,64.6,67.4,68.85,64.0,4.63,2.98,11718,77108325.0,7.53,2.27
730,2025-08-01 10:25:00,67.96,68.38,69.56,67.1,1.45,0.98,8494,57803274.0,3.65,1.64
731,2025-08-01 10:30:00,68.5,68.65,69.15,67.53,0.39,0.27,4807,32943298.0,2.37,0.93
732,2025-08-01 10:35:00,68.65,71.0,72.36,68.01,3.42,2.35,23183,166029853.0,6.34,4.48
733,2025-08-01 10:40:00,70.96,70.08,71.5,69.64,-1.3,-0.92,3344,23563270.0,2.62,0.65
734,2025-08-01 10:45:00,70.02,71.95,72.11,69.57,2.67,1.87,2916,20535889.0,3.62,0.56
735,2025-08-01 10:50:00,71.85,69.9,72.0,69.9,-2.85,-2.05,1484,10489156.0,2.92,0.29
736,2025-08-01 10:55:00,69.9,69.18,70.49,68.87,-1.03,-0.72,1645,11427021.0,2.32,0.32
737,2025-08-01 11:00:00,69.23,68.98,69.45,68.98,-0.29,-0.2,1408,9737457.0,0.68,0.27
738,2025-08-01 11:05:00,68.98,68.9,69.19,68.9,-0.12,-0.08,727,5020480.0,0.42,0.14
739,2025-08-01 11:10:00,68.89,68.51,68.96,68.51,-0.57,-0.39,720,4957603.0,0.65,0.14
740,2025-08-01 11:15:00,68.5,68.63,68.77,67.99,0.18,0.12,789,5390126.0,1.14,0.15
741,2025-08-01 11:20:00,68.56,68.46,68.63,68.46,-0.25,-0.17,449,3076762.0,0.25,0.09
742,2025-08-01 11:25:00,68.46,68.6,68.68,68.42,0.2,0.14,614,4211663.0,0.38,0.12
743,2025-08-01 11:30:00,68.64,68.43,68.64,68.43,-0.25,-0.17,414,2836585.0,0.31,0.08
744,2025-08-01 13:05:00,68.42,67.8,68.43,67.79,-0.92,-0.63,730,4972214.0,0.94,0.14
745,2025-08-01 13:10:00,67.8,67.83,68.0,67.8,0.04,0.03,399,2708825.0,0.29,0.08
746,2025-08-01 13:15:00,67.83,67.7,67.91,67.7,-0.19,-0.13,367,2490255.0,0.31,0.07
747,2025-08-01 13:20:00,67.74,67.75,67.75,67.16,0.07,0.05,1101,7412465.0,0.87,0.21
748,2025-08-01 13:25:00,67.78,67.97,68.02,67.78,0.32,0.22,682,4635089.0,0.35,0.13
749,2025-08-01 13:30:00,67.94,67.96,68.0,67.93,-0.01,-0.01,193,1311751.0,0.1,0.04
750,2025-08-01 13:35:00,67.95,67.93,68.0,67.93,-0.04,-0.03,265,1801464.0,0.1,0.05
751,2025-08-01 13:40:00,67.92,67.2,67.92,67.17,-1.07,-0.73,632,4255473.0,1.1,0.12
752,2025-08-01 13:45:00,67.2,67.6,67.6,67.2,0.6,0.4,314,2111787.0,0.6,0.06
753,2025-08-01 13:50:00,67.6,68.84,69.03,67.6,1.83,1.24,790,5425282.0,2.12,0.15
754,2025-08-01 13:55:00,68.81,68.45,68.81,68.11,-0.57,-0.39,322,2204059.0,1.02,0.06
755,2025-08-01 14:00:00,68.39,69.28,69.5,68.39,1.21,0.83,604,4174279.0,1.62,0.12
756,2025-08-01 14:05:00,69.22,68.03,69.22,68.02,-1.8,-1.25,219,1502732.0,1.73,0.04
757,2025-08-01 14:10:00,68.03,68.6,68.6,68.03,0.84,0.57,351,2400220.0,0.84,0.07
758,2025-08-01 14:15:00,68.6,68.44,68.6,68.39,-0.23,-0.16,226,1547204.0,0.31,0.04
759,2025-08-01 14:20:00,68.44,70.1,70.5,68.43,2.43,1.66,1165,8109341.0,3.02,0.23
760,2025-08-01 14:25:00,70.1,69.99,70.25,69.96,-0.16,-0.11,623,4366991.0,0.41,0.12
761,2025-08-01 14:30:00,69.96,68.2,69.96,68.16,-2.56,-1.79,527,3624488.0,2.57,0.1
762,2025-08-01 14:35:00,68.53,68.26,68.58,68.23,0.09,0.06,598,4095746.0,0.51,0.12
763,2025-08-01 14:40:00,68.25,68.3,68.5,68.25,0.06,0.04,508,3472950.0,0.37,0.1
764,2025-08-01 14:45:00,68.3,68.4,68.45,68.3,0.15,0.1,447,3057451.0,0.22,0.09
765,2025-08-01 14:50:00,68.39,68.4,68.42,68.35,0.0,0.0,710,4854920.0,0.1,0.14
766,2025-08-01 14:55:00,68.43,68.18,68.45,68.18,-0.32,-0.22,1067,7290943.0,0.39,0.21
767,2025-08-01 15:00:00,68.18,67.99,68.18,67.9,-0.28,-0.19,2063,14029693.0,0.41,0.4
768,2025-08-04 09:35:00,68.0,67.88,70.08,66.5,-0.16,-0.11,16662,114436113.0,5.27,3.22
769,2025-08-04 09:40:00,67.87,69.0,69.17,67.31,1.65,1.12,5233,35572882.0,2.74,1.01
770,2025-08-04 09:45:00,68.99,68.29,68.99,67.23,-1.03,-0.71,4788,32542437.0,2.55,0.93
771,2025-08-04 09:50:00,68.0,69.56,69.6,67.82,1.86,1.27,8456,58472027.0,2.61,1.64
772,2025-08-04 09:55:00,69.62,70.25,70.8,69.5,0.99,0.69,8645,60593390.0,1.87,1.67
773,2025-08-04 10:00:00,70.25,70.01,70.7,69.11,-0.34,-0.24,5201,36556389.0,2.26,1.01
774,2025-08-04 10:05:00,70.05,69.36,70.05,69.35,-0.93,-0.65,2017,14033512.0,1.0,0.39
775,2025-08-04 10:10:00,69.43,70.96,70.96,69.27,2.31,1.6,3037,21328130.0,2.44,0.59
776,2025-08-04 10:15:00,70.86,70.8,71.0,70.32,-0.23,-0.16,2112,14964181.0,0.96,0.41
777,2025-08-04 10:20:00,70.72,71.54,71.99,70.5,1.05,0.74,3847,27429267.0,2.1,0.74
778,2025-08-04 10:25:00,71.4,71.78,72.0,71.18,0.34,0.24,3106,22298144.0,1.15,0.6
779,2025-08-04 10:30:00,71.68,71.2,71.7,70.8,-0.81,-0.58,1213,8662414.0,1.25,0.23
780,2025-08-04 10:35:00,71.21,70.56,71.5,70.56,-0.9,-0.64,1099,7799230.0,1.32,0.21
781,2025-08-04 10:40:00,70.6,70.04,70.73,69.79,-0.74,-0.52,1382,9701733.0,1.33,0.27
782,2025-08-04 10:45:00,70.04,69.87,70.05,69.87,-0.24,-0.17,1390,9730895.0,0.26,0.27
783,2025-08-04 10:50:00,69.86,69.82,70.0,69.8,-0.07,-0.05,820,5729828.0,0.29,0.16
784,2025-08-04 10:55:00,69.86,69.25,69.87,69.25,-0.82,-0.57,1976,13746676.0,0.89,0.38
785,2025-08-04 11:00:00,69.25,69.82,69.82,69.07,0.82,0.57,716,4964648.0,1.08,0.14
786,2025-08-04 11:05:00,69.82,70.41,70.73,69.58,0.85,0.59,1212,8467964.0,1.65,0.23
787,2025-08-04 11:10:00,70.41,70.32,70.41,70.22,-0.13,-0.09,481,3384304.0,0.27,0.09
788,2025-08-04 11:15:00,70.29,70.0,70.32,69.93,-0.46,-0.32,404,2837843.0,0.55,0.08
789,2025-08-04 11:20:00,70.25,70.98,70.98,69.88,1.4,0.98,411,2898004.0,1.57,0.08
790,2025-08-04 11:25:00,71.0,71.1,71.2,70.5,0.17,0.12,634,4502836.0,0.99,0.12
791,2025-08-04 11:30:00,71.11,71.14,71.26,71.11,0.06,0.04,710,5053618.0,0.21,0.14
792,2025-08-04 13:05:00,71.16,71.68,72.0,71.16,0.76,0.54,856,6136171.0,1.18,0.17
793,2025-08-04 13:10:00,71.6,71.14,71.67,71.14,-0.75,-0.54,855,6097629.0,0.74,0.17
794,2025-08-04 13:15:00,71.14,70.53,71.15,70.53,-0.86,-0.61,487,3457129.0,0.87,0.09
795,2025-08-04 13:20:00,70.59,71.12,71.12,70.5,0.84,0.59,677,4781440.0,0.88,0.13
796,2025-08-04 13:25:00,71.14,71.06,71.18,70.67,-0.08,-0.06,583,4140172.0,0.72,0.11
797,2025-08-04 13:30:00,71.1,71.89,72.0,71.08,1.17,0.83,1529,10974289.0,1.29,0.3
798,2025-08-04 13:35:00,71.89,71.23,71.9,71.03,-0.92,-0.66,1166,8354220.0,1.21,0.23
799,2025-08-04 13:40:00,71.24,71.2,71.24,70.67,-0.04,-0.03,540,3830004.0,0.8,0.1
800,2025-08-04 13:45:00,71.2,70.92,71.2,70.85,-0.39,-0.28,340,2413760.0,0.49,0.07
801,2025-08-04 13:50:00,71.06,70.84,71.06,70.81,-0.11,-0.08,351,2488625.0,0.35,0.07
802,2025-08-04 13:55:00,70.84,70.65,70.99,70.65,-0.27,-0.19,508,3597709.0,0.48,0.1
803,2025-08-04 14:00:00,70.65,70.42,70.65,70.42,-0.33,-0.23,435,3068827.0,0.33,0.08
804,2025-08-04 14:05:00,70.4,70.58,70.58,70.0,0.23,0.16,567,3979354.0,0.82,0.11
805,2025-08-04 14:10:00,70.58,70.38,70.88,70.36,-0.28,-0.2,371,2619739.0,0.74,0.07
806,2025-08-04 14:15:00,70.37,70.48,70.49,70.11,0.14,0.1,355,2493526.0,0.54,0.07
807,2025-08-04 14:20:00,70.49,70.32,70.49,70.29,-0.23,-0.16,577,4062366.0,0.28,0.11
808,2025-08-04 14:25:00,70.3,70.62,70.7,70.3,0.43,0.3,441,3107206.0,0.57,0.09
809,2025-08-04 14:30:00,70.77,70.8,70.91,70.77,0.25,0.18,383,2714559.0,0.2,0.07
810,2025-08-04 14:35:00,70.8,70.5,70.87,70.3,-0.42,-0.3,546,3855133.0,0.81,0.11
811,2025-08-04 14:40:00,70.5,70.35,70.5,70.28,-0.21,-0.15,619,4355601.0,0.31,0.12
812,2025-08-04 14:45:00,70.4,71.0,71.14,70.35,0.92,0.65,1989,14095447.0,1.12,0.38
813,2025-08-04 14:50:00,71.0,70.8,71.0,70.8,-0.28,-0.2,1361,9647248.0,0.28,0.26
814,2025-08-04 14:55:00,70.8,71.17,71.19,70.51,0.52,0.37,1622,11507109.0,0.96,0.31
815,2025-08-04 15:00:00,71.15,71.39,71.39,71.02,0.31,0.22,4150,29593686.0,0.52,0.8
816,2025-08-05 09:35:00,70.17,69.29,71.38,68.88,-2.94,-2.1,11633,81037848.0,3.5,2.25
817,2025-08-05 09:40:00,69.3,69.07,69.68,68.6,-0.32,-0.22,6527,45190217.0,1.56,1.26
818,2025-08-05 09:45:00,69.01,76.32,77.38,69.0,10.5,7.25,14331,105816141.0,12.13,2.77
819,2025-08-05 09:50:00,76.39,76.5,76.8,74.9,0.24,0.18,6846,51935520.0,2.49,1.32
820,2025-08-05 09:55:00,76.58,78.53,80.0,76.53,2.65,2.03,10376,81916645.0,4.54,2.01
821,2025-08-05 10:00:00,78.53,78.74,79.6,78.31,0.27,0.21,3004,23686144.0,1.64,0.58
822,2025-08-05 10:05:00,78.71,77.02,78.71,77.02,-2.18,-1.72,3765,29299878.0,2.15,0.73
823,2025-08-05 10:10:00,77.0,77.0,77.22,76.18,-0.03,-0.02,2668,20452640.0,1.35,0.52
824,2025-08-05 10:15:00,76.9,76.14,77.0,76.14,-1.12,-0.86,1674,12816606.0,1.12,0.32
825,2025-08-05 10:20:00,76.11,75.55,76.15,74.97,-0.77,-0.59,3190,23993876.0,1.55,0.62
826,2025-08-05 10:25:00,75.5,77.28,77.5,75.22,2.29,1.73,1203,9168847.0,3.02,0.23
827,2025-08-05 10:30:00,77.68,77.46,77.68,76.3,0.23,0.18,1312,10099663.0,1.79,0.25
828,2025-08-05 10:35:00,77.4,76.87,77.5,76.0,-0.76,-0.59,788,6059273.0,1.94,0.15
829,2025-08-05 10:40:00,76.87,77.08,77.39,76.6,0.27,0.21,622,4788525.0,1.03,0.12
830,2025-08-05 10:45:00,77.13,77.99,77.99,77.12,1.18,0.91,887,6862004.0,1.13,0.17
831,2025-08-05 10:50:00,77.78,77.0,77.95,77.0,-1.27,-0.99,926,7200573.0,1.22,0.18
832,2025-08-05 10:55:00,76.74,76.02,77.11,76.0,-1.27,-0.98,554,4234044.0,1.44,0.11
833,2025-08-05 11:00:00,76.01,77.69,77.7,75.99,2.2,1.67,591,4528278.0,2.25,0.11
834,2025-08-05 11:05:00,77.56,77.19,77.6,77.07,-0.64,-0.5,452,3492264.0,0.68,0.09
835,2025-08-05 11:10:00,77.39,76.7,77.39,76.7,-0.63,-0.49,424,3268260.0,0.89,0.08
836,2025-08-05 11:15:00,76.71,76.05,76.71,76.0,-0.85,-0.65,454,3458978.0,0.93,0.09
837,2025-08-05 11:20:00,76.05,75.9,76.25,75.9,-0.2,-0.15,509,3867101.0,0.46,0.1
838,2025-08-05 11:25:00,75.92,77.0,77.4,75.9,1.45,1.1,570,4351964.0,1.98,0.11
839,2025-08-05 11:30:00,76.98,77.4,77.4,76.27,0.52,0.4,428,3278678.0,1.47,0.08
840,2025-08-05 13:05:00,77.4,75.61,77.4,75.5,-2.31,-1.79,745,5693078.0,2.45,0.14
841,2025-08-05 13:10:00,75.61,75.73,75.73,75.28,0.16,0.12,430,3246656.0,0.6,0.08
842,2025-08-05 13:15:00,75.84,76.18,76.39,75.73,0.59,0.45,338,2566551.0,0.87,0.07
843,2025-08-05 13:20:00,76.03,75.71,76.17,75.65,-0.62,-0.47,434,3293040.0,0.68,0.08
844,2025-08-05 13:25:00,75.74,75.76,75.79,75.55,0.07,0.05,466,3524026.0,0.32,0.09
845,2025-08-05 13:30:00,75.76,75.7,75.76,75.55,-0.08,-0.06,435,3289873.0,0.28,0.08
846,2025-08-05 13:35:00,75.71,76.72,77.0,75.71,1.35,1.02,508,3885483.0,1.7,0.1
847,2025-08-05 13:40:00,76.72,76.1,76.72,76.0,-0.81,-0.62,287,2188390.0,0.94,0.06
848,2025-08-05 13:45:00,76.3,75.8,76.3,75.8,-0.39,-0.3,294,2235575.0,0.66,0.06
849,2025-08-05 13:50:00,75.75,75.48,75.75,75.4,-0.42,-0.32,486,3671947.0,0.46,0.09
850,2025-08-05 13:55:00,75.48,74.27,75.48,74.27,-1.6,-1.21,1510,11311880.0,1.6,0.29
851,2025-08-05 14:00:00,74.23,73.5,74.69,73.5,-1.04,-0.77,1603,11850854.0,1.6,0.31
852,2025-08-05 14:05:00,73.48,73.56,73.56,72.88,0.08,0.06,2784,20361203.0,0.93,0.54
853,2025-08-05 14:10:00,73.59,74.42,74.42,73.15,1.17,0.86,782,5761387.0,1.73,0.15
854,2025-08-05 14:15:00,74.42,74.7,74.77,74.0,0.38,0.28,890,6601750.0,1.03,0.17
855,2025-08-05 14:20:00,74.71,74.68,74.71,74.0,-0.03,-0.02,708,5257467.0,0.95,0.14
856,2025-08-05 14:25:00,74.67,75.4,75.5,74.64,0.96,0.72,827,6209252.0,1.15,0.16
857,2025-08-05 14:30:00,75.39,74.37,75.39,74.37,-1.37,-1.03,410,3072020.0,1.35,0.08
858,2025-08-05 14:35:00,74.37,73.28,74.37,73.28,-1.47,-1.09,1159,8534537.0,1.47,0.22
859,2025-08-05 14:40:00,73.27,73.35,73.35,73.1,0.1,0.07,1231,9011618.0,0.34,0.24
860,2025-08-05 14:45:00,73.35,75.0,75.2,73.35,2.25,1.65,1436,10715077.0,2.52,0.28
861,2025-08-05 14:50:00,74.99,73.82,74.99,73.71,-1.57,-1.18,697,5172205.0,1.71,0.13
862,2025-08-05 14:55:00,73.82,73.77,73.83,73.76,-0.07,-0.05,1693,12494265.0,0.09,0.33
863,2025-08-05 15:00:00,73.77,74.3,75.12,73.65,0.72,0.53,3062,22705748.0,1.99,0.59
864,2025-08-06 09:35:00,73.56,75.6,76.66,72.82,1.75,1.3,11633,87213911.0,5.17,2.25
865,2025-08-06 09:40:00,75.77,74.0,76.24,74.0,-2.12,-1.6,6578,49527577.0,2.96,1.27
866,2025-08-06 09:45:00,73.91,74.0,75.0,73.66,0.0,0.0,4978,36952934.0,1.81,0.96
867,2025-08-06 09:50:00,74.0,73.24,74.4,73.23,-1.03,-0.76,5650,41643014.0,1.58,1.09
868,2025-08-06 09:55:00,73.21,73.99,74.38,73.2,1.02,0.75,2748,20276624.0,1.61,0.53
869,2025-08-06 10:00:00,73.99,74.44,74.5,73.13,0.61,0.45,1883,13856585.0,1.85,0.36
870,2025-08-06 10:05:00,74.53,75.55,76.0,74.53,1.49,1.11,3934,29697553.0,1.97,0.76
871,2025-08-06 10:10:00,75.55,74.74,75.55,74.5,-1.07,-0.81,1697,12732615.0,1.39,0.33
872,2025-08-06 10:15:00,74.78,75.0,75.42,74.52,0.35,0.26,1237,9270607.0,1.2,0.24
873,2025-08-06 10:20:00,75.0,75.95,75.95,74.8,1.27,0.95,1091,8221354.0,1.53,0.21
874,2025-08-06 10:25:00,75.95,76.8,76.8,75.6,1.12,0.85,3327,25374637.0,1.58,0.64
875,2025-08-06 10:30:00,76.86,77.2,77.98,76.7,0.52,0.4,4442,34350415.0,1.67,0.86
876,2025-08-06 10:35:00,77.26,76.74,77.33,76.25,-0.6,-0.46,1287,9891366.0,1.4,0.25
877,2025-08-06 10:40:00,76.72,76.0,76.72,76.0,-0.96,-0.74,1102,8415129.0,0.94,0.21
878,2025-08-06 10:45:00,76.0,76.08,76.08,75.88,0.11,0.08,558,4240548.0,0.26,0.11
879,2025-08-06 10:50:00,76.08,76.49,76.68,76.08,0.54,0.41,681,5202913.0,0.79,0.13
880,2025-08-06 10:55:00,76.49,76.33,76.8,76.33,-0.21,-0.16,714,5470658.0,0.61,0.14
881,2025-08-06 11:00:00,76.33,76.17,76.33,76.12,-0.21,-0.16,312,2376446.0,0.28,0.06
882,2025-08-06 11:05:00,76.14,76.5,76.5,76.12,0.43,0.33,460,3501410.0,0.5,0.09
883,2025-08-06 11:10:00,76.6,76.7,76.96,76.54,0.26,0.2,645,4950698.0,0.55,0.12
884,2025-08-06 11:15:00,76.7,77.18,77.18,76.5,0.63,0.48,719,5522710.0,0.89,0.14
885,2025-08-06 11:20:00,77.2,77.2,78.78,77.2,0.03,0.02,2458,19190503.0,2.05,0.48
886,2025-08-06 11:25:00,77.2,78.2,78.2,77.2,1.3,1.0,854,6638817.0,1.3,0.17
887,2025-08-06 11:30:00,78.39,78.7,79.5,78.39,0.64,0.5,1882,14863465.0,1.42,0.36
888,2025-08-06 13:05:00,78.77,78.35,79.1,78.05,-0.44,-0.35,1044,8211203.0,1.33,0.2
889,2025-08-06 13:10:00,78.36,77.7,78.36,77.3,-0.83,-0.65,804,6245430.0,1.35,0.16
890,2025-08-06 13:15:00,77.69,77.7,78.33,77.66,0.0,0.0,505,3931875.0,0.86,0.1
891,2025-08-06 13:20:00,77.7,77.78,78.22,77.65,0.1,0.08,430,3351789.0,0.73,0.08
892,2025-08-06 13:25:00,77.78,76.83,77.8,76.67,-1.22,-0.95,848,6537871.0,1.45,0.16
893,2025-08-06 13:30:00,76.86,77.19,77.24,76.84,0.47,0.36,403,3105351.0,0.52,0.08
894,2025-08-06 13:35:00,77.19,77.05,77.2,77.0,-0.18,-0.14,417,3213419.0,0.26,0.08
895,2025-08-06 13:40:00,77.04,76.4,77.04,76.4,-0.84,-0.65,634,4865937.0,0.83,0.12
896,2025-08-06 13:45:00,76.4,76.32,76.4,76.03,-0.1,-0.08,839,6389020.0,0.48,0.16
897,2025-08-06 13:50:00,76.32,76.55,77.2,76.32,0.3,0.23,470,3614459.0,1.15,0.09
898,2025-08-06 13:55:00,76.6,77.0,77.0,76.51,0.59,0.45,261,2002319.0,0.64,0.05
899,2025-08-06 14:00:00,77.0,77.22,77.6,77.0,0.29,0.22,596,4615066.0,0.78,0.12
900,2025-08-06 14:05:00,77.44,77.46,77.8,77.26,0.31,0.24,546,4236114.0,0.7,0.11
901,2025-08-06 14:10:00,77.5,77.46,77.53,77.45,0.0,0.0,423,3277108.0,0.1,0.08
902,2025-08-06 14:15:00,77.45,77.01,77.51,77.01,-0.58,-0.45,377,2917043.0,0.65,0.07
903,2025-08-06 14:20:00,77.01,77.53,77.53,77.01,0.68,0.52,377,2915471.0,0.68,0.07
904,2025-08-06 14:25:00,77.53,78.08,78.26,77.53,0.71,0.55,700,5458044.0,0.94,0.14
905,2025-08-06 14:30:00,78.09,77.7,78.28,77.52,-0.49,-0.38,754,5882100.0,0.97,0.15
906,2025-08-06 14:35:00,77.7,77.34,77.99,77.34,-0.46,-0.36,452,3515108.0,0.84,0.09
907,2025-08-06 14:40:00,77.31,77.0,77.31,76.9,-0.44,-0.34,829,6391014.0,0.53,0.16
908,2025-08-06 14:45:00,77.05,77.26,77.49,77.05,0.34,0.26,688,5312531.0,0.57,0.13
909,2025-08-06 14:50:00,77.3,76.67,77.3,76.45,-0.76,-0.59,1180,9057345.0,1.1,0.23
910,2025-08-06 14:55:00,76.67,76.88,77.16,76.67,0.27,0.21,1660,12760978.0,0.64,0.32
911,2025-08-06 15:00:00,76.86,76.65,76.88,76.65,-0.3,-0.23,2262,17361564.0,0.3,0.44
912,2025-08-07 09:35:00,75.12,71.94,75.5,71.11,-6.14,-4.71,12592,91959207.0,5.73,2.44
913,2025-08-07 09:40:00,72.0,71.3,72.68,71.3,-0.89,-0.64,7281,52363908.0,1.92,1.41
914,2025-08-07 09:45:00,71.29,71.29,72.47,70.82,-0.01,-0.01,5068,36254546.0,2.31,0.98
915,2025-08-07 09:50:00,71.28,70.55,71.28,70.3,-1.04,-0.74,4224,29946596.0,1.37,0.82
916,2025-08-07 09:55:00,70.42,71.17,71.48,70.42,0.88,0.62,2813,19989863.0,1.5,0.54
917,2025-08-07 10:00:00,71.3,71.4,71.5,70.67,0.32,0.23,2488,17705365.0,1.17,0.48
918,2025-08-07 10:05:00,71.36,72.0,72.05,71.31,0.84,0.6,2078,14924378.0,1.04,0.4
919,2025-08-07 10:10:00,72.02,72.34,72.64,71.99,0.47,0.34,1684,12175671.0,0.9,0.33
920,2025-08-07 10:15:00,72.33,72.21,72.4,72.18,-0.18,-0.13,1094,7909184.0,0.3,0.21
921,2025-08-07 10:20:00,72.21,72.89,73.11,71.5,0.94,0.68,1693,12233422.0,2.23,0.33
922,2025-08-07 10:25:00,73.19,72.7,73.39,72.7,-0.26,-0.19,2008,14669668.0,0.95,0.39
923,2025-08-07 10:30:00,72.9,72.08,72.9,71.99,-0.85,-0.62,856,6201886.0,1.25,0.17
924,2025-08-07 10:35:00,72.07,72.43,72.65,71.81,0.49,0.35,696,5015662.0,1.17,0.13
925,2025-08-07 10:40:00,72.43,72.82,72.99,72.41,0.54,0.39,564,4103401.0,0.8,0.11
926,2025-08-07 10:45:00,72.7,72.81,72.81,72.18,-0.01,-0.01,731,5301763.0,0.87,0.14
927,2025-08-07 10:50:00,72.7,72.11,72.81,72.07,-0.96,-0.7,490,3544377.0,1.02,0.09
928,2025-08-07 10:55:00,72.1,71.4,72.26,71.31,-0.98,-0.71,1010,7242272.0,1.32,0.2
929,2025-08-07 11:00:00,71.4,71.81,72.11,71.4,0.57,0.41,311,2232292.0,0.99,0.06
930,2025-08-07 11:05:00,71.8,71.93,71.96,71.61,0.17,0.12,1235,8860619.0,0.49,0.24
931,2025-08-07 11:10:00,71.9,71.61,71.9,71.58,-0.44,-0.32,464,3326057.0,0.44,0.09
932,2025-08-07 11:15:00,71.61,71.4,71.62,71.25,-0.29,-0.21,1177,8404326.0,0.52,0.23
933,2025-08-07 11:20:00,71.4,71.98,71.98,71.4,0.81,0.58,364,2610254.0,0.81,0.07
934,2025-08-07 11:25:00,72.0,72.17,72.25,71.99,0.26,0.19,441,3182705.0,0.36,0.09
935,2025-08-07 11:30:00,72.17,72.17,72.2,72.12,0.0,0.0,384,2770936.0,0.11,0.07
936,2025-08-07 13:05:00,72.12,71.5,72.29,71.5,-0.93,-0.67,698,5017439.0,1.09,0.13
937,2025-08-07 13:10:00,71.66,72.29,72.3,71.66,1.1,0.79,545,3920583.0,0.9,0.11
938,2025-08-07 13:15:00,72.29,71.84,72.4,71.82,-0.62,-0.45,482,3475222.0,0.8,0.09
939,2025-08-07 13:20:00,71.85,71.38,71.88,71.38,-0.64,-0.46,773,5538816.0,0.7,0.15
940,2025-08-07 13:25:00,71.37,71.31,71.71,71.0,-0.1,-0.07,1154,8212525.0,0.99,0.22
941,2025-08-07 13:30:00,71.2,71.18,71.47,71.12,-0.18,-0.13,349,2484571.0,0.49,0.07
942,2025-08-07 13:35:00,71.18,71.33,71.47,71.18,0.21,0.15,343,2447977.0,0.41,0.07
943,2025-08-07 13:40:00,71.33,71.46,71.46,71.31,0.18,0.13,426,3041038.0,0.21,0.08
944,2025-08-07 13:45:00,71.46,71.45,71.79,71.43,-0.01,-0.01,466,3333930.0,0.5,0.09
945,2025-08-07 13:50:00,71.45,71.33,71.5,71.33,-0.17,-0.12,562,4015675.0,0.24,0.11
946,2025-08-07 13:55:00,71.32,71.02,71.32,71.02,-0.43,-0.31,801,5696786.0,0.42,0.15
947,2025-08-07 14:00:00,71.01,70.8,71.07,70.8,-0.31,-0.22,1559,11068818.0,0.38,0.3
948,2025-08-07 14:05:00,70.8,70.74,70.81,70.59,-0.08,-0.06,1696,11995332.0,0.31,0.33
949,2025-08-07 14:10:00,70.76,70.8,71.02,70.76,0.08,0.06,1007,7142586.0,0.37,0.19
950,2025-08-07 14:15:00,70.78,70.51,70.81,70.5,-0.41,-0.29,1220,8624955.0,0.44,0.24
951,2025-08-07 14:20:00,70.51,70.57,70.57,70.4,0.09,0.06,1657,11676898.0,0.24,0.32
952,2025-08-07 14:25:00,70.55,70.5,70.56,70.42,-0.1,-0.07,789,5561163.0,0.2,0.15
953,2025-08-07 14:30:00,70.53,70.42,70.57,70.42,-0.11,-0.08,813,5733175.0,0.21,0.16
954,2025-08-07 14:35:00,70.42,71.11,71.2,70.42,0.98,0.69,1229,8698045.0,1.11,0.24
955,2025-08-07 14:40:00,71.0,71.43,71.43,71.0,0.45,0.32,885,6298008.0,0.6,0.17
956,2025-08-07 14:45:00,71.43,71.02,71.71,71.02,-0.57,-0.41,1335,9527799.0,0.97,0.26
957,2025-08-07 14:50:00,71.01,71.01,71.1,70.99,-0.01,-0.01,1257,8927007.0,0.15,0.24
958,2025-08-07 14:55:00,71.01,70.89,71.03,70.7,-0.17,-0.12,1540,10911937.0,0.46,0.3
959,2025-08-07 15:00:00,70.9,71.02,71.02,70.8,0.18,0.13,2143,15210215.0,0.31,0.41
960,2025-08-08 09:35:00,69.61,70.61,71.86,69.61,-0.58,-0.41,7396,52203729.0,3.17,1.43
961,2025-08-08 09:40:00,70.44,70.09,70.44,69.8,-0.74,-0.52,3040,21307065.0,0.91,0.59
962,2025-08-08 09:45:00,70.09,70.16,70.59,69.89,0.1,0.07,1872,13111864.0,1.0,0.36
963,2025-08-08 09:50:00,70.1,70.68,70.72,69.7,0.74,0.52,1763,12348690.0,1.45,0.34
964,2025-08-08 09:55:00,70.63,70.64,71.0,70.33,-0.06,-0.04,1457,10301519.0,0.95,0.28
965,2025-08-08 10:00:00,70.59,71.55,71.68,70.53,1.29,0.91,2340,16700283.0,1.63,0.45
966,2025-08-08 10:05:00,71.59,70.85,71.62,70.85,-0.98,-0.7,1452,10371067.0,1.08,0.28
967,2025-08-08 10:10:00,70.87,69.82,70.87,69.69,-1.45,-1.03,2108,14818449.0,1.67,0.41
968,2025-08-08 10:15:00,69.82,69.66,69.98,69.31,-0.23,-0.16,2451,17060547.0,0.96,0.47
969,2025-08-08 10:20:00,69.69,69.76,70.0,69.64,0.14,0.1,710,4952531.0,0.52,0.14
970,2025-08-08 10:25:00,69.76,70.09,70.28,69.71,0.47,0.33,352,2459968.0,0.82,0.07
971,2025-08-08 10:30:00,70.09,70.15,70.19,69.8,0.09,0.06,482,3369642.0,0.56,0.09
972,2025-08-08 10:35:00,70.32,69.89,70.32,69.86,-0.37,-0.26,491,3438881.0,0.66,0.09
973,2025-08-08 10:40:00,69.89,69.9,70.07,69.86,0.01,0.01,308,2152515.0,0.3,0.06
974,2025-08-08 10:45:00,69.9,70.01,70.19,69.81,0.16,0.11,463,3239825.0,0.54,0.09
975,2025-08-08 10:50:00,70.01,70.67,70.82,70.0,0.94,0.66,549,3862644.0,1.17,0.11
976,2025-08-08 10:55:00,70.67,70.58,70.85,70.44,-0.13,-0.09,713,5043114.0,0.58,0.14
977,2025-08-08 11:00:00,70.44,70.56,70.58,70.24,-0.03,-0.02,205,1442729.0,0.48,0.04
978,2025-08-08 11:05:00,70.57,70.23,70.73,70.23,-0.47,-0.33,306,2155832.0,0.71,0.06
979,2025-08-08 11:10:00,70.2,70.1,70.2,70.0,-0.19,-0.13,367,2570991.0,0.28,0.07
980,2025-08-08 11:15:00,70.1,70.18,70.27,69.97,0.11,0.08,329,2304762.0,0.43,0.06
981,2025-08-08 11:20:00,70.18,70.03,70.18,70.0,-0.21,-0.15,272,1905185.0,0.26,0.05
982,2025-08-08 11:25:00,70.03,69.95,70.08,69.95,-0.11,-0.08,177,1239142.0,0.19,0.03
983,2025-08-08 11:30:00,69.95,69.97,70.21,69.91,0.03,0.02,427,2988468.0,0.43,0.08
984,2025-08-08 13:05:00,69.96,70.06,70.3,69.96,0.13,0.09,390,2732808.0,0.49,0.08
985,2025-08-08 13:10:00,70.06,70.14,70.4,70.06,0.11,0.08,470,3300600.0,0.49,0.09
986,2025-08-08 13:15:00,70.1,70.08,70.2,69.95,-0.09,-0.06,537,3761288.0,0.36,0.1
987,2025-08-08 13:20:00,70.18,69.9,70.25,69.84,-0.26,-0.18,587,4105776.0,0.59,0.11
988,2025-08-08 13:25:00,70.0,69.93,70.08,69.89,0.04,0.03,549,3842158.0,0.27,0.11
989,2025-08-08 13:30:00,69.91,69.9,70.07,69.8,-0.04,-0.03,870,6080018.0,0.39,0.17
990,2025-08-08 13:35:00,69.95,71.19,71.49,69.95,1.85,1.29,1904,13522982.0,2.2,0.37
991,2025-08-08 13:40:00,71.2,70.7,71.28,70.68,-0.69,-0.49,733,5210134.0,0.84,0.14
992,2025-08-08 13:45:00,70.76,70.68,70.99,70.68,-0.03,-0.02,511,3620943.0,0.44,0.1
993,2025-08-08 13:50:00,70.6,70.39,70.61,70.39,-0.41,-0.29,340,2396667.0,0.31,0.07
994,2025-08-08 13:55:00,70.4,70.25,70.48,70.0,-0.2,-0.14,439,3088872.0,0.68,0.08
995,2025-08-08 14:00:00,70.13,70.37,70.38,70.06,0.17,0.12,225,1578417.0,0.46,0.04
996,2025-08-08 14:05:00,70.3,70.11,70.37,70.11,-0.37,-0.26,249,1747742.0,0.37,0.05
997,2025-08-08 14:10:00,70.12,70.09,70.12,70.0,-0.03,-0.02,431,3018893.0,0.17,0.08
998,2025-08-08 14:15:00,70.03,70.09,70.26,70.03,0.0,0.0,297,2084534.0,0.33,0.06
999,2025-08-08 14:20:00,70.04,70.0,70.16,70.0,-0.13,-0.09,355,2487435.0,0.23,0.07
1000,2025-08-08 14:25:00,70.0,69.95,70.1,69.8,-0.07,-0.05,590,4127367.0,0.43,0.11
1001,2025-08-08 14:30:00,69.96,69.99,70.11,69.96,0.06,0.04,437,3060077.0,0.21,0.08
1002,2025-08-08 14:35:00,69.98,70.2,70.39,69.89,0.3,0.21,762,5336658.0,0.71,0.15
1003,2025-08-08 14:40:00,70.18,70.06,70.18,70.01,-0.2,-0.14,429,3006329.0,0.24,0.08
1004,2025-08-08 14:45:00,70.06,70.27,70.35,70.0,0.3,0.21,1051,7368860.0,0.5,0.2
1005,2025-08-08 14:50:00,70.16,70.16,70.24,70.1,-0.16,-0.11,552,3875591.0,0.2,0.11
1006,2025-08-08 14:55:00,70.17,70.11,70.19,70.1,-0.07,-0.05,1551,10879391.0,0.13,0.3
1007,2025-08-08 15:00:00,70.2,70.13,70.2,70.11,0.03,0.02,1439,10092452.0,0.13,0.28
1008,2025-08-11 09:35:00,69.74,70.08,71.16,69.74,-0.07,-0.05,3205,22578287.0,2.02,0.62
1009,2025-08-11 09:40:00,70.19,70.56,71.06,69.78,0.68,0.48,2932,20668887.0,1.83,0.57
1010,2025-08-11 09:45:00,70.51,70.42,70.67,70.22,-0.2,-0.14,1441,10148786.0,0.64,0.28
1011,2025-08-11 09:50:00,70.5,70.73,70.97,70.4,0.44,0.31,1321,9341824.0,0.81,0.26
1012,2025-08-11 09:55:00,70.67,70.83,70.87,70.44,0.14,0.1,1020,7211468.0,0.61,0.2
1013,2025-08-11 10:00:00,70.8,70.88,71.16,70.76,0.07,0.05,1633,11596573.0,0.56,0.32
1014,2025-08-11 10:05:00,70.83,70.97,70.99,70.73,0.13,0.09,605,4284912.0,0.37,0.12
1015,2025-08-11 10:10:00,70.97,71.11,71.28,70.97,0.2,0.14,1529,10881297.0,0.44,0.3
1016,2025-08-11 10:15:00,71.11,71.03,71.2,71.03,-0.11,-0.08,779,5541252.0,0.24,0.15
1017,2025-08-11 10:20:00,71.03,71.31,71.57,70.98,0.39,0.28,1368,9739418.0,0.83,0.26
1018,2025-08-11 10:25:00,71.31,70.9,71.31,70.8,-0.57,-0.41,768,5453052.0,0.72,0.15
1019,2025-08-11 10:30:00,70.9,70.7,70.9,70.6,-0.28,-0.2,793,5609137.0,0.42,0.15
1020,2025-08-11 10:35:00,70.62,70.15,70.65,70.08,-0.78,-0.55,1908,13404465.0,0.81,0.37
1021,2025-08-11 10:40:00,70.16,70.09,70.29,70.08,-0.09,-0.06,715,5017676.0,0.3,0.14
1022,2025-08-11 10:45:00,70.08,69.97,70.09,69.81,-0.17,-0.12,1230,8604037.0,0.4,0.24
1023,2025-08-11 10:50:00,69.99,70.04,70.14,69.99,0.1,0.07,331,2319714.0,0.21,0.06
1024,2025-08-11 10:55:00,70.07,70.18,70.28,70.03,0.2,0.14,291,2040470.0,0.36,0.06
1025,2025-08-11 11:00:00,70.18,70.78,70.8,70.17,0.85,0.6,444,3129611.0,0.9,0.09
1026,2025-08-11 11:05:00,70.75,70.35,70.75,70.35,-0.61,-0.43,221,1559994.0,0.57,0.04
1027,2025-08-11 11:10:00,70.35,70.77,70.94,70.35,0.6,0.42,916,6479114.0,0.84,0.18
1028,2025-08-11 11:15:00,70.57,70.61,70.7,70.41,-0.23,-0.16,151,1064858.0,0.41,0.03
1029,2025-08-11 11:20:00,70.6,70.79,70.82,70.6,0.25,0.18,310,2193037.0,0.31,0.06
1030,2025-08-11 11:25:00,70.79,70.62,70.81,70.55,-0.24,-0.17,214,1511642.0,0.37,0.04
1031,2025-08-11 11:30:00,70.67,70.58,70.68,70.58,-0.06,-0.04,241,1702308.0,0.14,0.05
1032,2025-08-11 13:05:00,70.58,70.18,70.81,70.18,-0.57,-0.4,1014,7144127.0,0.89,0.2
1033,2025-08-11 13:10:00,70.18,70.4,70.4,70.15,0.31,0.22,550,3862558.0,0.36,0.11
1034,2025-08-11 13:15:00,70.38,70.13,70.42,70.1,-0.38,-0.27,751,5279079.0,0.45,0.15
1035,2025-08-11 13:20:00,70.12,70.16,70.26,70.12,0.04,0.03,472,3313667.0,0.2,0.09
1036,2025-08-11 13:25:00,70.2,70.13,70.2,70.02,-0.04,-0.03,421,2947492.0,0.26,0.08
1037,2025-08-11 13:30:00,70.11,70.19,70.3,70.11,0.09,0.06,292,2050161.0,0.27,0.06
1038,2025-08-11 13:35:00,70.15,70.13,70.15,70.0,-0.09,-0.06,670,4692387.0,0.21,0.13
1039,2025-08-11 13:40:00,70.14,70.19,70.28,70.14,0.09,0.06,276,1937956.0,0.2,0.05
1040,2025-08-11 13:45:00,70.19,70.17,70.19,70.12,-0.03,-0.02,138,968063.0,0.1,0.03
1041,2025-08-11 13:50:00,70.17,70.12,70.17,70.09,-0.07,-0.05,274,1921477.0,0.11,0.05
1042,2025-08-11 13:55:00,70.09,70.3,70.3,70.07,0.26,0.18,379,2658084.0,0.33,0.07
1043,2025-08-11 14:00:00,70.3,70.3,70.4,70.28,0.0,0.0,174,1223541.0,0.17,0.03
1044,2025-08-11 14:05:00,70.3,70.2,70.33,70.2,-0.14,-0.1,498,3499225.0,0.18,0.1
1045,2025-08-11 14:10:00,70.2,70.03,70.21,70.0,-0.24,-0.17,835,5854296.0,0.3,0.16
1046,2025-08-11 14:15:00,70.03,70.13,70.2,69.98,0.14,0.1,785,5501552.0,0.31,0.15
1047,2025-08-11 14:20:00,70.17,69.97,70.19,69.95,-0.23,-0.16,557,3899697.0,0.34,0.11
1048,2025-08-11 14:25:00,69.96,70.05,70.05,69.96,0.11,0.08,269,1882658.0,0.13,0.05
1049,2025-08-11 14:30:00,70.03,69.95,70.03,69.91,-0.14,-0.1,702,4911630.0,0.17,0.14
1050,2025-08-11 14:35:00,69.92,69.9,69.95,69.88,-0.07,-0.05,681,4760916.0,0.1,0.13
1051,2025-08-11 14:40:00,69.9,70.02,70.28,69.9,0.17,0.12,627,4390661.0,0.54,0.12
1052,2025-08-11 14:45:00,70.03,70.03,70.15,70.01,0.01,0.01,448,3139505.0,0.2,0.09
1053,2025-08-11 14:50:00,70.02,70.11,70.13,70.0,0.11,0.08,473,3315245.0,0.19,0.09
1054,2025-08-11 14:55:00,70.11,70.0,70.11,70.0,-0.16,-0.11,1316,9216956.0,0.16,0.25
1055,2025-08-11 15:00:00,70.0,70.02,70.02,70.0,0.03,0.02,1611,11279428.0,0.03,0.31
1056,2025-08-12 09:35:00,70.0,70.57,70.66,69.1,0.79,0.55,2695,18825249.0,2.23,0.52
1057,2025-08-12 09:40:00,70.57,70.4,70.92,70.35,-0.24,-0.17,2345,16562058.0,0.81,0.45
1058,2025-08-12 09:45:00,70.4,69.4,70.4,69.31,-1.42,-1.0,2018,14071686.0,1.55,0.39
1059,2025-08-12 09:50:00,69.4,69.08,69.4,69.0,-0.46,-0.32,2075,14340369.0,0.58,0.4
1060,2025-08-12 09:55:00,69.04,68.85,69.25,68.85,-0.33,-0.23,1959,13526735.0,0.58,0.38
1061,2025-08-12 10:00:00,68.85,69.21,69.44,68.36,0.52,0.36,2743,18846502.0,1.57,0.53
1062,2025-08-12 10:05:00,69.21,69.09,69.41,68.97,-0.17,-0.12,773,5347267.0,0.64,0.15
1063,2025-08-12 10:10:00,69.08,68.72,69.16,68.64,-0.54,-0.37,868,5977056.0,0.75,0.17
1064,2025-08-12 10:15:00,68.72,68.95,69.15,68.68,0.33,0.23,1237,8511819.0,0.68,0.24
1065,2025-08-12 10:20:00,68.95,68.91,69.3,68.91,-0.06,-0.04,636,4389691.0,0.57,0.12
1066,2025-08-12 10:25:00,68.92,69.05,69.08,68.9,0.2,0.14,271,1868640.0,0.26,0.05
1067,2025-08-12 10:30:00,69.05,68.71,69.05,68.71,-0.49,-0.34,416,2864736.0,0.49,0.08
1068,2025-08-12 10:35:00,68.74,68.56,68.74,68.54,-0.22,-0.15,759,5207289.0,0.29,0.15
1069,2025-08-12 10:40:00,68.56,68.21,68.56,68.0,-0.51,-0.35,2710,18491725.0,0.82,0.52
1070,2025-08-12 10:45:00,68.21,68.5,68.5,68.19,0.43,0.29,1347,9204511.0,0.45,0.26
1071,2025-08-12 10:50:00,68.5,68.17,68.53,68.17,-0.48,-0.33,686,4690492.0,0.53,0.13
1072,2025-08-12 10:55:00,68.16,68.07,68.28,68.05,-0.15,-0.1,786,5354113.0,0.34,0.15
1073,2025-08-12 11:00:00,68.07,67.86,68.09,67.8,-0.31,-0.21,1763,11975487.0,0.43,0.34
1074,2025-08-12 11:05:00,67.96,67.82,68.1,67.81,-0.06,-0.04,1570,10663015.0,0.43,0.3
1075,2025-08-12 11:10:00,67.82,67.51,68.0,67.5,-0.46,-0.31,1477,10001769.0,0.74,0.29
1076,2025-08-12 11:15:00,67.5,67.61,67.8,67.41,0.15,0.1,719,4862023.0,0.58,0.14
1077,2025-08-12 11:20:00,67.61,67.91,67.91,67.58,0.44,0.3,516,3492510.0,0.49,0.1
1078,2025-08-12 11:25:00,67.88,68.16,68.16,67.78,0.37,0.25,314,2135340.0,0.56,0.06
1079,2025-08-12 11:30:00,68.14,68.21,68.3,68.12,0.07,0.05,298,2033402.0,0.26,0.06
1080,2025-08-12 13:05:00,68.23,68.48,68.48,68.17,0.4,0.27,525,3586538.0,0.45,0.1
1081,2025-08-12 13:10:00,68.5,68.79,68.79,68.49,0.45,0.31,559,3836590.0,0.44,0.11
1082,2025-08-12 13:15:00,68.79,68.67,68.86,68.65,-0.17,-0.12,403,2769421.0,0.31,0.08
1083,2025-08-12 13:20:00,68.7,68.75,68.75,68.57,0.12,0.08,324,2224243.0,0.26,0.06
1084,2025-08-12 13:25:00,68.75,68.67,69.16,68.62,-0.12,-0.08,954,6577576.0,0.79,0.18
1085,2025-08-12 13:30:00,68.67,68.49,68.75,68.47,-0.26,-0.18,338,2317630.0,0.41,0.07
1086,2025-08-12 13:35:00,68.48,68.47,68.56,68.36,-0.03,-0.02,273,1868553.0,0.29,0.05
1087,2025-08-12 13:40:00,68.4,68.26,68.45,68.26,-0.31,-0.21,197,1346111.0,0.28,0.04
1088,2025-08-12 13:45:00,68.21,68.3,68.3,68.18,0.06,0.04,221,1507912.0,0.18,0.04
1089,2025-08-12 13:50:00,68.3,68.29,68.3,68.25,-0.01,-0.01,232,1583819.0,0.07,0.04
1090,2025-08-12 13:55:00,68.26,68.75,68.76,68.26,0.67,0.46,339,2324545.0,0.73,0.07
1091,2025-08-12 14:00:00,68.75,68.51,68.76,68.5,-0.35,-0.24,238,1631943.0,0.38,0.05
1092,2025-08-12 14:05:00,68.51,68.5,68.71,68.48,-0.01,-0.01,458,3139497.0,0.34,0.09
1093,2025-08-12 14:10:00,68.5,68.42,68.63,68.38,-0.12,-0.08,615,4207732.0,0.36,0.12
1094,2025-08-12 14:15:00,68.42,68.39,68.46,68.35,-0.04,-0.03,139,950737.0,0.16,0.03
1095,2025-08-12 14:20:00,68.38,68.45,68.47,68.36,0.09,0.06,181,1238109.0,0.16,0.04
1096,2025-08-12 14:25:00,68.47,68.47,68.56,68.4,0.03,0.02,277,1896753.0,0.23,0.05
1097,2025-08-12 14:30:00,68.46,68.4,68.5,68.4,-0.1,-0.07,264,1806839.0,0.15,0.05
1098,2025-08-12 14:35:00,68.42,68.52,68.58,68.42,0.18,0.12,265,1815410.0,0.23,0.05
1099,2025-08-12 14:40:00,68.55,68.65,68.74,68.53,0.19,0.13,340,2332673.0,0.31,0.07
1100,2025-08-12 14:45:00,68.6,68.66,68.68,68.53,0.01,0.01,568,3895637.0,0.22,0.11
1101,2025-08-12 14:50:00,68.67,68.72,68.75,68.67,0.09,0.06,450,3092611.0,0.12,0.09
1102,2025-08-12 14:55:00,68.68,68.5,68.7,68.48,-0.32,-0.22,976,6693404.0,0.32,0.19
1103,2025-08-12 15:00:00,68.46,68.48,68.52,68.42,-0.03,-0.02,1456,9971168.0,0.15,0.28
1104,2025-08-13 09:35:00,68.06,68.48,69.39,68.05,0.0,0.0,3033,20902853.0,1.96,0.59
1105,2025-08-13 09:40:00,68.68,69.15,69.16,68.62,0.98,0.67,1430,9859857.0,0.79,0.28
1106,2025-08-13 09:45:00,69.16,69.08,69.71,69.0,-0.1,-0.07,2420,16764319.0,1.03,0.47
1107,2025-08-13 09:50:00,69.01,69.76,69.9,69.01,0.98,0.68,2643,18390981.0,1.29,0.51
1108,2025-08-13 09:55:00,69.79,69.57,69.9,69.26,-0.27,-0.19,1355,9431475.0,0.92,0.26
1109,2025-08-13 10:00:00,69.57,69.35,69.78,69.32,-0.32,-0.22,1480,10303864.0,0.66,0.29
1110,2025-08-13 10:05:00,69.37,69.19,69.67,69.08,-0.23,-0.16,1828,12686507.0,0.85,0.35
1111,2025-08-13 10:10:00,69.19,69.0,69.19,68.8,-0.27,-0.19,1008,6951431.0,0.56,0.19
1112,2025-08-13 10:15:00,69.0,68.58,69.08,68.54,-0.61,-0.42,1024,7037713.0,0.78,0.2
1113,2025-08-13 10:20:00,68.66,68.68,68.96,68.65,0.15,0.1,926,6363624.0,0.45,0.18
1114,2025-08-13 10:25:00,68.68,68.76,68.93,68.6,0.12,0.08,611,4201870.0,0.48,0.12
1115,2025-08-13 10:30:00,68.8,68.71,68.8,68.63,-0.07,-0.05,613,4210737.0,0.25,0.12
1116,2025-08-13 10:35:00,68.71,68.6,68.77,68.58,-0.16,-0.11,539,3701906.0,0.28,0.1
1117,2025-08-13 10:40:00,68.6,68.63,68.7,68.59,0.04,0.03,425,2916627.0,0.16,0.08
1118,2025-08-13 10:45:00,68.63,68.6,68.87,68.59,-0.04,-0.03,417,2862191.0,0.41,0.08
1119,2025-08-13 10:50:00,68.59,68.46,68.68,68.46,-0.2,-0.14,921,6311480.0,0.32,0.18
1120,2025-08-13 10:55:00,68.5,68.33,68.5,68.28,-0.19,-0.13,538,3681092.0,0.32,0.1
1121,2025-08-13 11:00:00,68.32,68.74,68.74,68.28,0.6,0.41,599,4098561.0,0.67,0.12
1122,2025-08-13 11:05:00,68.67,68.61,68.67,68.56,-0.19,-0.13,173,1187157.0,0.16,0.03
1123,2025-08-13 11:10:00,68.61,68.62,68.84,68.61,0.01,0.01,233,1601676.0,0.34,0.05
1124,2025-08-13 11:15:00,68.62,68.66,68.73,68.6,0.06,0.04,378,2595384.0,0.19,0.07
1125,2025-08-13 11:20:00,68.66,68.59,68.72,68.59,-0.1,-0.07,151,1036475.0,0.19,0.03
1126,2025-08-13 11:25:00,68.58,68.96,68.96,68.58,0.54,0.37,310,2130198.0,0.55,0.06
1127,2025-08-13 11:30:00,68.96,68.93,69.0,68.84,-0.04,-0.03,174,1199546.0,0.23,0.03
1128,2025-08-13 13:05:00,68.95,69.02,69.18,68.95,0.13,0.09,438,3025632.0,0.33,0.08
1129,2025-08-13 13:10:00,69.01,68.95,69.04,68.9,-0.1,-0.07,413,2847807.0,0.2,0.08
1130,2025-08-13 13:15:00,69.05,68.86,69.13,68.85,-0.13,-0.09,804,5550973.0,0.41,0.16
1131,2025-08-13 13:20:00,68.86,68.86,68.97,68.74,0.0,0.0,424,2919065.0,0.33,0.08
1132,2025-08-13 13:25:00,68.85,68.65,68.97,68.64,-0.3,-0.21,281,1933882.0,0.48,0.05
1133,2025-08-13 13:30:00,68.66,68.72,68.87,68.66,0.1,0.07,323,2219876.0,0.31,0.06
1134,2025-08-13 13:35:00,68.79,68.87,69.11,68.74,0.22,0.15,620,4274220.0,0.54,0.12
1135,2025-08-13 13:40:00,68.86,68.92,68.95,68.74,0.07,0.05,285,1962161.0,0.3,0.06
1136,2025-08-13 13:45:00,68.92,68.85,68.93,68.85,-0.1,-0.07,102,702700.0,0.12,0.02
1137,2025-08-13 13:50:00,68.84,68.88,68.9,68.77,0.04,0.03,388,2670463.0,0.19,0.08
1138,2025-08-13 13:55:00,68.81,68.8,68.88,68.77,-0.12,-0.08,176,1210983.0,0.16,0.03
1139,2025-08-13 14:00:00,68.78,68.87,68.98,68.78,0.1,0.07,348,2398043.0,0.29,0.07
1140,2025-08-13 14:05:00,68.9,69.0,69.12,68.9,0.19,0.13,666,4598342.0,0.32,0.13
1141,2025-08-13 14:10:00,69.0,68.99,69.05,68.9,-0.01,-0.01,265,1827328.0,0.22,0.05
1142,2025-08-13 14:15:00,68.97,68.87,68.98,68.86,-0.17,-0.12,430,2963367.0,0.17,0.08
1143,2025-08-13 14:20:00,68.93,68.93,68.97,68.86,0.09,0.06,306,2109337.0,0.16,0.06
1144,2025-08-13 14:25:00,68.91,68.81,68.93,68.73,-0.17,-0.12,554,3813110.0,0.29,0.11
1145,2025-08-13 14:30:00,68.81,68.71,68.81,68.71,-0.15,-0.1,366,2516060.0,0.15,0.07
1146,2025-08-13 14:35:00,68.71,68.71,68.76,68.71,0.0,0.0,358,2460364.0,0.07,0.07
1147,2025-08-13 14:40:00,68.72,68.82,68.85,68.69,0.16,0.11,611,4198664.0,0.23,0.12
1148,2025-08-13 14:45:00,68.82,68.85,68.88,68.8,0.04,0.03,555,3818111.0,0.12,0.11
1149,2025-08-13 14:50:00,68.85,68.89,68.89,68.85,0.06,0.04,706,4861219.0,0.06,0.14
1150,2025-08-13 14:55:00,68.92,69.06,69.06,68.89,0.25,0.17,1044,7194642.0,0.25,0.2
1151,2025-08-13 15:00:00,69.12,69.29,69.3,69.06,0.33,0.23,1766,12228480.0,0.35,0.34
1152,2025-08-14 09:35:00,68.8,68.11,69.12,68.03,-1.7,-1.18,2621,17959634.0,1.57,0.51
1153,2025-08-14 09:40:00,68.12,67.52,68.13,67.15,-0.87,-0.59,2980,20159945.0,1.44,0.58
1154,2025-08-14 09:45:00,67.52,67.38,67.97,67.37,-0.21,-0.14,1648,11136731.0,0.89,0.32
1155,2025-08-14 09:50:00,67.31,67.32,67.4,67.13,-0.09,-0.06,1738,11683007.0,0.4,0.34
1156,2025-08-14 09:55:00,67.32,67.5,67.79,67.31,0.27,0.18,1059,7149602.0,0.71,0.2
1157,2025-08-14 10:00:00,67.52,67.7,67.8,67.5,0.3,0.2,528,3567947.0,0.44,0.1
1158,2025-08-14 10:05:00,67.63,67.55,67.63,67.34,-0.22,-0.15,1028,6931914.0,0.43,0.2
1159,2025-08-14 10:10:00,67.75,68.22,68.3,67.56,0.99,0.67,734,4982614.0,1.1,0.14
1160,2025-08-14 10:15:00,68.22,68.13,68.25,67.99,-0.13,-0.09,511,3480910.0,0.38,0.1
1161,2025-08-14 10:20:00,68.13,68.05,68.25,67.98,-0.12,-0.08,442,3010082.0,0.4,0.09
1162,2025-08-14 10:25:00,68.05,68.11,68.15,68.02,0.09,0.06,253,1722365.0,0.19,0.05
1163,2025-08-14 10:30:00,68.07,68.01,68.15,68.0,-0.15,-0.1,178,1211391.0,0.22,0.03
1164,2025-08-14 10:35:00,68.0,68.29,68.32,68.0,0.41,0.28,635,4329424.0,0.47,0.12
1165,2025-08-14 10:40:00,68.25,67.93,68.25,67.87,-0.53,-0.36,399,2714735.0,0.56,0.08
1166,2025-08-14 10:45:00,67.93,67.8,67.93,67.71,-0.19,-0.13,445,3016908.0,0.32,0.09
1167,2025-08-14 10:50:00,67.79,67.46,67.79,67.42,-0.5,-0.34,742,5013903.0,0.55,0.14
1168,2025-08-14 10:55:00,67.45,67.56,67.61,67.41,0.15,0.1,571,3856775.0,0.3,0.11
1169,2025-08-14 11:00:00,67.57,67.69,67.77,67.56,0.19,0.13,246,1664561.0,0.31,0.05
1170,2025-08-14 11:05:00,67.69,67.68,67.84,67.68,-0.01,-0.01,165,1117755.0,0.24,0.03
1171,2025-08-14 11:10:00,67.68,67.52,67.68,67.46,-0.24,-0.16,268,1809950.0,0.33,0.05
1172,2025-08-14 11:15:00,67.52,67.81,67.81,67.52,0.43,0.29,207,1401723.0,0.43,0.04
1173,2025-08-14 11:20:00,67.91,67.82,68.0,67.77,0.01,0.01,189,1283043.0,0.34,0.04
1174,2025-08-14 11:25:00,67.82,67.81,67.86,67.75,-0.01,-0.01,221,1498192.0,0.16,0.04
1175,2025-08-14 11:30:00,67.81,67.88,68.09,67.81,0.1,0.07,440,2991822.0,0.41,0.09
1176,2025-08-14 13:05:00,67.8,67.65,67.8,67.6,-0.34,-0.23,355,2402845.0,0.29,0.07
1177,2025-08-14 13:10:00,67.6,67.46,67.6,67.45,-0.28,-0.19,334,2254265.0,0.22,0.06
1178,2025-08-14 13:15:00,67.46,67.42,67.46,67.38,-0.06,-0.04,550,3708160.0,0.12,0.11
1179,2025-08-14 13:20:00,67.42,67.52,67.57,67.41,0.15,0.1,522,3522186.0,0.24,0.1
1180,2025-08-14 13:25:00,67.52,67.02,67.53,67.02,-0.74,-0.5,1048,7042758.0,0.76,0.2
1181,2025-08-14 13:30:00,67.01,67.49,67.49,66.88,0.7,0.47,1010,6769436.0,0.91,0.2
1182,2025-08-14 13:35:00,67.49,67.74,67.99,67.43,0.37,0.25,560,3793154.0,0.83,0.11
1183,2025-08-14 13:40:00,67.77,68.15,68.17,67.73,0.61,0.41,539,3662677.0,0.65,0.1
1184,2025-08-14 13:45:00,68.18,67.84,68.18,67.84,-0.45,-0.31,411,2797382.0,0.5,0.08
1185,2025-08-14 13:50:00,67.96,67.89,68.0,67.89,0.07,0.05,158,1073935.0,0.16,0.03
1186,2025-08-14 13:55:00,67.92,67.7,67.92,67.7,-0.28,-0.19,240,1626423.0,0.32,0.05
1187,2025-08-14 14:00:00,67.7,67.67,67.7,67.57,-0.04,-0.03,373,2523690.0,0.19,0.07
1188,2025-08-14 14:05:00,67.67,67.9,67.92,67.67,0.34,0.23,304,2061186.0,0.37,0.06
1189,2025-08-14 14:10:00,67.9,67.82,67.9,67.76,-0.12,-0.08,185,1254442.0,0.21,0.04
1190,2025-08-14 14:15:00,67.84,67.67,68.0,67.67,-0.22,-0.15,221,1499773.0,0.49,0.04
1191,2025-08-14 14:20:00,67.64,67.67,67.84,67.58,0.0,0.0,200,1352913.0,0.38,0.04
1192,2025-08-14 14:25:00,67.64,67.53,67.66,67.53,-0.21,-0.14,229,1547865.0,0.19,0.04
1193,2025-08-14 14:30:00,67.53,67.6,67.81,67.53,0.1,0.07,453,3060816.0,0.41,0.09
1194,2025-08-14 14:35:00,67.6,67.44,67.71,67.4,-0.24,-0.16,335,2263509.0,0.46,0.06
1195,2025-08-14 14:40:00,67.4,67.29,67.4,67.22,-0.22,-0.15,326,2193499.0,0.27,0.06
1196,2025-08-14 14:45:00,67.28,67.76,68.0,67.15,0.7,0.47,1531,10318711.0,1.26,0.3
1197,2025-08-14 14:50:00,67.87,67.53,68.0,67.29,-0.34,-0.23,1362,9211308.0,1.05,0.26
1198,2025-08-14 14:55:00,67.55,67.35,67.55,67.22,-0.27,-0.18,663,4461434.0,0.49,0.13
1199,2025-08-14 15:00:00,67.23,67.05,67.23,67.05,-0.45,-0.3,931,6248429.0,0.27,0.18
1200,2025-08-15 09:35:00,67.11,66.93,67.46,66.7,-0.18,-0.12,1616,10837522.0,1.13,0.31
1201,2025-08-15 09:40:00,67.1,67.2,67.36,67.0,0.4,0.27,676,4540335.0,0.54,0.13
1202,2025-08-15 09:45:00,67.31,67.01,67.35,67.01,-0.28,-0.19,704,4730335.0,0.51,0.14
1203,2025-08-15 09:50:00,67.06,67.06,67.25,67.0,0.07,0.05,706,4736603.0,0.37,0.14
1204,2025-08-15 09:55:00,67.07,67.24,67.25,66.75,0.27,0.18,1137,7607015.0,0.75,0.22
1205,2025-08-15 10:00:00,67.15,67.26,67.26,67.05,0.03,0.02,694,4661961.0,0.31,0.13
1206,2025-08-15 10:05:00,67.28,67.38,67.5,67.25,0.18,0.12,501,3373930.0,0.37,0.1
1207,2025-08-15 10:10:00,67.38,67.34,67.38,67.2,-0.06,-0.04,356,2395468.0,0.27,0.07
1208,2025-08-15 10:15:00,67.31,67.25,67.45,67.24,-0.13,-0.09,512,3448745.0,0.31,0.1
1209,2025-08-15 10:20:00,67.25,67.34,67.39,67.2,0.13,0.09,391,2631092.0,0.28,0.08
1210,2025-08-15 10:25:00,67.36,67.56,67.75,67.36,0.33,0.22,625,4222949.0,0.58,0.12
1211,2025-08-15 10:30:00,67.56,67.6,67.7,67.56,0.06,0.04,322,2178000.0,0.21,0.06
1212,2025-08-15 10:35:00,67.56,67.67,67.67,67.34,0.1,0.07,589,3976144.0,0.49,0.11
1213,2025-08-15 10:40:00,67.63,67.7,67.81,67.6,0.04,0.03,501,3393025.0,0.31,0.1
1214,2025-08-15 10:45:00,67.68,67.88,68.01,67.63,0.27,0.18,527,3576175.0,0.56,0.1
1215,2025-08-15 10:50:00,67.93,67.77,67.93,67.69,-0.16,-0.11,372,2522021.0,0.35,0.07
1216,2025-08-15 10:55:00,67.75,67.69,67.75,67.66,-0.12,-0.08,333,2254273.0,0.13,0.06
1217,2025-08-15 11:00:00,67.69,67.62,67.74,67.62,-0.1,-0.07,216,1462018.0,0.18,0.04
1218,2025-08-15 11:05:00,67.65,67.59,67.7,67.59,-0.04,-0.03,249,1684023.0,0.16,0.05
1219,2025-08-15 11:10:00,67.58,67.56,67.67,67.5,-0.04,-0.03,237,1601730.0,0.25,0.05
1220,2025-08-15 11:15:00,67.52,67.39,67.52,67.36,-0.25,-0.17,220,1483868.0,0.24,0.04
1221,2025-08-15 11:20:00,67.38,67.57,67.62,67.38,0.27,0.18,211,1425231.0,0.36,0.04
1222,2025-08-15 11:25:00,67.58,67.69,67.74,67.58,0.18,0.12,111,750664.0,0.24,0.02
1223,2025-08-15 11:30:00,67.73,67.72,67.73,67.65,0.04,0.03,152,1028703.0,0.12,0.03
1224,2025-08-15 13:05:00,67.72,67.8,67.86,67.68,0.12,0.08,754,5107762.0,0.27,0.15
1225,2025-08-15 13:10:00,67.79,67.7,67.88,67.7,-0.15,-0.1,255,1728396.0,0.27,0.05
1226,2025-08-15 13:15:00,67.69,67.7,67.7,67.6,0.0,0.0,273,1846852.0,0.15,0.05
1227,2025-08-15 13:20:00,67.7,67.63,67.73,67.54,-0.1,-0.07,416,2813479.0,0.28,0.08
1228,2025-08-15 13:25:00,67.64,67.6,67.69,67.6,-0.04,-0.03,246,1663985.0,0.13,0.05
1229,2025-08-15 13:30:00,67.59,67.74,67.82,67.59,0.21,0.14,326,2206440.0,0.34,0.06
1230,2025-08-15 13:35:00,67.8,67.77,67.8,67.67,0.04,0.03,151,1023007.0,0.19,0.03
1231,2025-08-15 13:40:00,67.75,67.74,67.77,67.7,-0.04,-0.03,111,751716.0,0.1,0.02
1232,2025-08-15 13:45:00,67.74,67.86,67.89,67.74,0.18,0.12,364,2469531.0,0.22,0.07
1233,2025-08-15 13:50:00,67.85,67.85,67.89,67.8,-0.01,-0.01,259,1757283.0,0.13,0.05
1234,2025-08-15 13:55:00,67.85,67.75,67.85,67.72,-0.15,-0.1,242,1640543.0,0.19,0.05
1235,2025-08-15 14:00:00,67.72,67.66,67.72,67.65,-0.13,-0.09,265,1793248.0,0.1,0.05
1236,2025-08-15 14:05:00,67.68,67.75,67.8,67.67,0.13,0.09,202,1368188.0,0.19,0.04
1237,2025-08-15 14:10:00,67.76,67.72,67.82,67.71,-0.04,-0.03,250,1694301.0,0.16,0.05
1238,2025-08-15 14:15:00,67.71,68.16,68.29,67.71,0.65,0.44,1140,7752362.0,0.86,0.22
1239,2025-08-15 14:20:00,68.18,68.0,68.25,67.98,-0.23,-0.16,715,4871931.0,0.4,0.14
1240,2025-08-15 14:25:00,67.98,67.97,68.11,67.97,-0.04,-0.03,451,3068866.0,0.21,0.09
1241,2025-08-15 14:30:00,68.0,67.75,68.0,67.72,-0.32,-0.22,289,1960106.0,0.41,0.06
1242,2025-08-15 14:35:00,67.79,67.76,67.84,67.72,0.01,0.01,290,1965192.0,0.18,0.06
1243,2025-08-15 14:40:00,67.78,67.82,67.94,67.76,0.09,0.06,239,1621560.0,0.27,0.05
1244,2025-08-15 14:45:00,67.82,67.81,67.86,67.81,-0.01,-0.01,226,1532880.0,0.07,0.04
1245,2025-08-15 14:50:00,67.81,67.88,67.97,67.8,0.1,0.07,603,4090635.0,0.25,0.12
1246,2025-08-15 14:55:00,67.86,67.93,67.99,67.8,0.07,0.05,732,4968056.0,0.28,0.14
1247,2025-08-15 15:00:00,67.96,68.17,68.22,67.96,0.35,0.24,1264,8609727.0,0.38,0.24
1248,2025-08-18 09:35:00,68.58,69.24,70.22,68.58,1.57,1.07,4508,31339825.0,2.41,0.87
1249,2025-08-18 09:40:00,69.37,69.94,70.18,69.25,1.01,0.7,2735,19100373.0,1.34,0.53
1250,2025-08-18 09:45:00,69.93,69.6,69.94,69.33,-0.49,-0.34,2119,14742331.0,0.87,0.41
1251,2025-08-18 09:50:00,69.56,69.87,69.9,69.46,0.39,0.27,1097,7652526.0,0.63,0.21
1252,2025-08-18 09:55:00,69.85,69.92,70.1,69.7,0.07,0.05,1499,10480877.0,0.57,0.29
1253,2025-08-18 10:00:00,69.91,69.69,69.92,69.68,-0.33,-0.23,915,6388490.0,0.34,0.18
1254,2025-08-18 10:05:00,69.69,69.74,69.96,69.61,0.07,0.05,1320,9211573.0,0.5,0.26
1255,2025-08-18 10:10:00,69.7,69.5,69.78,69.5,-0.34,-0.24,1050,7317170.0,0.4,0.2
1256,2025-08-18 10:15:00,69.5,69.35,69.57,69.33,-0.22,-0.15,981,6816469.0,0.35,0.19
1257,2025-08-18 10:20:00,69.31,69.51,69.52,69.31,0.23,0.16,785,5453336.0,0.3,0.15
1258,2025-08-18 10:25:00,69.56,69.88,69.89,69.56,0.53,0.37,648,4518169.0,0.47,0.13
1259,2025-08-18 10:30:00,69.88,69.77,69.95,69.77,-0.16,-0.11,661,4619239.0,0.26,0.13
1260,2025-08-18 10:35:00,69.77,69.76,69.81,69.76,-0.01,-0.01,460,3210188.0,0.07,0.09
1261,2025-08-18 10:40:00,69.75,69.7,69.8,69.7,-0.09,-0.06,469,3271020.0,0.14,0.09
1262,2025-08-18 10:45:00,69.73,69.43,69.74,69.42,-0.39,-0.27,836,5813763.0,0.46,0.16
1263,2025-08-18 10:50:00,69.43,69.27,69.45,69.27,-0.23,-0.16,882,6118765.0,0.26,0.17
1264,2025-08-18 10:55:00,69.27,69.18,69.27,69.01,-0.13,-0.09,557,3851653.0,0.38,0.11
1265,2025-08-18 11:00:00,69.21,69.36,69.43,69.2,0.26,0.18,431,2987234.0,0.33,0.08
1266,2025-08-18 11:05:00,69.36,69.32,69.39,69.32,-0.06,-0.04,1132,7849498.0,0.1,0.22
1267,2025-08-18 11:10:00,69.33,69.11,69.34,69.1,-0.3,-0.21,498,3446592.0,0.35,0.1
1268,2025-08-18 11:15:00,69.12,69.22,69.25,69.11,0.16,0.11,284,1964411.0,0.2,0.05
1269,2025-08-18 11:20:00,69.21,69.59,69.62,69.21,0.53,0.37,1642,11390831.0,0.59,0.32
1270,2025-08-18 11:25:00,69.61,69.83,69.94,69.61,0.34,0.24,645,4500594.0,0.47,0.12
1271,2025-08-18 11:30:00,69.83,69.86,69.87,69.77,0.04,0.03,638,4455507.0,0.14,0.12
1272,2025-08-18 13:05:00,69.83,70.0,70.2,69.83,0.2,0.14,2417,16925220.0,0.53,0.47
1273,2025-08-18 13:10:00,70.0,70.06,70.5,69.88,0.09,0.06,1944,13658501.0,0.89,0.38
1274,2025-08-18 13:15:00,70.06,69.9,70.2,69.9,-0.23,-0.16,679,4755172.0,0.43,0.13
1275,2025-08-18 13:20:00,69.88,69.88,69.91,69.8,-0.03,-0.02,518,3617615.0,0.16,0.1
1276,2025-08-18 13:25:00,69.91,70.04,70.07,69.81,0.23,0.16,343,2399510.0,0.37,0.07
1277,2025-08-18 13:30:00,70.09,70.79,71.25,70.09,1.07,0.75,4092,28965203.0,1.66,0.79
1278,2025-08-18 13:35:00,70.71,71.01,71.01,70.52,0.31,0.22,1807,12806985.0,0.69,0.35
1279,2025-08-18 13:40:00,71.02,70.8,71.08,70.71,-0.3,-0.21,1243,8805555.0,0.52,0.24
1280,2025-08-18 13:45:00,70.72,70.52,70.74,70.52,-0.4,-0.28,584,4124878.0,0.31,0.11
1281,2025-08-18 13:50:00,70.52,70.66,70.66,70.36,0.2,0.14,247,1740405.0,0.43,0.05
1282,2025-08-18 13:55:00,70.56,70.21,70.6,70.2,-0.64,-0.45,931,6557397.0,0.57,0.18
1283,2025-08-18 14:00:00,70.21,70.08,70.25,70.08,-0.19,-0.13,630,4422085.0,0.24,0.12
1284,2025-08-18 14:05:00,70.02,70.48,70.55,70.02,0.57,0.4,537,3774645.0,0.76,0.1
1285,2025-08-18 14:10:00,70.47,70.16,70.55,70.16,-0.45,-0.32,552,3888870.0,0.55,0.11
1286,2025-08-18 14:15:00,70.16,70.06,70.25,70.02,-0.14,-0.1,421,2952054.0,0.33,0.08
1287,2025-08-18 14:20:00,70.05,70.01,70.24,70.01,-0.07,-0.05,522,3657869.0,0.33,0.1
1288,2025-08-18 14:25:00,70.02,70.14,70.14,70.01,0.19,0.13,408,2858378.0,0.19,0.08
1289,2025-08-18 14:30:00,70.15,70.17,70.23,70.12,0.04,0.03,602,4224958.0,0.16,0.12
1290,2025-08-18 14:35:00,70.18,70.22,70.3,70.18,0.07,0.05,400,2809746.0,0.17,0.08
1291,2025-08-18 14:40:00,70.23,70.58,70.58,70.23,0.51,0.36,823,5790674.0,0.5,0.16
1292,2025-08-18 14:45:00,70.59,70.42,70.6,70.41,-0.23,-0.16,775,5466168.0,0.27,0.15
1293,2025-08-18 14:50:00,70.41,70.49,70.49,70.33,0.1,0.07,991,6974701.0,0.23,0.19
1294,2025-08-18 14:55:00,70.49,70.5,70.54,70.41,0.01,0.01,1621,11425913.0,0.18,0.31
1295,2025-08-18 15:00:00,70.5,70.64,70.64,70.45,0.2,0.14,1421,10031303.0,0.27,0.27
1296,2025-08-19 09:35:00,70.9,69.42,71.0,68.51,-1.73,-1.22,4481,31041187.0,3.52,0.87
1297,2025-08-19 09:40:00,69.5,69.55,69.69,69.0,0.19,0.13,2141,14857435.0,0.99,0.41
1298,2025-08-19 09:45:00,69.6,69.78,70.09,69.18,0.33,0.23,1250,8693898.0,1.31,0.24
1299,2025-08-19 09:50:00,69.78,70.42,70.66,69.74,0.92,0.64,1230,8645731.0,1.32,0.24
1300,2025-08-19 09:55:00,70.43,70.0,70.43,69.93,-0.6,-0.42,1161,8152200.0,0.71,0.22
1301,2025-08-19 10:00:00,69.97,69.8,69.99,69.5,-0.29,-0.2,1502,10467663.0,0.7,0.29
1302,2025-08-19 10:05:00,69.79,69.2,70.08,69.2,-0.86,-0.6,1287,8960723.0,1.26,0.25
1303,2025-08-19 10:10:00,69.18,69.23,69.31,68.92,0.04,0.03,855,5904428.0,0.56,0.17
1304,2025-08-19 10:15:00,69.23,69.26,69.5,69.23,0.04,0.03,453,3140882.0,0.39,0.09
1305,2025-08-19 10:20:00,69.25,69.0,69.37,69.0,-0.38,-0.26,876,6059441.0,0.53,0.17
1306,2025-08-19 10:25:00,69.0,68.79,69.05,68.79,-0.3,-0.21,784,5403966.0,0.38,0.15
1307,2025-08-19 10:30:00,68.8,68.94,68.97,68.72,0.22,0.15,1143,7865781.0,0.36,0.22
1308,2025-08-19 10:35:00,68.98,68.98,69.24,68.94,0.06,0.04,775,5352529.0,0.44,0.15
1309,2025-08-19 10:40:00,68.93,68.88,69.0,68.86,-0.14,-0.1,492,3391241.0,0.2,0.1
1310,2025-08-19 10:45:00,68.88,68.87,69.0,68.87,-0.01,-0.01,1019,7020855.0,0.19,0.2
1311,2025-08-19 10:50:00,68.86,68.96,69.0,68.81,0.13,0.09,403,2775457.0,0.28,0.08
1312,2025-08-19 10:55:00,68.96,68.97,68.97,68.9,0.01,0.01,323,2226335.0,0.1,0.06
1313,2025-08-19 11:00:00,68.97,68.88,69.0,68.88,-0.13,-0.09,285,1964970.0,0.17,0.06
1314,2025-08-19 11:05:00,68.88,69.14,69.18,68.88,0.38,0.26,170,1172469.0,0.44,0.03
1315,2025-08-19 11:10:00,69.12,69.09,69.3,69.02,-0.07,-0.05,507,3506972.0,0.4,0.1
1316,2025-08-19 11:15:00,69.18,69.29,69.32,69.1,0.29,0.2,150,1038630.0,0.32,0.03
1317,2025-08-19 11:20:00,69.3,69.13,69.3,69.13,-0.23,-0.16,164,1134800.0,0.25,0.03
1318,2025-08-19 11:25:00,69.14,69.11,69.15,69.1,-0.03,-0.02,571,3946018.0,0.07,0.11
1319,2025-08-19 11:30:00,69.11,68.88,69.12,68.8,-0.33,-0.23,722,4975407.0,0.46,0.14
1320,2025-08-19 13:05:00,68.9,69.18,69.48,68.9,0.44,0.3,584,4036037.0,0.84,0.11
1321,2025-08-19 13:10:00,69.1,69.14,69.19,69.0,-0.06,-0.04,243,1679063.0,0.27,0.05
1322,2025-08-19 13:15:00,69.14,69.03,69.19,69.02,-0.16,-0.11,353,2438901.0,0.25,0.07
1323,2025-08-19 13:20:00,69.03,68.96,69.1,68.96,-0.1,-0.07,395,2726350.0,0.2,0.08
1324,2025-08-19 13:25:00,68.99,68.93,69.0,68.91,-0.04,-0.03,306,2110017.0,0.13,0.06
1325,2025-08-19 13:30:00,68.99,68.97,68.99,68.9,0.06,0.04,281,1936465.0,0.13,0.05
1326,2025-08-19 13:35:00,68.97,68.8,68.97,68.8,-0.25,-0.17,428,2948345.0,0.25,0.08
1327,2025-08-19 13:40:00,68.8,68.85,68.98,68.71,0.07,0.05,504,3466357.0,0.39,0.1
1328,2025-08-19 13:45:00,68.85,68.84,68.98,68.8,-0.01,-0.01,284,1954964.0,0.26,0.05
1329,2025-08-19 13:50:00,68.84,69.28,69.3,68.83,0.64,0.44,335,2311553.0,0.68,0.06
1330,2025-08-19 13:55:00,69.28,68.83,69.28,68.8,-0.65,-0.45,397,2737838.0,0.69,0.08
1331,2025-08-19 14:00:00,68.83,68.86,69.0,68.83,0.04,0.03,133,915890.0,0.25,0.03
1332,2025-08-19 14:05:00,68.86,68.85,68.86,68.8,-0.01,-0.01,244,1679528.0,0.09,0.05
1333,2025-08-19 14:10:00,68.9,68.97,69.0,68.87,0.17,0.12,165,1137882.0,0.19,0.03
1334,2025-08-19 14:15:00,68.97,68.88,68.97,68.87,-0.13,-0.09,248,1708571.0,0.14,0.05
1335,2025-08-19 14:20:00,68.88,68.82,68.89,68.82,-0.09,-0.06,188,1294323.0,0.1,0.04
1336,2025-08-19 14:25:00,68.82,68.78,68.82,68.78,-0.06,-0.04,474,3261283.0,0.06,0.09
1337,2025-08-19 14:30:00,68.78,68.71,68.78,68.71,-0.1,-0.07,626,4303085.0,0.1,0.12
1338,2025-08-19 14:35:00,68.71,68.71,68.73,68.68,0.0,0.0,515,3538044.0,0.07,0.1
1339,2025-08-19 14:40:00,68.72,68.71,68.73,68.69,0.0,0.0,531,3645280.0,0.06,0.1
1340,2025-08-19 14:45:00,68.71,68.71,68.73,68.7,0.0,0.0,361,2480337.0,0.04,0.07
1341,2025-08-19 14:50:00,68.7,68.69,68.71,68.68,-0.03,-0.02,781,5362331.0,0.04,0.15
1342,2025-08-19 14:55:00,68.69,68.69,68.69,68.66,0.0,0.0,746,5124688.0,0.04,0.14
1343,2025-08-19 15:00:00,68.7,68.67,68.7,68.67,-0.03,-0.02,711,4882961.0,0.04,0.14
1344,2025-08-20 09:35:00,69.14,69.19,69.4,68.17,0.76,0.52,1786,12296500.0,1.79,0.35
1345,2025-08-20 09:40:00,69.19,68.8,69.19,68.41,-0.56,-0.39,1308,8988293.0,1.13,0.25
1346,2025-08-20 09:45:00,68.75,68.42,68.79,68.41,-0.55,-0.38,723,4957306.0,0.55,0.14
1347,2025-08-20 09:50:00,68.42,68.41,68.58,68.4,-0.01,-0.01,847,5795585.0,0.26,0.16
1348,2025-08-20 09:55:00,68.4,69.0,69.33,68.14,0.86,0.59,1100,7530628.0,1.74,0.21
1349,2025-08-20 10:00:00,69.0,68.78,69.0,68.69,-0.32,-0.22,534,3677105.0,0.45,0.1
1350,2025-08-20 10:05:00,68.75,68.81,68.97,68.58,0.04,0.03,435,2991258.0,0.57,0.08
1351,2025-08-20 10:10:00,68.69,68.97,69.2,68.69,0.23,0.16,851,5867225.0,0.74,0.16
1352,2025-08-20 10:15:00,68.97,69.4,69.53,68.85,0.62,0.43,1381,9569163.0,0.99,0.27
1353,2025-08-20 10:20:00,69.43,70.5,70.82,69.43,1.59,1.1,4040,28390190.0,2.0,0.78
1354,2025-08-20 10:25:00,70.47,70.27,70.52,70.23,-0.33,-0.23,1925,13556719.0,0.41,0.37
1355,2025-08-20 10:30:00,70.26,69.87,70.27,69.8,-0.57,-0.4,1039,7270031.0,0.67,0.2
1356,2025-08-20 10:35:00,69.85,69.78,69.92,69.71,-0.13,-0.09,508,3547307.0,0.3,0.1
1357,2025-08-20 10:40:00,69.78,69.73,69.95,69.73,-0.07,-0.05,652,4553149.0,0.32,0.13
1358,2025-08-20 10:45:00,69.76,69.57,69.76,69.57,-0.23,-0.16,522,3637551.0,0.27,0.1
1359,2025-08-20 10:50:00,69.56,69.52,69.69,69.48,-0.07,-0.05,618,4296842.0,0.3,0.12
1360,2025-08-20 10:55:00,69.52,69.56,69.73,69.52,0.06,0.04,284,1977077.0,0.3,0.05
1361,2025-08-20 11:00:00,69.54,69.55,69.56,69.48,-0.01,-0.01,357,2482015.0,0.12,0.07
1362,2025-08-20 11:05:00,69.5,69.2,69.5,69.19,-0.5,-0.35,392,2717958.0,0.45,0.08
1363,2025-08-20 11:10:00,69.19,69.19,69.19,69.08,-0.01,-0.01,450,3110952.0,0.16,0.09
1364,2025-08-20 11:15:00,69.19,69.4,69.4,69.18,0.3,0.21,202,1397717.0,0.32,0.04
1365,2025-08-20 11:20:00,69.21,69.08,69.39,69.08,-0.46,-0.32,367,2537965.0,0.45,0.07
1366,2025-08-20 11:25:00,69.08,69.0,69.09,69.0,-0.12,-0.08,219,1512232.0,0.13,0.04
1367,2025-08-20 11:30:00,69.0,68.92,69.0,68.81,-0.12,-0.08,359,2473795.0,0.28,0.07
1368,2025-08-20 13:05:00,68.92,68.99,68.99,68.89,0.1,0.07,216,1489089.0,0.15,0.04
1369,2025-08-20 13:10:00,68.99,68.66,68.99,68.66,-0.48,-0.33,410,2821377.0,0.48,0.08
1370,2025-08-20 13:15:00,68.66,68.85,68.99,68.6,0.28,0.19,346,2378778.0,0.57,0.07
1371,2025-08-20 13:20:00,68.97,68.98,68.98,68.87,0.19,0.13,150,1034389.0,0.16,0.03
1372,2025-08-20 13:25:00,68.98,68.83,68.98,68.8,-0.22,-0.15,147,1012688.0,0.26,0.03
1373,2025-08-20 13:30:00,68.8,68.81,68.83,68.76,-0.03,-0.02,97,667187.0,0.1,0.02
1374,2025-08-20 13:35:00,68.8,68.72,68.82,68.71,-0.13,-0.09,183,1258669.0,0.16,0.04
1375,2025-08-20 13:40:00,68.73,68.85,68.85,68.72,0.19,0.13,203,1395752.0,0.19,0.04
1376,2025-08-20 13:45:00,68.84,69.0,69.0,68.84,0.22,0.15,157,1082417.0,0.23,0.03
1377,2025-08-20 13:50:00,69.0,68.98,69.0,68.95,-0.03,-0.02,337,2324809.0,0.07,0.07
1378,2025-08-20 13:55:00,68.98,68.88,68.99,68.87,-0.14,-0.1,154,1061525.0,0.17,0.03
1379,2025-08-20 14:00:00,68.87,68.85,68.88,68.83,-0.04,-0.03,200,1376940.0,0.07,0.04
1380,2025-08-20 14:05:00,68.85,68.98,68.98,68.85,0.19,0.13,261,1799327.0,0.19,0.05
1381,2025-08-20 14:10:00,68.98,68.99,69.0,68.92,0.01,0.01,268,1848224.0,0.12,0.05
1382,2025-08-20 14:15:00,68.99,68.94,68.99,68.92,-0.07,-0.05,211,1454890.0,0.1,0.04
1383,2025-08-20 14:20:00,68.94,68.95,68.95,68.91,0.01,0.01,212,1461394.0,0.06,0.04
1384,2025-08-20 14:25:00,68.95,68.97,68.98,68.95,0.03,0.02,359,2475766.0,0.04,0.07
1385,2025-08-20 14:30:00,68.98,68.98,68.99,68.97,0.01,0.01,175,1207218.0,0.03,0.03
1386,2025-08-20 14:35:00,68.99,69.3,69.3,68.95,0.46,0.32,373,2574684.0,0.51,0.07
1387,2025-08-20 14:40:00,69.25,69.36,69.5,69.22,0.09,0.06,471,3267511.0,0.4,0.09
1388,2025-08-20 14:45:00,69.31,69.13,69.39,69.11,-0.33,-0.23,399,2763546.0,0.4,0.08
1389,2025-08-20 14:50:00,69.18,69.25,69.25,69.08,0.17,0.12,389,2689903.0,0.25,0.08
1390,2025-08-20 14:55:00,69.25,69.18,69.26,69.16,-0.1,-0.07,499,3452624.0,0.14,0.1
1391,2025-08-20 15:00:00,69.17,69.18,69.22,69.17,0.0,0.0,633,4379279.0,0.07,0.12
1392,2025-08-21 09:35:00,69.3,68.0,69.3,67.9,-1.71,-1.18,3358,22963740.0,2.02,0.65
1393,2025-08-21 09:40:00,68.12,67.73,68.28,67.56,-0.4,-0.27,2531,17166846.0,1.06,0.49
1394,2025-08-21 09:45:00,67.79,67.72,67.85,67.61,-0.01,-0.01,1340,9073447.0,0.35,0.26
1395,2025-08-21 09:50:00,67.72,68.0,68.09,67.68,0.41,0.28,841,5708305.0,0.61,0.16
1396,2025-08-21 09:55:00,67.88,68.05,68.28,67.76,0.07,0.05,551,3746072.0,0.76,0.11
1397,2025-08-21 10:00:00,68.05,67.78,68.16,67.78,-0.4,-0.27,447,3038230.0,0.56,0.09
1398,2025-08-21 10:05:00,67.8,67.61,68.04,67.61,-0.25,-0.17,725,4911019.0,0.63,0.14
1399,2025-08-21 10:10:00,67.61,67.9,67.9,67.6,0.43,0.29,488,3303765.0,0.44,0.09
1400,2025-08-21 10:15:00,68.0,68.09,68.15,67.9,0.28,0.19,239,1625370.0,0.37,0.05
1401,2025-08-21 10:20:00,68.09,68.35,68.46,68.01,0.38,0.26,593,4045192.0,0.66,0.11
1402,2025-08-21 10:25:00,68.35,68.14,68.35,68.14,-0.31,-0.21,234,1595887.0,0.31,0.05
1403,2025-08-21 10:30:00,68.16,68.05,68.27,68.05,-0.13,-0.09,198,1348407.0,0.32,0.04
1404,2025-08-21 10:35:00,68.05,68.4,68.4,68.03,0.51,0.35,172,1172704.0,0.54,0.03
1405,2025-08-21 10:40:00,68.4,68.1,68.4,68.08,-0.44,-0.3,282,1923688.0,0.47,0.05
1406,2025-08-21 10:45:00,68.11,68.13,68.13,68.09,0.04,0.03,136,926187.0,0.06,0.03
1407,2025-08-21 10:50:00,68.13,68.47,68.49,68.13,0.5,0.34,266,1818518.0,0.53,0.05
1408,2025-08-21 10:55:00,68.4,68.51,68.64,68.23,0.06,0.04,279,1911181.0,0.6,0.05
1409,2025-08-21 11:00:00,68.5,68.4,68.62,68.4,-0.16,-0.11,153,1048563.0,0.32,0.03
1410,2025-08-21 11:05:00,68.6,68.79,68.82,68.44,0.57,0.39,376,2581588.0,0.56,0.07
1411,2025-08-21 11:10:00,68.79,68.55,68.79,68.52,-0.35,-0.24,175,1201020.0,0.39,0.03
1412,2025-08-21 11:15:00,68.55,68.5,68.78,68.5,-0.07,-0.05,350,2402836.0,0.41,0.07
1413,2025-08-21 11:20:00,68.55,68.5,68.55,68.4,0.0,0.0,46,314839.0,0.22,0.01
1414,2025-08-21 11:25:00,68.51,68.28,68.51,68.2,-0.32,-0.22,201,1373859.0,0.45,0.04
1415,2025-08-21 11:30:00,68.27,68.6,68.74,68.25,0.47,0.32,297,2033663.0,0.72,0.06
1416,2025-08-21 13:05:00,68.6,69.02,69.2,68.55,0.61,0.42,597,4118799.0,0.95,0.12
1417,2025-08-21 13:10:00,69.01,68.92,69.01,68.7,-0.14,-0.1,204,1404154.0,0.45,0.04
1418,2025-08-21 13:15:00,68.93,69.01,69.15,68.87,0.13,0.09,212,1464051.0,0.41,0.04
1419,2025-08-21 13:20:00,69.0,69.02,69.04,68.75,0.01,0.01,379,2612568.0,0.42,0.07
1420,2025-08-21 13:25:00,69.02,68.84,69.13,68.84,-0.26,-0.18,173,1194484.0,0.42,0.03
1421,2025-08-21 13:30:00,68.88,68.89,69.0,68.88,0.07,0.05,197,1357519.0,0.17,0.04
1422,2025-08-21 13:35:00,68.9,68.61,68.9,68.57,-0.41,-0.28,214,1470412.0,0.48,0.04
1423,2025-08-21 13:40:00,68.59,68.5,68.61,68.48,-0.16,-0.11,305,2090221.0,0.19,0.06
1424,2025-08-21 13:45:00,68.43,68.38,68.43,68.3,-0.18,-0.12,187,1278568.0,0.19,0.04
1425,2025-08-21 13:50:00,68.37,68.43,68.49,68.37,0.07,0.05,147,1006069.0,0.18,0.03
1426,2025-08-21 13:55:00,68.43,68.18,68.48,68.16,-0.37,-0.25,364,2485234.0,0.47,0.07
1427,2025-08-21 14:00:00,68.18,68.4,68.48,68.16,0.32,0.22,164,1120163.0,0.47,0.03
1428,2025-08-21 14:05:00,68.44,68.16,68.45,68.16,-0.35,-0.24,181,1235899.0,0.42,0.04
1429,2025-08-21 14:10:00,68.16,68.03,68.46,68.03,-0.19,-0.13,329,2240758.0,0.63,0.06
1430,2025-08-21 14:15:00,68.03,68.09,68.09,68.0,0.09,0.06,166,1129118.0,0.13,0.03
1431,2025-08-21 14:20:00,68.09,68.06,68.09,68.03,-0.04,-0.03,178,1211265.0,0.09,0.03
1432,2025-08-21 14:25:00,68.06,67.83,68.18,67.82,-0.34,-0.23,703,4779865.0,0.53,0.14
1433,2025-08-21 14:30:00,67.83,67.9,67.9,67.81,0.1,0.07,254,1723304.0,0.13,0.05
1434,2025-08-21 14:35:00,67.89,67.81,68.0,67.8,-0.13,-0.09,406,2755752.0,0.29,0.08
1435,2025-08-21 14:40:00,67.81,67.61,67.81,67.6,-0.29,-0.2,554,3750608.0,0.31,0.11
1436,2025-08-21 14:45:00,67.61,67.66,67.68,67.58,0.07,0.05,419,2833371.0,0.15,0.08
1437,2025-08-21 14:50:00,67.7,67.71,67.71,67.65,0.07,0.05,401,2714153.0,0.09,0.08
1438,2025-08-21 14:55:00,67.72,67.7,67.77,67.68,-0.01,-0.01,486,3290320.0,0.13,0.09
1439,2025-08-21 15:00:00,67.7,67.75,67.75,67.68,0.07,0.05,384,2600672.0,0.1,0.07
1440,2025-08-22 09:35:00,67.33,66.7,67.8,66.7,-1.55,-1.05,2573,17237853.0,1.62,0.5
1441,2025-08-22 09:40:00,66.67,66.79,67.0,66.45,0.13,0.09,1357,9048294.0,0.82,0.26
1442,2025-08-22 09:45:00,66.77,66.93,67.0,66.77,0.21,0.14,465,3108582.0,0.34,0.09
1443,2025-08-22 09:50:00,66.93,66.96,67.15,66.88,0.04,0.03,573,3837313.0,0.4,0.11
1444,2025-08-22 09:55:00,66.96,67.74,67.9,66.96,1.16,0.78,756,5102229.0,1.4,0.15
1445,2025-08-22 10:00:00,67.7,67.6,67.79,67.6,-0.21,-0.14,404,2735416.0,0.28,0.08
1446,2025-08-22 10:05:00,67.64,67.78,67.79,67.24,0.27,0.18,533,3600610.0,0.81,0.1
1447,2025-08-22 10:10:00,67.78,67.58,67.78,67.52,-0.3,-0.2,344,2324534.0,0.38,0.07
1448,2025-08-22 10:15:00,67.52,68.02,68.11,67.42,0.65,0.44,786,5336594.0,1.02,0.15
1449,2025-08-22 10:20:00,68.04,67.9,68.05,67.79,-0.18,-0.12,338,2297555.0,0.38,0.07
1450,2025-08-22 10:25:00,67.96,68.01,68.17,67.89,0.16,0.11,440,2993422.0,0.41,0.09
1451,2025-08-22 10:30:00,68.11,67.9,68.15,67.9,-0.16,-0.11,305,2074927.0,0.37,0.06
1452,2025-08-22 10:35:00,67.9,68.15,68.2,67.9,0.37,0.25,344,2342757.0,0.44,0.07
1453,2025-08-22 10:40:00,68.15,68.48,68.48,68.15,0.48,0.33,599,4093187.0,0.48,0.12
1454,2025-08-22 10:45:00,68.4,68.48,68.5,68.25,0.0,0.0,472,3227477.0,0.37,0.09
1455,2025-08-22 10:50:00,68.49,68.8,68.93,68.49,0.47,0.32,1261,8671118.0,0.64,0.24
1456,2025-08-22 10:55:00,68.8,68.47,68.8,68.46,-0.48,-0.33,315,2160224.0,0.49,0.06
1457,2025-08-22 11:00:00,68.47,68.52,68.6,68.47,0.07,0.05,258,1768485.0,0.19,0.05
1458,2025-08-22 11:05:00,68.52,68.28,68.52,68.28,-0.35,-0.24,390,2668987.0,0.35,0.08
1459,2025-08-22 11:10:00,68.28,68.45,68.45,68.15,0.25,0.17,255,1742538.0,0.44,0.05
1460,2025-08-22 11:15:00,68.46,68.37,68.46,68.21,-0.12,-0.08,82,560509.0,0.37,0.02
1461,2025-08-22 11:20:00,68.37,68.39,68.43,68.17,0.03,0.02,423,2885448.0,0.38,0.08
1462,2025-08-22 11:25:00,68.23,68.15,68.39,68.12,-0.35,-0.24,214,1459045.0,0.39,0.04
1463,2025-08-22 11:30:00,68.15,68.17,68.4,68.15,0.03,0.02,89,607121.0,0.37,0.02
1464,2025-08-22 13:05:00,68.28,68.29,68.55,68.28,0.18,0.12,330,2258224.0,0.4,0.06
1465,2025-08-22 13:10:00,68.3,68.33,68.44,68.28,0.06,0.04,173,1182137.0,0.23,0.03
1466,2025-08-22 13:15:00,68.29,68.33,68.44,68.0,0.0,0.0,259,1767270.0,0.64,0.05
1467,2025-08-22 13:20:00,68.4,68.26,68.76,68.26,-0.1,-0.07,780,5346030.0,0.73,0.15
1468,2025-08-22 13:25:00,68.26,68.26,68.33,68.25,0.0,0.0,201,1372148.0,0.12,0.04
1469,2025-08-22 13:30:00,68.26,68.17,68.26,68.17,-0.13,-0.09,178,1213860.0,0.13,0.03
1470,2025-08-22 13:35:00,68.17,68.45,68.46,68.15,0.41,0.28,290,1982248.0,0.45,0.06
1471,2025-08-22 13:40:00,68.4,68.35,68.4,68.26,-0.15,-0.1,283,1934194.0,0.2,0.05
1472,2025-08-22 13:45:00,68.35,68.38,68.42,68.35,0.04,0.03,121,827491.0,0.1,0.02
1473,2025-08-22 13:50:00,68.38,68.48,68.48,68.33,0.15,0.1,319,2181166.0,0.22,0.06
1474,2025-08-22 13:55:00,68.47,68.36,68.5,68.36,-0.18,-0.12,144,985130.0,0.2,0.03
1475,2025-08-22 14:00:00,68.36,68.46,68.46,68.2,0.15,0.1,309,2111042.0,0.38,0.06
1476,2025-08-22 14:05:00,68.46,68.46,68.5,68.42,0.0,0.0,188,1286860.0,0.12,0.04
1477,2025-08-22 14:10:00,68.45,68.5,68.55,68.45,0.06,0.04,397,2719052.0,0.15,0.08
1478,2025-08-22 14:15:00,68.51,68.49,68.61,68.49,-0.01,-0.01,279,1912249.0,0.18,0.05
1479,2025-08-22 14:20:00,68.49,68.88,68.99,68.47,0.57,0.39,1821,12523829.0,0.76,0.35
1480,2025-08-22 14:25:00,68.9,68.69,68.9,68.69,-0.28,-0.19,394,2710134.0,0.3,0.08
1481,2025-08-22 14:30:00,68.71,68.77,68.8,68.67,0.12,0.08,306,2102773.0,0.19,0.06
1482,2025-08-22 14:35:00,68.79,68.85,68.86,68.79,0.12,0.08,439,3021732.0,0.1,0.08
1483,2025-08-22 14:40:00,68.85,68.77,68.85,68.77,-0.12,-0.08,372,2560024.0,0.12,0.07
1484,2025-08-22 14:45:00,68.78,68.8,68.84,68.78,0.04,0.03,508,3493960.0,0.09,0.1
1485,2025-08-22 14:50:00,68.83,69.62,69.76,68.81,1.19,0.82,2700,18681324.0,1.38,0.52
1486,2025-08-22 14:55:00,69.7,69.7,69.77,69.6,0.11,0.08,2259,15747194.0,0.24,0.44
1487,2025-08-22 15:00:00,69.69,69.69,69.7,69.62,-0.01,-0.01,1492,10394810.0,0.11,0.29
