date,open,close,high,low,volume
2019-01-02,4.45,4.46,4.53,4.44,34791.25
2019-01-03,4.45,4.41,4.48,4.41,32725.0
2019-01-04,4.37,4.53,4.55,4.35,51152.69
2019-01-07,4.53,4.67,4.69,4.53,64286.71
2019-01-08,4.63,4.65,4.73,4.62,47428.0
2019-01-09,4.68,4.59,4.71,4.59,61614.52
2019-01-10,4.6,4.59,4.68,4.57,39275.55
2019-01-11,4.61,4.61,4.64,4.55,28673.11
2019-01-14,4.59,4.6,4.63,4.56,32232.5
2019-01-15,4.6,4.6,4.61,4.51,42469.64
2019-01-16,4.6,4.6,4.68,4.58,46843.6
2019-01-17,4.63,4.49,4.63,4.48,41751.1
2019-01-18,4.49,4.53,4.55,4.46,32696.0
2019-01-21,4.57,4.61,4.67,4.55,52849.34
2019-01-22,4.61,4.54,4.61,4.53,31584.13
2019-01-23,4.55,4.55,4.58,4.53,21137.76
2019-01-24,4.55,4.61,4.63,4.54,40724.7
2019-01-25,4.6,4.59,4.63,4.58,41292.0
2019-01-28,4.59,4.41,4.63,4.39,65985.62
2019-01-29,4.38,4.21,4.43,4.2,94027.11
2019-01-30,4.17,4.16,4.24,4.15,34545.41
2019-01-31,4.18,3.92,4.18,3.74,152699.34
2019-02-01,3.92,4.12,4.12,3.92,57420.0
2019-02-11,4.17,4.27,4.29,4.12,80459.39
2019-02-12,4.28,4.36,4.44,4.25,83854.5
2019-02-13,4.36,4.38,4.41,4.32,82042.7
2019-02-14,4.35,4.37,4.39,4.3,81755.66
2019-02-15,4.38,4.33,4.4,4.33,61696.95
2019-02-18,4.33,4.49,4.49,4.33,77611.2
2019-02-19,4.49,4.5,4.55,4.41,78489.86
2019-02-20,4.48,4.49,4.5,4.42,55157.06
2019-02-21,4.46,4.44,4.55,4.41,76492.4
2019-02-22,4.42,4.54,4.55,4.41,73758.4
2019-02-25,4.58,4.71,4.72,4.56,196561.73
2019-02-26,4.72,4.76,4.91,4.66,225296.14
2019-02-27,4.79,5.04,5.19,4.77,253062.07
2019-02-28,5.13,4.99,5.19,4.92,269990.53
2019-03-01,5.05,5.0,5.08,4.89,156133.82
2019-03-04,5.13,5.32,5.5,5.09,327695.28
2019-03-05,5.31,5.42,5.43,5.21,198858.98
2019-03-06,5.42,5.42,5.47,5.25,200421.4
2019-03-07,5.39,5.54,5.63,5.32,221014.79
2019-03-08,5.4,5.19,5.46,5.19,224213.69
2019-03-11,5.22,5.41,5.41,5.22,173199.62
2019-03-12,5.49,5.52,5.65,5.34,244485.52
2019-03-13,5.64,5.6,5.84,5.51,259523.89
2019-03-14,5.7,5.38,5.79,5.31,195674.79
2019-03-15,5.4,5.44,5.53,5.36,124530.08
2019-03-18,5.46,5.67,5.7,5.46,159006.83
2019-03-19,5.71,5.62,5.74,5.54,131636.46
2019-03-20,5.59,5.52,5.62,5.39,117600.12
2019-03-21,5.53,5.56,5.62,5.5,122810.63
2019-03-22,5.58,5.63,5.65,5.42,108579.73
2019-03-25,5.51,5.49,5.6,5.48,94052.75
2019-03-26,5.52,5.35,5.55,5.33,90693.13
2019-03-27,5.36,5.42,5.5,5.28,85295.42
2019-03-28,5.43,5.44,5.65,5.4,134623.18
2019-03-29,5.45,5.69,5.79,5.33,197924.74
2019-04-01,5.8,5.84,5.86,5.73,219218.07
2019-04-02,5.95,5.77,6.05,5.76,192386.73
2019-04-03,5.69,6.09,6.24,5.61,273291.53
2019-04-04,6.17,6.26,6.48,5.97,236732.07
2019-04-08,6.25,6.19,6.4,6.03,197819.65
2019-04-09,6.21,6.24,6.48,6.17,157307.28
2019-04-10,6.18,6.61,6.65,6.05,282843.48
2019-04-11,6.61,6.18,6.61,6.18,260246.54
2019-04-12,6.14,5.99,6.27,5.9,156305.25
2019-04-15,6.1,5.89,6.17,5.89,113993.04
2019-04-16,5.84,6.05,6.08,5.82,89062.49
2019-04-17,6.06,6.02,6.1,5.96,84439.24
2019-04-18,6.03,5.92,6.05,5.91,73517.8
2019-04-19,5.92,5.96,5.96,5.8,84937.91
2019-04-22,5.99,5.87,6.1,5.83,86488.83
2019-04-23,5.87,5.71,5.92,5.7,87208.7
2019-04-24,5.74,5.78,5.8,5.64,56542.51
2019-04-25,5.72,5.49,5.74,5.47,134222.24
2019-04-26,5.54,5.42,5.54,5.42,66012.04
2019-04-29,5.41,5.23,5.46,5.22,77360.29
2019-04-30,5.24,5.31,5.36,5.24,47102.33
2019-05-06,5.2,4.85,5.2,4.79,96797.81
2019-05-07,4.87,4.99,5.03,4.82,69299.3
2019-05-08,4.85,5.0,5.1,4.82,61634.76
2019-05-09,4.95,4.95,5.03,4.91,49164.67
2019-05-10,4.97,5.08,5.1,4.91,72990.89
2019-05-13,4.97,4.99,5.04,4.94,67019.0
2019-05-14,4.93,4.91,4.98,4.9,53462.63
2019-05-15,4.96,4.98,5.0,4.91,46221.77
2019-05-16,4.99,5.05,5.06,4.96,58010.1
2019-05-17,5.03,4.79,5.06,4.71,84773.87
2019-05-20,4.8,4.75,4.8,4.58,47742.75
2019-05-21,4.75,4.78,4.86,4.69,86014.47
2019-05-22,4.79,4.69,4.81,4.64,45974.62
2019-05-23,4.69,4.59,4.75,4.57,62989.1
2019-05-24,4.6,4.58,4.63,4.51,47651.8
2019-05-27,4.58,4.64,4.65,4.48,104728.4
2019-05-28,4.62,4.61,4.7,4.61,57386.2
2019-05-29,4.6,4.62,4.66,4.6,40244.52
2019-05-30,4.61,4.52,4.61,4.47,62958.76
2019-05-31,4.53,4.55,4.58,4.52,41114.6
2019-06-03,4.54,4.5,4.57,4.48,38775.54
2019-06-04,4.49,4.35,4.5,4.33,55394.0
2019-06-05,4.39,4.34,4.41,4.33,39573.61
2019-06-06,4.33,4.2,4.33,4.14,60691.46
2019-06-10,4.09,4.2,4.22,4.09,53194.57
2019-06-11,4.18,4.38,4.39,4.17,50060.51
2019-06-12,4.38,4.36,4.42,4.35,36384.11
2019-06-13,4.37,4.38,4.41,4.32,37751.02
2019-06-14,4.4,4.28,4.47,4.26,40708.0
2019-06-17,4.25,4.32,4.46,4.24,51585.33
2019-06-18,4.31,4.25,4.34,4.23,40064.02
2019-06-19,4.32,4.32,4.38,4.31,49710.2
2019-06-20,4.33,4.38,4.42,4.29,53376.38
2019-06-21,4.39,4.48,4.48,4.38,63652.64
2019-06-24,4.48,4.47,4.48,4.43,35823.7
2019-06-25,4.48,4.4,4.49,4.32,46056.5
2019-06-26,4.41,4.44,4.45,4.35,43103.51
2019-06-27,4.46,4.88,4.88,4.43,242184.14
2019-06-28,5.0,5.0,5.28,4.65,486167.01
2019-07-01,5.1,5.09,5.2,4.93,354276.51
2019-07-02,4.97,4.96,5.07,4.94,159904.75
2019-07-03,4.9,4.81,4.92,4.73,152048.79
2019-07-04,4.81,4.93,4.94,4.71,133002.69
2019-07-05,4.91,4.82,4.94,4.81,102985.21
2019-07-08,4.76,4.68,4.77,4.56,139728.01
2019-07-09,4.69,4.68,4.71,4.59,77608.9
2019-07-10,4.64,4.62,4.67,4.59,51241.16
2019-07-11,4.69,4.71,4.86,4.65,107817.19
2019-07-12,4.66,4.68,4.71,4.6,64776.93
2019-07-15,4.63,4.64,4.68,4.54,67901.93
2019-07-16,4.69,4.72,4.78,4.67,86652.07
2019-07-17,4.69,4.62,4.7,4.61,61264.25
2019-07-18,4.62,4.51,4.62,4.5,55677.5
2019-07-19,4.53,4.47,4.55,4.46,46045.5
2019-07-22,4.48,4.3,4.48,4.27,61711.33
2019-07-23,4.3,4.36,4.4,4.28,25402.55
2019-07-24,4.36,4.39,4.42,4.35,29936.69
2019-07-25,4.43,4.35,4.44,4.34,33727.94
2019-07-26,4.34,4.44,4.46,4.33,65030.25
2019-07-29,4.4,4.37,4.41,4.36,35837.7
2019-07-30,4.4,4.44,4.46,4.38,45163.4
2019-07-31,4.4,4.31,4.41,4.31,59176.16
2019-08-01,4.29,4.32,4.32,4.24,36170.1
2019-08-02,4.27,4.2,4.28,4.16,54816.45
2019-08-05,4.2,4.19,4.26,4.18,36343.6
2019-08-06,4.13,4.05,4.13,3.93,60511.64
2019-08-07,4.07,4.02,4.09,4.0,22795.0
2019-08-08,4.05,4.04,4.08,4.02,30676.98
2019-08-09,4.05,3.99,4.07,3.98,23216.8
2019-08-12,3.99,4.06,4.06,3.99,25372.71
2019-08-13,4.03,4.0,4.04,3.99,22629.58
2019-08-14,4.04,4.07,4.08,4.04,35888.19
2019-08-15,4.0,4.12,4.14,3.94,61110.67
2019-08-16,4.1,4.2,4.39,4.08,84222.36
2019-08-19,4.19,4.26,4.28,4.13,91046.98
2019-08-20,4.25,4.2,4.3,4.19,79898.5
2019-08-21,4.2,4.17,4.22,4.12,51901.51
2019-08-22,4.16,4.2,4.2,4.14,52307.01
2019-08-23,4.18,4.29,4.32,4.16,108579.4
2019-08-26,4.19,4.26,4.38,4.14,96880.56
2019-08-27,4.24,4.46,4.64,4.24,214398.33
2019-08-28,4.41,4.32,4.44,4.31,117670.21
2019-08-29,4.34,4.37,4.39,4.29,65119.97
2019-08-30,4.4,4.19,4.4,4.15,89955.09
2019-09-02,4.19,4.27,4.3,4.19,62518.35
2019-09-03,4.27,4.7,4.7,4.25,290286.83
2019-09-04,4.78,4.57,4.78,4.53,396422.66
2019-09-05,4.53,4.55,4.65,4.5,229882.36
2019-09-06,4.57,4.68,4.86,4.49,325301.95
2019-09-09,4.7,4.71,4.73,4.63,202851.36
2019-09-10,4.73,4.74,4.78,4.65,191923.68
2019-09-11,4.72,4.64,4.78,4.63,129239.86
2019-09-12,4.65,4.65,4.69,4.59,94388.3
2019-09-16,4.65,4.62,4.68,4.59,89507.54
2019-09-17,4.6,4.48,4.61,4.45,101397.75
2019-09-18,4.51,4.51,4.59,4.47,67452.4
2019-09-19,4.52,4.57,4.57,4.47,63126.0
2019-09-20,4.57,4.61,4.66,4.52,93941.7
2019-09-23,4.58,4.51,4.6,4.45,75872.14
2019-09-24,4.52,4.59,4.83,4.51,186002.04
2019-09-25,4.57,4.43,4.6,4.39,102238.7
2019-09-26,4.42,4.24,4.45,4.22,84436.9
2019-09-27,4.26,4.35,4.36,4.25,47616.6
2019-09-30,4.35,4.37,4.47,4.31,67306.11
2019-10-08,4.36,4.37,4.45,4.34,40420.28
2019-10-09,4.33,4.44,4.45,4.27,55751.6
2019-10-10,4.45,4.45,4.47,4.42,48362.8
2019-10-11,4.45,4.46,4.52,4.43,67283.08
2019-10-14,4.48,4.47,4.56,4.45,87861.02
2019-10-15,4.02,4.02,4.1,4.02,159513.0
2019-10-16,3.85,3.92,4.02,3.85,196305.47
2019-10-17,3.87,3.89,3.93,3.85,101181.72
2019-10-18,3.86,3.82,3.92,3.8,102683.84
2019-10-21,3.86,3.88,3.9,3.83,77953.31
2019-10-22,3.89,4.1,4.17,3.87,208221.42
2019-10-23,4.51,4.51,4.51,4.31,805147.63
2019-10-24,4.72,4.96,4.96,4.72,1063899.56
2019-10-25,4.77,4.6,4.87,4.52,1036743.78
2019-10-28,4.51,4.56,4.83,4.51,731674.51
2019-10-29,4.45,4.2,4.48,4.2,578138.81
2019-10-30,4.1,3.95,4.15,3.95,350081.1
2019-10-31,3.97,3.82,4.02,3.79,293479.35
2019-11-01,3.82,3.85,3.88,3.78,157917.79
2019-11-04,3.86,3.91,4.07,3.83,241548.5
2019-11-05,3.89,3.84,3.89,3.79,175012.21
2019-11-06,3.84,3.95,3.98,3.84,270313.55
2019-11-07,3.95,3.95,4.02,3.89,220724.5
2019-11-08,3.93,3.84,3.95,3.83,195747.71
2019-11-11,3.82,3.68,3.83,3.66,161503.34
2019-11-12,3.67,3.72,3.73,3.62,94979.31
2019-11-13,3.7,3.64,3.7,3.63,74768.74
2019-11-14,3.63,3.68,3.69,3.59,110957.01
2019-11-15,3.68,3.62,3.68,3.6,83921.21
2019-11-18,3.62,3.63,3.66,3.61,59652.93
2019-11-19,3.62,3.69,3.69,3.6,100117.04
2019-11-20,3.68,3.71,3.75,3.66,95378.34
2019-11-21,3.7,3.7,3.74,3.67,87904.14
2019-11-22,3.69,3.65,3.74,3.63,98778.25
2019-11-25,3.69,3.66,3.69,3.61,60557.0
2019-11-26,3.64,3.74,3.79,3.61,161589.06
2019-11-27,3.69,3.69,3.76,3.66,76166.7
2019-11-28,3.7,3.64,3.71,3.64,47136.7
2019-11-29,3.64,3.69,3.7,3.62,59297.0
2019-12-02,3.66,3.66,3.69,3.66,43734.4
2019-12-03,3.64,3.67,3.68,3.63,61532.7
2019-12-04,3.65,3.65,3.67,3.63,67100.85
2019-12-05,3.65,3.66,3.67,3.64,62472.71
2019-12-06,3.67,3.68,3.68,3.64,68688.21
2019-12-09,3.7,3.7,3.73,3.68,79172.7
2019-12-10,3.69,3.69,3.69,3.66,87012.32
2019-12-11,3.68,3.64,3.68,3.63,70612.0
2019-12-12,3.65,3.64,3.66,3.63,53542.4
2019-12-13,3.65,3.66,3.69,3.64,102178.09
2019-12-16,3.66,3.69,3.7,3.63,119816.5
2019-12-17,3.69,3.77,3.78,3.67,171326.47
2019-12-18,3.77,3.76,3.78,3.73,133851.9
2019-12-19,3.76,3.81,3.83,3.73,137302.87
2019-12-20,3.83,3.77,3.95,3.76,247263.47
2019-12-23,3.74,3.66,3.75,3.65,142059.62
2019-12-24,3.66,3.68,3.69,3.64,99836.0
2019-12-25,3.67,3.67,3.68,3.64,107007.92
2019-12-26,3.66,3.68,3.68,3.62,105024.54
2019-12-27,3.67,3.65,3.7,3.65,105531.02
2019-12-30,3.63,3.66,3.67,3.6,90155.92
2019-12-31,3.64,3.79,3.8,3.64,209015.31
2020-01-02,3.8,3.98,4.05,3.77,406518.72
2020-01-03,4.07,3.89,4.12,3.84,352767.45
2020-01-06,3.8,3.87,3.89,3.79,214653.06
2020-01-07,3.88,3.93,4.03,3.86,251822.34
2020-01-08,3.86,3.82,3.9,3.81,218284.26
2020-01-09,3.86,3.87,3.88,3.82,138331.28
2020-01-10,3.87,3.85,3.88,3.84,78948.19
2020-01-13,3.86,3.84,3.86,3.78,81228.43
2020-01-14,3.84,3.83,3.86,3.82,81263.89
2020-01-15,3.82,3.77,3.84,3.76,91190.0
2020-01-16,3.74,3.75,3.77,3.73,60981.01
2020-01-17,3.47,3.38,3.54,3.38,410099.75
2020-01-20,3.33,3.47,3.48,3.31,228265.5
2020-01-21,3.53,3.57,3.63,3.48,259516.61
2020-01-22,3.62,3.45,3.64,3.4,174978.23
2020-01-23,3.44,3.36,3.45,3.31,173970.47
2020-02-03,3.18,3.24,3.34,3.02,249499.91
2020-02-04,3.23,3.46,3.49,3.2,313379.68
2020-02-05,3.47,3.63,3.67,3.37,414392.21
2020-02-06,3.59,3.7,3.83,3.54,490574.01
2020-02-07,3.69,3.8,3.98,3.56,526171.6
2020-02-10,3.74,3.64,3.74,3.62,270072.73
2020-02-11,3.62,3.54,3.64,3.45,203777.31
2020-02-12,3.54,3.55,3.62,3.49,139084.2
2020-02-13,3.56,3.43,3.58,3.43,142381.8
2020-02-14,3.52,3.48,3.61,3.45,194667.95
2020-02-17,3.47,3.53,3.54,3.44,150902.1
2020-02-18,3.54,3.54,3.58,3.5,141338.71
2020-02-19,3.52,3.46,3.53,3.45,145155.4
2020-02-20,3.45,3.46,3.48,3.4,130830.3
2020-02-21,3.45,3.47,3.49,3.43,140698.96
2020-02-24,3.47,3.52,3.57,3.45,139198.2
2020-02-25,3.47,3.51,3.55,3.42,183400.42
2020-02-26,3.47,3.46,3.49,3.44,158241.6
2020-02-27,3.46,3.44,3.48,3.39,123471.92
2020-02-28,3.37,3.3,3.44,3.3,122380.0
2020-03-02,3.3,3.37,3.38,3.25,93646.71
2020-03-03,3.38,3.43,3.43,3.36,108576.72
2020-03-04,3.39,3.42,3.42,3.36,100135.42
2020-03-05,3.42,3.47,3.49,3.42,145864.88
2020-03-06,3.5,3.54,3.57,3.49,206031.11
2020-03-09,3.47,3.44,3.52,3.4,159995.7
2020-03-10,3.38,3.46,3.48,3.34,165128.45
2020-03-11,3.48,3.52,3.58,3.46,176344.48
2020-03-12,3.46,3.51,3.65,3.41,203312.15
2020-03-13,3.3,3.39,3.43,3.21,179290.49
2020-03-16,3.43,3.38,3.51,3.36,162901.3
2020-03-17,3.37,3.29,3.41,3.2,136587.64
2020-03-18,3.3,3.23,3.35,3.22,94006.4
2020-03-19,3.23,3.27,3.3,3.17,110768.79
2020-03-20,3.31,3.32,3.35,3.25,68675.53
2020-03-23,3.4,3.58,3.65,3.32,484668.66
2020-03-24,3.52,3.56,3.62,3.44,445520.32
2020-03-25,3.51,3.62,3.71,3.51,356469.54
2020-03-26,3.57,3.73,3.77,3.55,391579.99
2020-03-27,3.75,3.65,3.81,3.64,251700.91
2020-03-30,3.66,3.61,3.75,3.59,154610.62
2020-03-31,3.63,3.53,3.66,3.51,167214.02
2020-04-01,3.54,3.61,3.62,3.49,134654.17
2020-04-02,3.58,3.59,3.68,3.55,148574.59
2020-04-03,3.58,3.95,3.95,3.57,386903.01
2020-04-07,4.35,4.35,4.35,4.35,327756.8
2020-04-08,4.79,4.79,4.79,4.79,103473.39
2020-04-09,5.27,5.27,5.27,5.2,1854475.29
2020-04-10,5.45,5.64,5.8,5.18,2618968.4
2020-04-13,5.4,6.2,6.2,5.22,1570686.36
2020-04-14,6.5,5.93,6.7,5.58,2571465.45
2020-04-15,6.0,6.05,6.38,5.73,2483268.22
2020-04-16,5.45,6.09,6.5,5.45,2596043.87
2020-04-17,6.0,5.71,6.1,5.56,1960968.63
2020-04-20,5.45,5.49,5.78,5.3,1394205.95
2020-04-21,5.25,5.17,5.43,5.15,1297688.98
2020-04-22,5.05,5.0,5.05,4.8,1221945.14
2020-04-23,4.99,5.03,5.21,4.93,1157973.58
2020-04-24,4.99,4.6,4.99,4.58,1033212.41
2020-04-27,4.58,4.38,4.58,4.38,709362.73
2020-04-28,4.35,4.19,4.38,4.01,693314.01
2020-04-29,4.14,4.1,4.25,4.05,535260.24
2020-04-30,4.15,4.15,4.18,4.04,529697.57
2020-05-06,4.1,4.18,4.22,4.08,540396.67
2020-05-07,4.18,4.23,4.31,4.11,747125.37
2020-05-08,4.24,4.12,4.24,4.07,657656.01
2020-05-11,4.13,4.22,4.22,4.03,694018.12
2020-05-12,4.25,4.13,4.28,4.08,498640.98
2020-05-13,4.08,4.25,4.29,4.05,696047.46
2020-05-14,4.21,4.11,4.23,4.11,471053.1
2020-05-15,4.13,4.07,4.16,4.05,378480.51
2020-05-18,4.05,3.95,4.08,3.91,530713.95
2020-05-19,3.95,3.83,3.98,3.83,445968.09
2020-05-20,3.85,3.88,3.91,3.81,368872.04
2020-05-21,3.89,3.73,3.89,3.7,397081.4
2020-05-22,3.72,3.6,3.76,3.59,342113.98
2020-05-25,3.6,3.59,3.63,3.57,192435.47
2020-05-26,3.6,3.67,3.68,3.59,236145.62
2020-05-27,3.67,3.63,3.69,3.61,184792.59
2020-05-28,3.6,3.56,3.63,3.49,274370.39
2020-05-29,3.64,3.59,3.73,3.58,333515.98
2020-06-01,3.6,3.68,3.69,3.51,334301.29
2020-06-02,3.72,3.7,3.73,3.64,300547.26
2020-06-03,3.73,3.71,3.83,3.7,471902.76
2020-06-04,3.69,3.73,3.76,3.66,284509.4
2020-06-05,3.72,3.66,3.72,3.62,244003.01
2020-06-08,3.66,3.65,3.72,3.64,196698.69
2020-06-09,3.64,3.72,3.74,3.61,242411.94
2020-06-10,3.72,3.77,3.78,3.68,322516.16
2020-06-11,3.73,3.68,3.79,3.67,290922.51
2020-06-12,3.6,3.84,3.95,3.56,645436.3
2020-06-15,4.01,4.22,4.22,3.89,1249764.25
2020-06-16,4.1,4.08,4.19,3.99,734195.23
2020-06-17,4.09,4.17,4.29,4.08,870435.26
2020-06-18,4.14,4.03,4.15,4.0,588775.28
2020-06-19,3.98,3.89,3.98,3.88,409996.19
2020-06-22,3.9,3.93,3.94,3.85,277302.07
2020-06-23,3.9,3.85,3.93,3.85,204664.16
2020-06-24,3.85,3.95,3.95,3.84,272237.98
2020-06-29,3.92,3.99,4.04,3.9,286314.82
2020-06-30,3.95,4.0,4.04,3.92,335026.34
2020-07-01,4.01,4.08,4.18,3.98,438509.8
2020-07-02,4.05,4.49,4.49,4.04,1046626.24
2020-07-03,4.61,4.66,4.88,4.36,1276934.61
2020-07-06,4.56,5.11,5.13,4.55,1139591.86
2020-07-07,5.12,5.37,5.48,4.93,1105240.52
2020-07-08,5.4,5.3,5.43,5.1,740028.45
2020-07-09,5.28,5.54,5.7,5.17,784626.49
2020-07-10,5.5,5.69,5.86,5.36,834668.3
2020-07-13,5.6,6.04,6.14,5.57,725602.68
2020-07-14,6.09,5.86,6.16,5.81,664301.86
2020-07-15,5.9,5.68,6.24,5.66,915936.52
2020-07-16,5.77,5.44,5.9,5.38,742665.44
2020-07-17,5.6,5.49,5.64,5.26,559460.84
2020-07-20,5.58,5.62,5.66,5.31,491472.16
2020-07-21,5.58,5.7,5.78,5.51,521432.65
2020-07-22,5.68,5.57,5.71,5.55,396543.5
2020-07-23,5.51,5.6,5.76,5.48,645919.86
2020-07-24,5.71,5.23,5.75,5.09,732979.05
2020-07-27,5.23,5.48,5.7,5.1,653949.64
2020-07-28,5.7,5.45,5.75,5.31,455107.02
2020-07-29,5.37,5.62,5.65,5.32,526651.58
2020-07-30,5.63,5.84,6.03,5.58,932781.61
2020-07-31,5.77,6.42,6.42,5.77,1334252.55
2020-08-03,6.42,6.51,6.66,6.31,1337957.92
2020-08-04,6.46,6.35,6.81,6.21,929557.01
2020-08-05,6.26,6.99,6.99,6.13,1067945.6
2020-08-06,7.02,7.69,7.69,6.93,973250.4
2020-08-07,8.45,7.5,8.45,7.3,1544250.42
2020-08-10,7.13,6.75,7.3,6.75,1063674.6
2020-08-11,6.95,6.5,7.09,6.49,810847.22
2020-08-12,6.3,6.43,6.7,6.1,722448.22
2020-08-13,6.56,6.23,6.57,6.21,499563.31
2020-08-14,6.24,6.26,6.34,6.03,426838.52
2020-08-17,6.26,6.39,6.55,6.19,482052.38
2020-08-18,6.38,6.26,6.46,6.24,520901.58
2020-08-19,6.27,5.78,6.29,5.63,1067821.82
2020-08-20,5.67,5.64,5.73,5.46,441417.3
2020-08-21,5.64,5.56,5.68,5.49,365486.38
2020-08-24,5.58,5.63,5.67,5.31,368512.06
2020-08-25,5.65,5.47,5.67,5.43,300034.17
2020-08-26,5.44,5.29,5.55,5.27,303062.75
2020-08-27,5.29,5.37,5.38,5.2,271764.23
2020-08-28,5.37,5.59,5.63,5.28,460870.57
2020-08-31,5.59,5.77,5.88,5.54,564026.84
2020-09-01,5.77,5.7,5.84,5.63,286792.24
2020-09-02,5.65,5.6,5.7,5.55,255280.87
2020-09-03,5.59,5.52,5.67,5.51,236819.02
2020-09-04,5.39,5.45,5.48,5.35,201874.68
2020-09-07,5.4,5.45,5.75,5.39,238631.91
2020-09-08,5.43,5.48,5.48,5.35,176198.13
2020-09-09,5.42,5.24,5.45,5.22,217370.34
2020-09-10,5.31,4.96,5.35,4.95,306337.3
2020-09-11,4.95,5.22,5.24,4.92,249301.79
2020-09-14,5.25,5.15,5.29,5.08,172865.76
2020-09-15,5.18,5.2,5.21,5.07,135890.0
2020-09-16,5.2,5.14,5.2,5.07,137954.65
2020-09-17,5.13,5.26,5.38,5.13,233030.82
2020-09-18,5.23,5.65,5.78,5.21,585106.33
2020-09-21,5.67,5.74,5.85,5.63,395809.17
2020-09-22,5.72,5.8,5.94,5.61,426248.32
2020-09-23,5.75,5.63,5.79,5.59,293622.66
2020-09-24,5.59,5.61,5.71,5.53,258305.73
2020-09-25,5.63,5.55,5.66,5.47,171865.57
2020-09-28,5.5,5.43,5.59,5.28,202170.27
2020-09-29,5.49,5.66,5.67,5.49,239431.82
2020-09-30,5.63,5.39,5.77,5.38,263464.97
2020-10-09,5.44,5.67,5.85,5.44,356566.84
2020-10-12,5.71,5.8,5.83,5.63,367291.0
2020-10-13,5.84,5.74,5.85,5.67,231061.27
2020-10-14,5.74,5.57,5.74,5.57,214797.4
2020-10-15,5.59,5.38,5.62,5.37,316550.37
2020-10-16,5.35,5.45,5.45,5.3,207536.97
2020-10-19,5.5,5.55,5.69,5.45,295978.67
2020-10-20,5.56,5.45,5.58,5.38,205380.01
2020-10-21,5.48,5.34,5.49,5.31,145945.8
2020-10-22,5.31,5.26,5.33,5.22,118747.63
2020-10-23,5.24,5.24,5.33,5.18,135757.6
2020-10-26,5.2,5.3,5.32,5.14,109124.03
2020-10-27,5.25,5.32,5.37,5.24,122004.95
2020-10-28,5.33,5.26,5.37,5.2,97827.0
2020-10-29,5.21,5.3,5.34,5.15,108322.0
2020-10-30,5.24,4.94,5.29,4.88,367324.4
2020-11-02,4.95,4.67,4.99,4.58,295909.83
2020-11-03,4.61,5.14,5.14,4.6,381215.8
2020-11-04,5.08,5.19,5.29,5.05,335873.89
2020-11-05,5.21,5.3,5.35,5.08,243765.33
2020-11-06,5.31,5.19,5.33,5.17,136558.18
2020-11-09,5.29,5.25,5.33,5.23,149421.03
2020-11-10,5.29,5.42,5.58,5.29,355497.32
2020-11-11,5.47,5.28,5.47,5.17,197419.16
2020-11-12,5.27,5.21,5.35,5.19,146999.25
2020-11-13,5.18,5.29,5.29,5.09,176254.68
2020-11-16,5.23,5.7,5.82,5.23,707565.62
2020-11-17,5.62,5.57,5.82,5.52,581090.78
2020-11-18,5.63,5.57,5.7,5.51,249525.22
2020-11-19,5.57,5.51,5.58,5.42,219895.53
2020-11-20,5.5,5.43,5.54,5.41,179109.0
2020-11-23,5.44,5.43,5.47,5.33,154029.2
2020-11-24,5.43,5.28,5.43,5.23,229688.0
2020-11-25,5.29,5.14,5.3,5.14,156698.46
2020-11-26,5.14,5.1,5.2,5.03,134859.63
2020-11-27,5.1,5.2,5.22,5.03,179396.14
2020-11-30,5.17,5.12,5.24,5.12,181048.14
2020-12-01,5.16,5.41,5.45,5.12,330006.64
2020-12-02,5.43,5.38,5.5,5.34,224856.14
2020-12-03,5.44,5.45,5.49,5.35,209142.5
2020-12-04,5.42,5.49,5.5,5.4,161542.6
2020-12-07,5.5,5.42,5.58,5.4,172540.23
2020-12-08,5.4,5.56,5.62,5.36,241952.96
2020-12-09,5.58,5.55,5.65,5.46,237625.3
2020-12-10,5.5,5.62,5.76,5.45,272917.72
2020-12-11,5.62,5.51,5.64,5.25,332558.87
2020-12-14,5.46,5.22,5.51,5.09,394606.95
2020-12-15,5.22,5.02,5.22,4.9,351738.09
2020-12-16,4.92,5.04,5.15,4.76,309723.3
2020-12-17,4.98,4.99,5.12,4.96,171523.83
2020-12-18,4.99,5.06,5.12,4.98,167529.09
2020-12-21,5.03,5.01,5.08,4.93,136983.0
2020-12-22,5.0,4.99,5.07,4.95,154571.64
2020-12-23,4.99,4.86,4.99,4.81,166509.19
2020-12-24,4.85,4.71,4.85,4.66,184203.2
2020-12-25,4.61,4.73,4.78,4.61,125661.14
2020-12-28,4.71,4.83,4.88,4.68,143863.99
2020-12-29,4.82,4.62,4.82,4.6,208178.16
2020-12-30,4.62,4.52,4.62,4.5,128571.32
2020-12-31,4.51,4.54,4.57,4.46,127041.53
2021-01-04,4.54,4.57,4.6,4.48,118277.96
2021-01-05,4.55,4.46,4.59,4.45,157357.81
2021-01-06,4.43,4.32,4.45,4.23,213819.17
2021-01-07,4.32,4.08,4.33,4.0,258396.36
2021-01-08,4.04,4.11,4.24,3.95,178081.03
2021-01-11,4.12,4.01,4.14,3.98,120284.26
2021-01-12,4.0,3.93,4.04,3.91,128510.0
2021-01-13,3.87,3.76,3.89,3.67,208279.09
2021-01-14,3.76,3.81,3.88,3.74,163998.47
2021-01-15,3.81,3.98,4.1,3.79,232991.96
2021-01-18,4.0,4.01,4.13,3.98,128750.85
2021-01-19,4.0,4.03,4.07,3.94,115161.88
2021-01-20,4.05,4.08,4.12,3.97,144198.8
2021-01-21,4.08,4.06,4.15,4.04,126333.02
2021-01-22,4.04,4.07,4.09,3.97,134330.48
2021-01-25,4.07,3.92,4.07,3.88,135523.67
2021-01-26,3.88,3.85,3.9,3.81,85817.16
2021-01-27,3.88,3.82,3.89,3.8,74665.75
2021-01-28,3.81,3.74,3.88,3.73,87496.9
2021-01-29,3.77,3.64,3.79,3.63,121215.75
2021-02-01,3.28,3.28,3.49,3.28,324722.74
2021-02-02,3.31,3.61,3.61,3.31,265349.64
2021-02-03,3.65,3.41,3.79,3.38,298880.21
2021-02-04,3.41,3.75,3.75,3.4,219627.04
2021-02-05,4.0,4.13,4.13,3.91,579718.08
2021-02-08,4.54,4.54,4.54,4.21,1232480.31
2021-02-09,4.09,4.44,4.88,4.09,1264814.84
2021-02-10,4.16,4.01,4.35,4.0,872277.12
2021-02-18,3.97,4.24,4.39,3.92,747345.02
2021-02-19,4.16,4.25,4.37,4.07,661383.21
2021-02-22,4.26,4.26,4.52,4.22,571407.48
2021-02-23,4.23,4.47,4.47,4.06,631339.27
2021-02-24,4.51,4.59,4.75,4.32,670547.54
2021-02-25,4.51,4.37,4.7,4.35,460786.42
2021-02-26,4.19,4.18,4.28,4.11,294912.16
2021-03-01,4.22,4.25,4.3,4.14,238269.38
2021-03-02,4.23,4.1,4.23,4.08,252430.27
2021-03-03,4.05,4.15,4.17,4.0,226932.71
2021-03-04,4.12,4.05,4.19,4.02,216543.86
2021-03-05,4.04,4.06,4.13,3.97,158540.47
2021-03-08,4.08,3.88,4.13,3.87,247218.9
2021-03-09,3.87,3.93,3.95,3.71,212332.46
2021-03-10,3.9,3.82,3.94,3.82,118194.1
2021-03-11,3.81,3.85,3.89,3.77,106758.5
2021-03-12,3.83,3.81,3.84,3.76,103161.03
2021-03-15,3.9,3.97,4.06,3.87,190879.66
2021-03-16,3.97,3.97,4.02,3.92,118121.45
2021-03-17,3.95,3.93,3.96,3.88,122829.72
2021-03-18,3.94,4.32,4.32,3.9,419068.0
2021-03-19,4.3,4.34,4.65,4.25,719680.55
2021-03-22,4.26,4.46,4.58,4.16,507373.6
2021-03-23,4.43,4.45,4.6,4.4,525126.57
2021-03-24,4.3,4.41,4.5,4.26,354842.25
2021-03-25,4.4,4.22,4.4,4.18,271680.5
2021-03-26,4.23,4.23,4.31,4.18,188061.48
2021-03-29,4.23,4.31,4.45,4.12,310876.12
2021-03-30,4.25,4.41,4.59,4.15,510982.42
2021-03-31,4.37,4.37,4.57,4.31,358619.62
2021-04-01,4.29,4.81,4.81,4.25,653650.52
2021-04-02,4.98,5.1,5.25,4.86,1321739.02
2021-04-06,4.89,4.88,5.07,4.77,786703.03
2021-04-07,4.84,4.96,5.2,4.77,777410.64
2021-04-08,4.86,5.17,5.29,4.76,912166.73
2021-04-09,5.06,5.22,5.5,5.01,989046.01
2021-04-12,5.14,4.97,5.28,4.96,649529.36
2021-04-13,4.99,5.05,5.18,4.83,557641.18
2021-04-14,4.95,5.56,5.56,4.91,630821.63
2021-04-15,5.8,5.44,6.12,5.41,1692989.45
2021-04-16,5.3,5.38,5.66,5.27,1044811.85
2021-04-19,5.29,5.17,5.33,5.11,850838.16
2021-04-20,5.15,5.16,5.3,5.1,626405.57
2021-04-21,5.1,5.38,5.56,5.05,971189.83
2021-04-22,5.35,5.42,5.55,5.23,870199.12
2021-04-23,5.26,5.0,5.27,5.0,738192.51
2021-04-26,5.14,5.5,5.5,5.1,539004.1
2021-04-27,5.59,6.05,6.05,5.4,1703900.14
2021-04-28,6.44,6.66,6.66,6.22,742872.45
2021-04-29,7.22,6.25,7.22,6.25,2705602.08
2021-04-30,5.9,6.88,6.88,5.9,2175012.95
2021-05-06,6.88,6.63,7.2,6.55,2583876.27
2021-05-07,6.47,6.16,6.63,6.01,1589865.22
2021-05-10,6.13,6.37,6.46,6.0,1436741.08
2021-05-11,6.18,6.39,6.65,5.8,1557657.85
2021-05-12,6.21,6.68,6.85,6.08,1588949.61
2021-05-13,6.5,6.72,7.07,6.4,1639005.81
2021-05-14,6.76,6.43,6.8,6.31,1164845.28
2021-05-17,6.2,6.2,6.36,6.0,815274.36
2021-05-18,6.2,6.82,6.82,6.13,1148816.69
2021-05-19,7.02,6.96,7.16,6.75,1870505.81
2021-05-20,6.82,7.06,7.35,6.75,1591821.14
2021-05-21,7.0,6.88,7.2,6.76,1166641.92
2021-05-24,6.68,6.61,6.85,6.45,931813.24
2021-05-25,6.61,6.75,6.91,6.57,979530.25
2021-05-26,6.66,6.69,6.87,6.52,859587.29
2021-05-27,6.6,6.44,6.69,6.35,887466.4
2021-05-28,6.4,6.36,6.58,6.33,783521.85
2021-05-31,6.32,6.53,6.6,6.23,735159.67
2021-06-01,6.62,6.45,6.78,6.4,791163.2
2021-06-02,6.33,6.01,6.34,6.0,1018329.0
2021-06-03,5.92,5.76,5.93,5.64,661713.17
2021-06-04,5.74,5.52,5.75,5.5,640437.7
2021-06-07,5.5,5.53,5.62,5.4,442284.16
2021-06-08,5.53,5.31,5.54,5.26,531160.3
2021-06-09,5.26,5.21,5.33,5.14,433198.3
2021-06-10,5.21,5.24,5.3,5.15,346371.64
2021-06-11,5.23,5.07,5.24,5.05,356918.0
2021-06-15,5.09,4.95,5.13,4.92,315945.0
2021-06-16,4.95,4.74,4.97,4.73,367599.7
2021-06-17,4.8,4.99,5.16,4.76,652424.9
2021-06-18,4.92,5.02,5.04,4.83,501950.38
2021-06-21,4.97,5.07,5.16,4.93,526325.03
2021-06-22,5.07,5.01,5.11,4.97,394654.19
2021-06-23,4.99,4.99,5.07,4.9,335157.12
2021-06-24,5.0,4.8,5.01,4.79,370252.2
2021-06-25,4.8,4.86,4.93,4.79,223293.15
2021-06-28,4.87,4.84,4.89,4.8,208433.28
2021-06-29,4.83,4.7,4.84,4.68,331965.56
2021-06-30,4.69,4.62,4.73,4.57,277888.29
2021-07-01,4.61,5.08,5.08,4.59,511981.62
2021-07-02,5.11,5.13,5.32,5.05,1154081.14
2021-07-05,5.08,4.96,5.12,4.81,588269.23
2021-07-06,4.96,4.82,4.98,4.76,435363.47
2021-07-07,4.82,4.97,5.19,4.8,565387.48
2021-07-08,4.88,4.81,4.91,4.78,418378.9
2021-07-09,4.79,4.8,4.81,4.67,297103.86
2021-07-12,4.83,4.79,4.87,4.77,283196.48
2021-07-13,4.77,4.81,4.81,4.72,243285.8
2021-07-14,4.8,5.0,5.07,4.76,750297.0
2021-07-15,4.93,4.84,4.98,4.8,425770.77
2021-07-16,4.8,4.77,4.85,4.75,263690.62
2021-07-19,4.75,4.83,4.93,4.7,335885.0
2021-07-20,4.83,5.17,5.28,4.81,983683.7
2021-07-21,5.25,5.16,5.36,5.11,895267.01
2021-07-22,5.2,5.01,5.24,5.0,538762.91
2021-07-23,5.0,4.91,5.02,4.88,397144.9
2021-07-26,4.89,4.76,4.9,4.57,412634.4
2021-07-27,4.71,4.61,4.81,4.6,298810.2
2021-07-28,4.61,4.57,4.7,4.35,309254.6
2021-07-29,4.57,4.58,4.67,4.56,211206.4
2021-07-30,4.59,4.61,4.62,4.45,270577.7
2021-08-02,4.58,4.65,4.69,4.55,251784.09
2021-08-03,4.69,4.93,4.99,4.67,662785.1
2021-08-04,4.87,4.81,4.87,4.72,410372.5
2021-08-05,4.78,4.72,4.89,4.71,276816.92
2021-08-06,4.68,4.62,4.69,4.57,239297.94
2021-08-09,4.52,4.61,4.64,4.45,198519.1
2021-08-10,4.6,4.64,4.66,4.57,193797.17
2021-08-11,4.63,4.59,4.63,4.58,165595.8
2021-08-12,4.56,4.55,4.61,4.54,171687.6
2021-08-13,4.54,4.49,4.55,4.46,192878.59
2021-08-16,4.49,4.55,4.58,4.46,171796.84
2021-08-17,4.54,4.39,4.54,4.36,234921.5
2021-08-18,4.34,4.29,4.39,4.26,240375.8
2021-08-19,4.28,4.16,4.28,4.11,254349.89
2021-08-20,4.13,4.18,4.22,4.03,180049.71
2021-08-23,4.16,4.13,4.2,4.13,186118.0
2021-08-24,4.12,4.06,4.16,4.06,192671.6
2021-08-25,4.05,4.09,4.09,3.95,215677.1
2021-08-26,4.08,4.01,4.1,4.01,162244.0
2021-08-27,4.01,3.93,4.01,3.9,209187.38
2021-08-30,3.93,4.08,4.19,3.92,326940.64
2021-08-31,4.07,4.02,4.08,3.98,156353.57
2021-09-01,4.0,4.03,4.05,3.94,154767.33
2021-09-02,4.03,4.02,4.05,3.98,110596.4
2021-09-03,4.01,4.08,4.13,4.0,186850.77
2021-09-06,4.09,4.16,4.17,4.08,209236.32
2021-09-07,4.15,4.15,4.19,4.11,141520.5
2021-09-08,4.14,4.27,4.28,4.13,264072.98
2021-09-09,4.29,4.22,4.3,4.2,176335.85
2021-09-10,4.23,4.15,4.23,4.14,164774.32
2021-09-13,4.15,4.2,4.28,4.15,133471.91
2021-09-14,4.2,4.14,4.24,4.1,145919.0
2021-09-15,4.12,4.1,4.13,4.06,106366.3
2021-09-16,4.09,4.09,4.18,4.08,134653.58
2021-09-17,4.1,4.08,4.1,4.0,137397.98
2021-09-22,4.05,4.12,4.18,4.04,131102.5
2021-09-23,4.13,4.19,4.24,4.11,181563.61
2021-09-24,4.2,4.21,4.26,4.12,239173.37
2021-09-27,4.2,4.13,4.24,4.1,212495.8
2021-09-28,4.2,4.22,4.25,4.15,164680.82
2021-09-29,4.18,4.05,4.19,4.05,161128.37
2021-09-30,4.06,4.08,4.11,4.03,86221.16
2021-10-08,4.1,4.25,4.3,4.08,292023.85
2021-10-11,4.27,4.26,4.38,4.2,196492.43
2021-10-12,4.27,4.49,4.51,4.21,715816.65
2021-10-13,4.6,4.41,4.69,4.35,742891.6
2021-10-14,4.26,4.28,4.35,4.17,409209.17
2021-10-15,4.17,4.05,4.18,4.03,397346.61
2021-10-18,4.01,4.02,4.04,3.92,164911.2
2021-10-19,4.02,4.04,4.07,4.0,128219.41
2021-10-20,4.06,4.07,4.13,3.97,193617.71
2021-10-21,4.04,3.99,4.06,3.98,125317.99
2021-10-22,3.98,3.92,3.99,3.92,120562.39
2021-10-25,3.9,3.85,3.92,3.82,136019.39
2021-10-26,3.82,3.72,3.84,3.68,201733.27
2021-10-27,3.69,3.63,3.74,3.6,109599.93
2021-10-28,3.63,3.65,3.7,3.6,99274.0
2021-10-29,3.65,3.7,3.73,3.56,110289.0
2021-11-01,3.7,3.7,3.73,3.65,77448.8
2021-11-02,3.69,3.61,3.71,3.58,91297.3
2021-11-03,3.61,3.67,3.68,3.6,60648.31
2021-11-04,3.65,3.67,3.69,3.63,57636.0
2021-11-05,3.67,3.69,3.72,3.65,66512.71
2021-11-08,3.67,3.65,3.69,3.62,54593.18
2021-11-09,3.66,3.73,3.83,3.65,132628.41
2021-11-10,3.71,3.8,3.83,3.7,147923.51
2021-11-11,3.8,3.78,3.81,3.75,86367.2
2021-11-12,3.76,3.76,3.78,3.73,61392.1
2021-11-15,3.77,3.82,3.82,3.76,88012.11
2021-11-16,3.81,3.8,3.88,3.79,115468.7
2021-11-17,3.83,3.8,3.85,3.78,80593.72
2021-11-18,3.78,3.74,3.79,3.74,74263.1
2021-11-19,3.72,3.76,3.77,3.66,90910.22
2021-11-22,3.74,3.73,3.75,3.7,70118.62
2021-11-23,3.75,3.77,3.79,3.73,82003.96
2021-11-24,3.76,3.79,3.81,3.75,77266.5
2021-11-25,3.79,3.85,3.88,3.79,155282.34
2021-11-26,3.86,3.79,3.89,3.78,92664.05
2021-11-29,3.81,3.84,3.93,3.79,155034.12
2021-11-30,3.82,3.87,3.88,3.79,127263.8
2021-12-01,3.83,3.84,3.85,3.79,84516.0
2021-12-02,3.85,3.8,3.88,3.8,80992.0
2021-12-03,3.79,3.81,3.82,3.78,69807.0
2021-12-06,3.79,3.73,3.8,3.72,95577.0
2021-12-07,3.75,3.69,3.75,3.68,79609.7
2021-12-08,3.68,3.72,3.72,3.68,65095.23
2021-12-09,3.71,3.8,3.83,3.71,137070.32
2021-12-10,3.81,3.8,3.83,3.77,102980.14
2021-12-13,3.8,3.79,3.81,3.77,72727.0
2021-12-14,3.8,3.82,3.82,3.78,95215.0
2021-12-15,3.82,3.8,3.84,3.78,92612.0
2021-12-16,3.8,3.82,3.83,3.78,77637.6
2021-12-17,3.83,3.86,3.87,3.81,150505.8
2021-12-20,3.86,3.95,4.02,3.85,339935.77
2021-12-21,3.95,4.03,4.04,3.9,244114.47
2021-12-22,4.09,3.96,4.09,3.9,263994.59
2021-12-23,3.93,3.91,4.01,3.89,159484.99
2021-12-24,3.95,4.3,4.3,3.9,494755.22
2021-12-27,4.33,4.45,4.6,4.23,1180536.37
2021-12-28,4.38,4.22,4.44,4.19,680950.79
2021-12-29,4.19,4.22,4.35,4.18,497227.88
2021-12-30,4.19,4.28,4.34,4.14,452095.4
2021-12-31,4.29,4.36,4.44,4.27,538697.05
2022-01-04,4.36,4.43,4.5,4.36,580896.0
2022-01-05,4.43,4.29,4.43,4.26,396395.95
2022-01-06,4.27,4.34,4.35,4.23,317856.21
2022-01-07,4.3,4.22,4.38,4.21,341540.73
2022-01-10,4.22,4.35,4.47,4.19,339601.7
2022-01-11,4.39,4.5,4.53,4.29,707893.65
2022-01-12,4.45,4.63,4.9,4.38,994473.81
2022-01-13,4.59,4.53,4.67,4.48,601076.2
2022-01-14,4.46,4.7,4.82,4.45,815041.77
2022-01-17,4.7,4.62,4.7,4.49,559826.18
2022-01-18,4.57,4.35,4.58,4.29,533717.92
2022-01-19,4.3,4.25,4.32,4.2,289676.5
2022-01-20,4.23,4.09,4.36,4.07,359549.88
2022-01-21,4.13,4.11,4.21,4.05,245636.33
2022-01-24,4.06,4.1,4.11,4.0,154990.0
2022-01-25,4.08,3.85,4.09,3.82,235528.31
2022-01-26,3.8,3.87,3.89,3.8,121900.0
2022-01-27,3.88,3.73,3.88,3.72,145076.0
2022-01-28,3.77,3.88,3.94,3.73,192039.6
2022-02-07,3.9,3.86,3.95,3.81,133653.01
2022-02-08,3.87,4.03,4.05,3.84,176049.1
2022-02-09,4.03,4.04,4.06,3.96,164817.0
2022-02-10,4.02,3.99,4.05,3.96,122143.0
2022-02-11,3.98,3.85,3.98,3.85,172411.0
2022-02-14,3.82,3.92,3.98,3.81,166960.0
2022-02-15,3.93,3.87,3.95,3.85,139738.3
2022-02-16,3.88,3.89,3.92,3.86,92295.8
2022-02-17,3.92,3.84,3.92,3.83,116983.25
2022-02-18,3.84,3.88,3.9,3.82,82661.19
2022-02-21,3.88,4.18,4.27,3.86,587513.99
2022-02-22,4.11,4.05,4.21,4.04,413156.2
2022-02-23,4.07,4.06,4.14,4.06,239740.0
2022-02-24,4.07,4.07,4.16,3.96,294476.21
2022-02-25,4.07,4.09,4.14,4.06,189341.0
2022-02-28,4.08,4.09,4.1,4.01,126019.4
2022-03-01,4.08,4.08,4.12,4.05,103257.2
2022-03-02,4.07,4.14,4.16,4.03,170172.9
2022-03-03,4.13,4.27,4.3,4.12,386121.0
2022-03-04,4.36,4.36,4.5,4.28,541586.5
2022-03-07,4.36,4.27,4.46,4.26,479476.1
2022-03-08,4.2,4.09,4.27,4.07,391736.31
2022-03-09,4.1,4.14,4.36,3.91,464600.35
2022-03-10,4.19,4.3,4.34,4.13,437212.2
2022-03-11,4.24,4.37,4.49,4.19,527989.05
2022-03-14,4.36,4.15,4.36,4.14,444441.01
2022-03-15,4.1,3.9,4.16,3.9,362665.6
2022-03-16,3.96,4.14,4.15,3.83,401347.52
2022-03-17,4.16,4.17,4.26,4.11,314421.0
2022-03-18,4.17,4.21,4.29,4.15,247050.0
2022-03-21,4.23,4.44,4.63,4.22,711897.93
2022-03-22,4.43,4.29,4.44,4.27,448048.48
2022-03-23,4.3,4.22,4.33,4.21,285085.95
2022-03-24,4.2,4.64,4.64,4.14,729119.08
2022-03-25,4.64,4.44,4.77,4.44,1203523.28
2022-03-28,4.37,4.37,4.53,4.3,546946.73
2022-03-29,4.37,4.46,4.62,4.36,725567.08
2022-03-30,4.41,4.38,4.46,4.31,471202.45
2022-03-31,4.32,4.35,4.55,4.3,551054.2
2022-04-01,4.31,4.21,4.37,4.17,429397.5
2022-04-06,4.31,4.42,4.57,4.29,675331.93
2022-04-07,4.39,4.29,4.48,4.28,415349.8
2022-04-08,4.25,4.16,4.28,4.1,308063.7
2022-04-11,4.15,4.02,4.15,3.98,224008.0
2022-04-12,4.02,4.12,4.13,3.99,170042.1
2022-04-13,4.1,4.0,4.12,4.0,157375.0
2022-04-14,4.03,4.01,4.06,3.99,147636.0
2022-04-15,4.01,3.9,4.01,3.88,182585.8
2022-04-18,3.84,3.86,3.88,3.79,114018.03
2022-04-19,3.84,3.84,3.88,3.82,102850.5
2022-04-20,3.82,3.81,3.88,3.8,111437.0
2022-04-21,3.81,3.54,3.81,3.46,303880.69
2022-04-22,3.53,3.44,3.53,3.36,189841.57
2022-04-25,3.44,3.18,3.44,3.16,228609.1
2022-04-26,3.15,3.05,3.17,3.02,177029.7
2022-04-27,3.0,3.09,3.1,2.86,208839.88
2022-04-28,3.1,3.06,3.15,3.0,170193.0
2022-04-29,3.05,3.17,3.18,3.05,165260.1
2022-05-05,3.2,3.28,3.33,3.13,165083.74
2022-05-06,3.22,3.26,3.31,3.18,127631.2
2022-05-09,3.26,3.39,3.42,3.26,140524.99
2022-05-10,3.35,3.52,3.52,3.34,163012.0
2022-05-11,3.52,3.43,3.57,3.42,179098.22
2022-05-12,3.39,3.48,3.52,3.39,140235.0
2022-05-13,3.48,3.48,3.55,3.43,92779.01
2022-05-16,3.52,3.5,3.57,3.45,94333.6
2022-05-17,3.49,3.85,3.85,3.47,337436.0
2022-05-18,3.79,3.62,3.8,3.59,625497.12
2022-05-19,3.47,3.45,3.49,3.39,341991.57
2022-05-20,3.45,3.43,3.51,3.4,229356.19
2022-05-23,3.41,3.48,3.51,3.4,201668.48
2022-05-24,3.46,3.31,3.48,3.3,194799.0
2022-05-25,3.31,3.39,3.4,3.29,113085.5
2022-05-26,3.39,3.39,3.43,3.31,94698.01
2022-05-27,3.38,3.37,3.41,3.33,87916.3
2022-05-30,3.37,3.34,3.38,3.33,74424.0
2022-05-31,3.33,3.36,3.36,3.27,99942.7
2022-06-01,3.37,3.33,3.38,3.3,94344.1
2022-06-02,3.34,3.3,3.35,3.28,86974.0
2022-06-06,3.3,3.34,3.37,3.29,98723.73
2022-06-07,3.34,3.38,3.38,3.29,136160.0
2022-06-08,3.37,3.35,3.38,3.3,108896.93
2022-06-09,3.34,3.32,3.38,3.32,88240.0
2022-06-10,3.3,3.33,3.34,3.29,64959.0
2022-06-13,3.31,3.33,3.35,3.31,76824.0
2022-06-14,3.33,3.31,3.34,3.23,116363.8
2022-06-15,3.3,3.38,3.51,3.29,234502.3
2022-06-16,3.34,3.35,3.39,3.32,147568.33
2022-06-17,3.35,3.34,3.35,3.28,115770.05
2022-06-20,3.31,3.4,3.43,3.3,169719.83
2022-06-21,3.4,3.42,3.48,3.39,161617.36
2022-06-22,3.44,3.46,3.55,3.42,210432.03
2022-06-23,3.48,3.48,3.52,3.45,130582.2
2022-06-24,3.5,3.45,3.51,3.44,118074.0
2022-06-27,3.45,3.46,3.5,3.44,109705.31
2022-06-28,3.46,3.52,3.52,3.41,146043.37
2022-06-29,3.52,3.46,3.54,3.45,112905.5
2022-06-30,3.46,3.53,3.57,3.45,162983.0
2022-07-01,3.53,3.48,3.57,3.46,114304.0
2022-07-04,3.47,3.61,3.61,3.45,233953.43
2022-07-05,3.59,3.54,3.6,3.49,136573.0
2022-07-06,3.52,3.5,3.56,3.48,93435.1
2022-07-07,3.5,3.45,3.51,3.44,101340.34
2022-07-08,3.46,3.55,3.59,3.45,157386.8
2022-07-11,3.55,3.58,3.61,3.53,130526.0
2022-07-12,3.55,3.47,3.57,3.46,143474.46
2022-07-13,3.45,3.43,3.46,3.4,119212.8
2022-07-14,3.45,3.45,3.53,3.43,110903.0
2022-07-15,3.43,3.26,3.43,3.25,189308.0
2022-07-18,3.25,3.4,3.42,3.24,194928.6
2022-07-19,3.4,3.41,3.45,3.36,115511.75
2022-07-20,3.43,3.5,3.53,3.42,159685.7
2022-07-21,3.5,3.46,3.54,3.46,109243.0
2022-07-22,3.46,3.43,3.49,3.41,88321.6
2022-07-25,3.45,3.48,3.49,3.44,101966.1
2022-07-26,3.48,3.49,3.49,3.43,86666.7
2022-07-27,3.48,3.51,3.53,3.46,116888.51
2022-07-28,3.52,3.47,3.53,3.46,94156.0
2022-07-29,3.47,3.4,3.49,3.39,100927.1
2022-08-01,3.4,3.36,3.4,3.35,96646.4
2022-08-02,3.35,3.17,3.35,3.12,205993.7
2022-08-03,3.16,3.13,3.24,3.12,120989.61
2022-08-04,3.15,3.19,3.2,3.13,81870.75
2022-08-05,3.19,3.28,3.29,3.19,113461.1
2022-08-08,3.28,3.31,3.35,3.25,101165.0
2022-08-09,3.33,3.27,3.34,3.25,82358.63
2022-08-10,3.29,3.25,3.29,3.21,70409.03
2022-08-11,3.26,3.3,3.31,3.26,70290.13
2022-08-12,3.3,3.32,3.33,3.28,78124.0
2022-08-15,3.31,3.34,3.34,3.28,84789.0
2022-08-16,3.35,3.33,3.39,3.31,61106.0
2022-08-17,3.34,3.35,3.39,3.32,76470.17
2022-08-18,3.36,3.3,3.36,3.28,86898.0
2022-08-19,3.29,3.27,3.32,3.26,72393.5
2022-08-22,3.26,3.28,3.29,3.23,58476.8
2022-08-23,3.26,3.24,3.27,3.22,64541.0
2022-08-24,3.25,3.35,3.56,3.23,348550.44
2022-08-25,3.3,3.26,3.35,3.19,195555.41
2022-08-26,3.22,3.27,3.39,3.22,144567.69
2022-08-29,3.2,3.32,3.33,3.16,171098.04
2022-08-30,3.31,3.35,3.38,3.31,184062.51
2022-08-31,3.33,3.27,3.35,3.25,105141.0
2022-09-01,3.27,3.27,3.32,3.25,81003.9
2022-09-02,3.26,3.33,3.35,3.26,80003.0
2022-09-05,3.34,3.36,3.38,3.31,102014.52
2022-09-06,3.36,3.38,3.38,3.34,94255.0
2022-09-07,3.37,3.33,3.38,3.32,75300.1
2022-09-08,3.34,3.29,3.35,3.28,59077.1
2022-09-09,3.29,3.34,3.35,3.28,101982.16
2022-09-13,3.34,3.34,3.36,3.33,78232.56
2022-09-14,3.31,3.33,3.33,3.26,82723.0
2022-09-15,3.35,3.25,3.35,3.22,101450.0
2022-09-16,3.25,3.12,3.26,3.12,101485.0
2022-09-19,3.14,3.07,3.15,3.02,79994.72
2022-09-20,3.07,3.11,3.13,3.07,60414.0
2022-09-21,3.1,3.12,3.14,3.05,59491.0
2022-09-22,3.11,3.05,3.13,3.04,91379.0
2022-09-23,3.05,2.99,3.06,2.97,81290.44
2022-09-26,2.99,2.89,2.99,2.88,85720.0
2022-09-27,2.9,3.06,3.07,2.89,131524.0
2022-09-28,3.05,3.05,3.13,3.03,99115.0
2022-09-29,3.07,3.07,3.14,3.04,95673.0
2022-09-30,3.06,3.15,3.17,3.05,136010.05
2022-10-10,3.14,3.14,3.25,3.1,130353.01
2022-10-11,3.13,3.11,3.15,3.02,81520.0
2022-10-12,3.09,3.14,3.14,3.04,68268.0
2022-10-13,3.14,3.2,3.23,3.11,95100.0
2022-10-14,3.2,3.35,3.38,3.19,251704.2
2022-10-17,3.37,3.48,3.52,3.36,311921.72
2022-10-18,3.49,3.53,3.57,3.41,292790.25
2022-10-19,3.53,3.54,3.72,3.45,472587.8
2022-10-20,3.49,3.64,3.89,3.41,1068525.23
2022-10-21,3.5,3.42,3.63,3.4,753466.75
2022-10-24,3.43,3.34,3.56,3.33,396531.7
2022-10-25,3.32,3.34,3.67,3.3,547002.47
2022-10-26,3.27,3.38,3.44,3.25,417579.73
2022-10-27,3.33,3.42,3.52,3.32,356952.0
2022-10-28,3.38,3.29,3.47,3.26,226502.2
2022-10-31,3.2,3.35,3.37,3.18,229195.2
2022-11-01,3.3,3.45,3.49,3.3,277204.71
2022-11-02,3.43,3.45,3.63,3.4,384296.36
2022-11-03,3.42,3.38,3.48,3.36,200391.35
2022-11-04,3.38,3.38,3.42,3.35,157665.9
2022-11-07,3.37,3.41,3.43,3.37,161310.1
2022-11-08,3.41,3.48,3.56,3.34,332868.9
2022-11-09,3.45,3.59,3.64,3.45,352120.9
2022-11-10,3.6,3.61,3.67,3.53,296861.78
2022-11-11,3.63,3.61,3.8,3.59,441400.41
2022-11-14,3.56,3.71,3.78,3.55,652796.3
2022-11-15,3.67,3.73,3.78,3.64,345313.51
2022-11-16,3.76,3.74,3.86,3.71,479581.56
2022-11-17,3.7,3.75,3.82,3.66,385071.61
2022-11-18,3.76,3.79,3.84,3.73,305999.83
2022-11-21,3.78,3.76,3.82,3.7,246820.3
2022-11-22,3.77,3.67,3.87,3.64,295036.08
2022-11-23,3.68,3.55,3.69,3.52,235617.25
2022-11-24,3.6,3.65,3.7,3.53,231754.86
2022-11-25,3.69,3.57,3.69,3.49,234123.1
2022-11-28,3.56,3.55,3.65,3.51,193801.87
2022-11-29,3.55,3.91,3.91,3.55,615423.99
2022-11-30,3.85,3.71,3.85,3.66,1098761.21
2022-12-01,3.73,3.61,3.75,3.57,664587.5
2022-12-02,3.6,3.58,3.6,3.53,377535.1
2022-12-05,3.6,3.61,3.67,3.55,467442.38
2022-12-06,3.61,3.47,3.66,3.47,486068.0
2022-12-07,3.44,3.63,3.67,3.42,642674.35
2022-12-08,3.66,3.63,3.72,3.56,510048.0
2022-12-09,3.63,3.68,3.71,3.55,474295.99
2022-12-12,3.72,3.8,3.83,3.68,535063.1
2022-12-13,3.83,3.83,3.93,3.75,495830.21
2022-12-14,3.84,3.66,3.85,3.64,321435.42
2022-12-15,3.69,3.6,3.71,3.58,274892.09
2022-12-16,3.6,3.64,3.69,3.58,302075.01
2022-12-19,3.67,3.44,3.69,3.43,319510.0
2022-12-20,3.42,3.28,3.45,3.24,288481.86
2022-12-21,3.3,3.26,3.4,3.24,226742.0
2022-12-22,3.3,3.21,3.31,3.2,184204.0
2022-12-23,3.2,3.23,3.26,3.19,133117.0
2022-12-26,3.24,3.23,3.29,3.22,170345.0
2022-12-27,3.23,3.16,3.23,3.1,201017.0
2022-12-28,3.17,3.12,3.17,3.1,155842.0
2022-12-29,3.11,3.14,3.18,3.09,135447.0
2022-12-30,3.19,3.18,3.19,3.12,146156.9
2023-01-03,3.18,3.27,3.3,3.17,169126.83
2023-01-04,3.26,3.26,3.3,3.21,131296.0
2023-01-05,3.26,3.21,3.28,3.2,174707.13
2023-01-06,3.2,3.14,3.21,3.13,165713.0
2023-01-09,3.16,3.17,3.17,3.13,102680.89
2023-01-10,3.17,3.15,3.17,3.13,91263.0
2023-01-11,3.16,3.13,3.17,3.12,83608.8
2023-01-12,3.15,3.11,3.15,3.1,75971.0
2023-01-13,3.11,3.15,3.16,3.1,81421.66
2023-01-16,3.15,3.22,3.24,3.14,177477.0
2023-01-17,3.22,3.15,3.23,3.14,137216.0
2023-01-18,3.16,3.15,3.18,3.13,82143.9
2023-01-19,3.15,3.18,3.19,3.14,92748.0
2023-01-20,3.18,3.22,3.23,3.18,76444.0
2023-01-30,3.24,3.23,3.26,3.22,120320.0
2023-01-31,3.23,3.24,3.24,3.17,114355.3
2023-02-01,3.24,3.28,3.28,3.22,134803.3
2023-02-02,3.28,3.31,3.32,3.26,141820.0
2023-02-03,3.32,3.27,3.32,3.24,153704.0
2023-02-06,3.27,3.26,3.29,3.24,96333.0
2023-02-07,3.28,3.26,3.28,3.24,87280.53
2023-02-08,3.26,3.25,3.27,3.24,69838.0
2023-02-09,3.25,3.26,3.26,3.23,91466.0
2023-02-10,3.26,3.26,3.28,3.24,98938.0
2023-02-13,3.26,3.28,3.29,3.25,134186.6
2023-02-14,3.3,3.3,3.3,3.27,107767.3
2023-02-15,3.32,3.29,3.32,3.27,97502.51
2023-02-16,3.31,3.25,3.35,3.23,206530.9
2023-02-17,3.25,3.3,3.33,3.24,136949.9
2023-02-20,3.3,3.28,3.31,3.22,131396.0
2023-02-21,3.3,3.28,3.3,3.26,82917.1
2023-02-22,3.27,3.29,3.3,3.25,91503.0
2023-02-23,3.31,3.26,3.31,3.25,85628.0
2023-02-24,3.26,3.25,3.28,3.23,74846.4
2023-02-27,3.24,3.19,3.26,3.18,103233.5
2023-02-28,3.19,3.28,3.28,3.19,119920.5
2023-03-01,3.31,3.29,3.32,3.26,110087.0
2023-03-02,3.31,3.26,3.31,3.25,88712.0
2023-03-03,3.27,3.26,3.28,3.24,70440.5
2023-03-06,3.25,3.26,3.28,3.24,88174.0
2023-03-07,3.25,3.2,3.28,3.2,92936.0
2023-03-08,3.2,3.21,3.22,3.18,73208.6
2023-03-09,3.21,3.21,3.22,3.19,52418.65
2023-03-10,3.2,3.19,3.21,3.17,74377.61
2023-03-13,3.17,3.18,3.3,3.13,167845.41
2023-03-14,3.15,3.09,3.18,3.08,160375.5
2023-03-15,3.11,3.17,3.19,3.11,160188.27
2023-03-16,3.15,3.13,3.19,3.13,81502.9
2023-03-17,3.15,3.11,3.17,3.1,118807.0
2023-03-20,3.11,3.05,3.12,3.04,144788.4
2023-03-21,3.06,3.1,3.1,3.05,91216.31
2023-03-22,3.09,3.12,3.13,3.08,71034.0
2023-03-23,3.11,3.09,3.13,3.08,68656.93
2023-03-24,3.08,3.06,3.12,3.05,107834.0
2023-03-27,3.06,3.06,3.07,3.02,105163.1
2023-03-28,3.05,3.05,3.07,3.03,69426.0
2023-03-29,3.04,3.0,3.05,2.98,100167.1
2023-03-30,3.01,2.96,3.01,2.96,83063.0
2023-03-31,2.96,3.01,3.01,2.95,72050.6
2023-04-03,3.03,3.0,3.03,2.99,76304.83
2023-04-04,3.01,2.97,3.01,2.95,83907.0
2023-04-06,2.97,2.95,2.97,2.94,69438.55
2023-04-07,2.95,3.04,3.05,2.94,161060.7
2023-04-10,3.04,2.99,3.07,2.99,101194.0
2023-04-11,3.0,2.97,3.0,2.95,92568.0
2023-04-12,2.97,2.99,3.02,2.96,72615.0
2023-04-13,2.99,3.02,3.03,2.96,90916.02
2023-04-14,3.01,3.01,3.06,2.99,100853.2
2023-04-17,3.02,2.99,3.02,2.97,61411.7
2023-04-18,2.99,2.97,2.99,2.95,77650.5
2023-04-19,2.96,2.94,2.96,2.93,74298.0
2023-04-20,2.93,2.87,2.94,2.86,126188.1
2023-04-21,2.86,2.81,2.88,2.8,93066.0
2023-04-24,2.8,2.8,2.83,2.76,90530.0
2023-04-25,2.81,2.7,2.81,2.68,123801.7
2023-04-26,2.69,2.75,2.77,2.67,75526.93
2023-04-27,2.74,2.83,2.85,2.74,113604.96
2023-04-28,2.83,2.88,2.88,2.8,102861.0
2023-05-04,2.86,2.94,2.94,2.85,109433.4
2023-05-05,2.96,2.89,2.97,2.88,74648.0
2023-05-08,2.89,2.87,2.92,2.87,69392.8
2023-05-09,2.88,2.82,2.88,2.82,66277.0
2023-05-10,2.82,2.84,2.87,2.82,44146.6
2023-05-11,2.84,2.85,2.87,2.82,44886.6
2023-05-12,2.85,2.83,2.86,2.83,44523.6
2023-05-15,2.83,2.86,2.87,2.79,72633.0
2023-05-16,2.85,2.85,2.88,2.83,51284.55
2023-05-17,2.84,2.88,2.88,2.81,54424.01
2023-05-18,2.88,2.87,2.9,2.86,42672.4
2023-05-19,2.87,2.87,2.88,2.84,48123.03
2023-05-22,2.87,2.89,2.89,2.86,54055.7
2023-05-23,2.88,2.9,2.94,2.88,87662.0
2023-05-24,2.92,2.89,2.92,2.87,61684.47
2023-05-25,2.9,2.85,2.9,2.81,70017.03
2023-05-26,2.85,2.89,2.9,2.81,71112.9
2023-05-29,2.89,2.86,2.93,2.86,61160.52
2023-05-30,2.87,2.87,2.91,2.83,77811.1
2023-05-31,2.87,2.84,2.89,2.83,59543.1
2023-06-01,2.83,2.86,2.9,2.82,102020.92
2023-06-02,2.87,2.84,2.89,2.83,96878.3
2023-06-05,2.83,2.82,2.84,2.8,92842.97
2023-06-06,2.81,2.75,2.82,2.74,96125.0
2023-06-07,2.75,2.73,2.77,2.72,76303.0
2023-06-08,2.73,2.7,2.73,2.69,68013.87
2023-06-09,2.7,2.72,2.74,2.69,50977.9
2023-06-12,2.71,2.7,2.71,2.66,100856.6
2023-06-13,2.69,2.66,2.71,2.66,73025.0
2023-06-14,2.66,2.64,2.67,2.58,110637.0
2023-06-15,2.64,2.6,2.65,2.59,133816.61
2023-06-16,2.61,2.6,2.62,2.58,99510.1
2023-06-19,2.58,2.53,2.59,2.51,192380.77
2023-06-20,2.52,2.47,2.53,2.46,135463.52
2023-06-21,2.46,2.42,2.51,2.41,143882.44
2023-06-26,2.41,2.41,2.47,2.39,102269.8
2023-06-27,2.4,2.48,2.48,2.39,113315.5
2023-06-28,2.48,2.47,2.49,2.42,69896.0
2023-06-29,2.47,2.48,2.52,2.45,67037.01
2023-06-30,2.48,2.53,2.54,2.47,92138.0
2023-07-03,2.55,2.58,2.62,2.54,107348.0
2023-07-04,2.57,2.57,2.59,2.55,57864.2
2023-07-05,2.57,2.59,2.6,2.57,66383.8
2023-07-06,2.58,2.56,2.59,2.54,88444.73
2023-07-07,2.57,2.55,2.58,2.53,60533.5
2023-07-10,2.54,2.55,2.58,2.54,57217.02
2023-07-11,2.56,2.57,2.58,2.54,53122.3
2023-07-12,2.57,2.54,2.59,2.54,50343.19
2023-07-13,2.55,2.55,2.58,2.54,60468.0
2023-07-14,2.56,2.56,2.57,2.54,42620.73
2023-07-17,2.55,2.56,2.57,2.46,88442.98
2023-07-18,2.57,2.53,2.57,2.52,47337.76
2023-07-19,2.54,2.54,2.57,2.52,50947.0
2023-07-20,2.55,2.55,2.57,2.53,77816.42
2023-07-21,2.52,2.57,2.58,2.5,94800.4
2023-07-24,2.6,2.83,2.83,2.58,282545.29
2023-07-25,3.08,2.91,3.08,2.87,1059474.61
2023-07-26,2.93,2.94,3.06,2.91,737201.93
2023-07-27,2.95,2.83,2.98,2.83,486767.5
2023-07-28,2.8,2.9,2.91,2.8,390825.9
2023-07-31,2.84,2.95,2.96,2.84,376592.11
2023-08-01,2.95,2.99,3.11,2.93,522730.5
2023-08-02,2.98,2.95,3.03,2.88,315357.37
2023-08-03,3.05,3.25,3.25,3.03,590908.8
2023-08-04,3.25,3.22,3.52,3.14,1508875.47
2023-08-07,3.1,3.04,3.1,3.0,730673.6
2023-08-08,3.02,3.19,3.25,2.97,997258.8
2023-08-09,3.13,3.1,3.22,3.09,739193.98
2023-08-10,3.1,3.05,3.12,3.02,481874.62
2023-08-11,3.04,3.16,3.28,3.04,787476.16
2023-08-14,3.1,3.2,3.26,3.07,697884.5
2023-08-15,3.35,3.26,3.48,3.21,1098646.81
2023-08-16,3.28,3.14,3.31,3.13,671951.4
2023-08-17,3.15,3.09,3.17,3.06,411004.51
2023-08-18,3.07,2.97,3.09,2.96,399696.7
2023-08-21,2.9,2.98,3.04,2.9,275909.0
2023-08-22,2.98,2.95,3.01,2.89,264562.0
2023-08-23,2.96,2.88,2.98,2.88,179451.0
2023-08-24,2.9,2.92,2.94,2.87,179451.54
2023-08-25,2.93,2.95,3.0,2.9,182791.0
2023-08-28,3.06,2.96,3.09,2.94,254241.24
2023-08-29,2.94,3.05,3.05,2.93,258347.89
2023-08-30,3.07,3.0,3.08,2.99,175252.0
2023-08-31,2.99,3.01,3.02,2.92,202640.0
2023-09-01,3.01,2.93,3.01,2.91,183076.0
2023-09-04,2.94,2.96,2.97,2.93,145840.65
2023-09-05,2.96,2.92,2.96,2.89,137077.54
2023-09-06,2.92,2.89,2.92,2.87,108333.23
2023-09-07,2.88,2.81,2.89,2.81,125436.0
2023-09-08,2.8,2.8,2.84,2.79,87332.0
2023-09-11,2.81,2.94,2.94,2.8,236099.26
2023-09-12,2.93,3.02,3.13,2.92,388309.7
2023-09-13,2.96,2.97,3.03,2.94,242866.33
2023-09-14,2.98,2.96,3.02,2.94,147955.33
2023-09-15,2.98,3.07,3.09,2.95,381761.0
2023-09-18,3.09,3.03,3.1,3.02,204060.0
2023-09-19,3.04,3.03,3.09,3.02,187159.37
2023-09-20,3.04,3.03,3.08,3.02,139331.0
2023-09-21,3.03,2.99,3.05,2.98,116564.0
2023-09-22,2.98,3.02,3.03,2.95,148713.41
2023-09-25,3.02,3.03,3.07,3.0,137218.75
2023-09-26,3.03,2.98,3.04,2.97,95218.93
2023-09-27,2.99,3.05,3.07,2.98,149714.87
2023-09-28,3.05,3.02,3.07,3.01,112121.0
2023-10-09,3.03,2.99,3.05,2.96,121950.3
2023-10-10,2.98,2.92,2.99,2.91,133479.86
2023-10-11,2.93,2.97,3.03,2.93,154030.11
2023-10-12,2.99,3.27,3.27,2.99,289781.62
2023-10-13,3.31,3.27,3.46,3.23,1421782.6
2023-10-16,3.2,3.21,3.3,3.18,729811.4
2023-10-17,3.22,3.18,3.38,3.15,602410.1
2023-10-18,3.24,3.12,3.25,3.09,407764.64
2023-10-19,3.11,2.97,3.12,2.96,408750.48
2023-10-20,2.93,2.85,2.94,2.85,342064.97
2023-10-23,2.85,2.81,2.87,2.77,246477.5
2023-10-24,2.79,2.87,2.87,2.78,172283.0
2023-10-25,2.87,2.88,2.93,2.86,169436.93
2023-10-26,2.87,2.9,2.91,2.8,153902.0
2023-10-27,2.89,2.99,3.0,2.84,226610.0
2023-10-30,2.99,3.16,3.18,2.97,426800.0
2023-10-31,3.16,3.27,3.28,3.11,496522.23
2023-11-01,3.26,3.29,3.32,3.21,449100.31
2023-11-02,3.27,3.31,3.37,3.27,393332.4
2023-11-03,3.31,3.22,3.34,3.2,346102.54
2023-11-06,3.24,3.19,3.29,3.18,262923.64
2023-11-07,3.19,3.2,3.25,3.17,212821.0
2023-11-08,3.2,3.27,3.35,3.2,301210.8
2023-11-09,3.26,3.25,3.38,3.23,286519.21
2023-11-10,3.21,3.26,3.31,3.21,197939.0
2023-11-13,3.25,3.59,3.59,3.25,474480.4
2023-11-14,3.72,3.5,3.81,3.45,1257843.45
2023-11-15,3.54,3.85,3.85,3.46,980551.61
2023-11-16,3.77,3.64,3.99,3.55,1802823.0
2023-11-17,3.56,3.6,3.67,3.45,1204391.54
2023-11-20,3.52,3.58,3.66,3.5,849983.24
2023-11-21,3.56,3.63,3.81,3.52,1057560.72
2023-11-22,3.6,3.53,3.68,3.52,722095.11
2023-11-23,3.54,3.61,3.66,3.53,729548.28
2023-11-24,3.62,3.64,3.7,3.57,599156.38
2023-11-27,3.64,3.54,3.64,3.51,508415.3
2023-11-28,3.48,3.56,3.59,3.44,433258.28
2023-11-29,3.58,3.53,3.58,3.5,283421.0
2023-11-30,3.52,3.54,3.55,3.49,236648.33
2023-12-01,3.56,3.51,3.58,3.5,251592.0
2023-12-04,3.52,3.53,3.57,3.48,272845.1
2023-12-05,3.51,3.5,3.62,3.47,397926.0
2023-12-06,3.48,3.61,3.73,3.46,603310.0
2023-12-07,3.61,3.5,3.65,3.49,456747.0
2023-12-08,3.49,3.4,3.52,3.39,420541.01
2023-12-11,3.43,3.39,3.44,3.37,189546.3
2023-12-12,3.39,3.41,3.46,3.39,160725.0
2023-12-13,3.4,3.45,3.52,3.39,229649.0
2023-12-14,3.48,3.44,3.53,3.43,169913.0
2023-12-15,3.44,3.39,3.45,3.37,160953.0
2023-12-18,3.37,3.35,3.43,3.33,177975.0
2023-12-19,3.35,3.3,3.37,3.27,233435.0
2023-12-20,3.31,3.29,3.35,3.28,130444.0
2023-12-21,3.29,3.28,3.32,3.22,171522.2
2023-12-22,3.29,3.24,3.32,3.22,132396.42
2023-12-25,3.22,3.21,3.26,3.19,120818.22
2023-12-26,3.22,3.16,3.24,3.16,118935.0
2023-12-27,3.18,3.2,3.21,3.15,123083.0
2023-12-28,3.2,3.21,3.23,3.15,133838.0
2023-12-29,3.2,3.24,3.26,3.17,130723.0
2024-01-02,3.25,3.29,3.3,3.23,119594.0
2024-01-03,3.28,3.27,3.34,3.25,111396.0
2024-01-04,3.28,3.28,3.31,3.25,106921.0
2024-01-05,3.29,3.22,3.29,3.21,110558.77
2024-01-08,3.24,3.16,3.24,3.16,81299.77
2024-01-09,3.16,3.18,3.23,3.14,94796.77
2024-01-10,3.19,3.19,3.24,3.13,115133.77
2024-01-11,3.19,3.21,3.22,3.15,113255.7
2024-01-12,3.23,3.16,3.23,3.15,118632.0
2024-01-15,3.14,3.18,3.22,3.12,110067.0
2024-01-16,3.18,3.14,3.19,3.08,104750.0
2024-01-17,3.14,3.06,3.18,3.05,89141.0
2024-01-18,3.05,3.03,3.05,2.93,189329.07
2024-01-19,3.03,2.97,3.07,2.96,111145.0
2024-01-22,2.98,2.73,3.0,2.7,211316.0
2024-01-23,2.75,2.8,2.98,2.75,305283.7
2024-01-24,2.82,2.83,2.89,2.71,290423.34
2024-01-25,2.82,2.89,2.9,2.8,231819.2
2024-01-26,2.9,2.96,3.02,2.88,223092.92
2024-01-29,2.98,2.85,3.02,2.84,204582.0
2024-01-30,2.57,2.57,2.57,2.57,98238.0
2024-01-31,2.31,2.31,2.31,2.31,42324.0
2024-02-01,2.08,2.08,2.08,2.08,77810.0
2024-02-02,1.87,1.87,1.9,1.87,659024.2
2024-02-05,1.75,1.68,1.75,1.68,103843.0
2024-02-06,1.51,1.54,1.61,1.51,714093.76
2024-02-07,1.54,1.39,1.55,1.39,693326.2
2024-02-08,1.26,1.38,1.45,1.25,946237.59
2024-02-19,1.38,1.52,1.52,1.36,694029.29
2024-02-20,1.57,1.67,1.67,1.52,346213.89
2024-02-21,1.83,1.84,1.84,1.7,663652.31
2024-02-22,1.86,2.02,2.02,1.85,609359.78
2024-02-23,2.22,2.22,2.22,2.05,551315.78
2024-02-26,2.44,2.44,2.44,2.29,308138.8
2024-02-27,2.56,2.35,2.68,2.2,1637898.61
2024-02-28,2.21,2.12,2.36,2.12,1197116.55
2024-02-29,1.98,2.14,2.2,1.91,848728.56
2024-03-01,2.1,2.07,2.15,2.03,550769.52
2024-03-04,2.07,2.28,2.28,2.03,750443.17
2024-03-05,2.35,2.44,2.49,2.3,1369392.62
2024-03-06,2.34,2.37,2.4,2.29,696294.18
2024-03-07,2.35,2.48,2.6,2.3,963245.17
2024-03-08,2.41,2.45,2.6,2.41,751010.16
2024-03-11,2.39,2.37,2.44,2.29,626005.4
2024-03-12,2.4,2.42,2.54,2.39,597313.21
2024-03-13,2.36,2.35,2.4,2.33,457232.83
2024-03-14,2.44,2.37,2.5,2.32,618437.22
2024-03-15,2.3,2.34,2.36,2.26,389551.17
2024-03-18,2.42,2.42,2.44,2.33,602202.83
2024-03-19,2.42,2.66,2.66,2.4,732572.55
2024-03-20,2.73,2.79,2.92,2.55,1493644.5
2024-03-21,2.7,2.68,2.74,2.65,844106.02
2024-03-22,2.64,2.55,2.67,2.52,615609.0
2024-03-25,2.55,2.44,2.6,2.44,474990.04
2024-03-26,2.4,2.47,2.48,2.35,437691.62
2024-03-27,2.47,2.56,2.59,2.42,625011.51
2024-03-28,2.49,2.57,2.61,2.41,466098.49
2024-03-29,2.54,2.52,2.6,2.5,292058.2
2024-04-01,2.27,2.27,2.27,2.27,313412.0
2024-04-02,2.11,2.37,2.5,2.11,910358.08
2024-04-03,2.25,2.17,2.28,2.14,824468.2
2024-04-08,2.14,2.04,2.14,2.0,436310.45
2024-04-09,2.04,2.06,2.1,2.0,235846.68
2024-04-10,2.06,2.09,2.2,2.04,359799.81
2024-04-11,2.06,2.04,2.07,2.02,258845.52
2024-04-12,2.0,1.95,2.06,1.94,322780.1
2024-04-15,1.96,1.79,2.0,1.76,425525.32
2024-04-16,1.78,1.61,1.79,1.61,354256.1
2024-04-17,1.59,1.72,1.76,1.56,340517.69
2024-04-18,1.76,1.69,1.76,1.68,219141.0
2024-04-19,1.7,1.67,1.72,1.65,167845.28
2024-04-22,1.68,1.63,1.7,1.63,151616.0
2024-04-23,1.48,1.59,1.62,1.48,293614.99
2024-04-24,1.59,1.57,1.62,1.55,221926.29
2024-04-25,1.57,1.66,1.7,1.55,349110.3
2024-04-26,1.6,1.6,1.64,1.58,335774.83
2024-04-29,1.6,1.69,1.69,1.55,420456.13
2024-05-06,1.61,1.61,1.61,1.61,141602.0
2024-05-07,1.65,1.64,1.69,1.53,1190915.82
2024-05-08,1.61,1.68,1.7,1.6,671130.84
2024-05-09,1.67,1.67,1.74,1.62,417198.2
2024-05-10,1.65,1.59,1.67,1.59,261228.0
2024-05-13,1.51,1.56,1.63,1.51,506877.0
2024-05-14,1.64,1.64,1.64,1.62,237604.0
2024-05-15,1.72,1.72,1.72,1.64,612572.25
2024-05-16,1.73,1.78,1.81,1.68,524600.13
2024-05-17,1.8,1.87,1.87,1.73,526002.48
2024-05-20,1.9,1.8,1.96,1.79,616524.3
2024-05-21,1.82,1.89,1.89,1.74,488874.39
2024-05-22,1.98,1.98,1.98,1.98,51285.7
2024-05-23,2.07,2.04,2.08,1.98,664494.77
2024-05-24,2.01,1.96,2.08,1.95,457923.85
2024-05-27,1.93,1.88,1.99,1.86,372558.85
2024-05-28,1.91,1.91,1.96,1.85,397611.15
2024-05-29,1.86,1.81,1.88,1.81,263907.0
2024-05-30,1.74,1.89,1.9,1.72,427056.45
2024-05-31,1.8,1.8,1.8,1.8,30262.0
2024-06-03,1.71,1.71,1.71,1.71,19224.0
2024-06-04,1.62,1.62,1.62,1.62,13088.0
2024-06-05,1.54,1.54,1.54,1.54,33761.0
2024-06-06,1.46,1.46,1.46,1.46,12776.0
2024-06-07,1.39,1.39,1.39,1.39,30288.0
2024-06-11,1.32,1.32,1.32,1.32,8112.0
2024-06-12,1.25,1.25,1.25,1.25,20038.0
2024-06-13,1.19,1.19,1.19,1.19,18812.0
2024-06-14,1.13,1.25,1.25,1.13,1108649.71
2024-06-17,1.19,1.19,1.2,1.19,350123.0
2024-06-18,1.13,1.19,1.23,1.13,865655.0
2024-06-19,1.16,1.14,1.21,1.13,646168.73
2024-06-20,1.11,1.08,1.12,1.08,156633.0
2024-06-21,1.03,1.03,1.03,1.03,21551.0
2024-06-24,0.98,0.98,0.98,0.98,180295.0
2024-06-25,0.93,0.93,0.93,0.93,23374.0
2024-06-26,0.88,0.88,0.88,0.88,15660.0
2024-06-27,0.84,0.84,0.91,0.84,925435.96
2024-06-28,0.8,0.8,0.82,0.8,258472.0
2024-07-01,0.76,0.76,0.76,0.76,40416.0
2024-07-02,0.72,0.72,0.72,0.72,19801.0
2024-07-03,0.76,0.76,0.76,0.76,66698.48
2024-07-04,0.8,0.8,0.8,0.8,10451.93
2024-07-05,0.84,0.84,0.84,0.84,7012.4
2024-07-08,0.88,0.88,0.88,0.88,16808.61
2024-07-09,0.92,0.92,0.92,0.92,17230.64
2024-07-10,0.97,0.97,0.97,0.97,25240.92
2024-07-11,1.02,1.02,1.02,1.02,21060.07
2024-07-12,1.07,1.07,1.07,1.07,17387.82
2024-07-15,1.12,1.12,1.12,1.12,9409.32
2024-07-16,1.18,1.18,1.18,1.18,13671.0
2024-07-17,1.24,1.24,1.24,1.24,40645.42
2024-07-18,1.3,1.3,1.3,1.3,115083.96
2024-07-19,1.37,1.37,1.37,1.37,17303.2
2024-07-22,1.44,1.44,1.44,1.44,9659.1
2024-07-23,1.51,1.51,1.51,1.51,19374.4
2024-07-24,1.59,1.59,1.59,1.59,16650.1
2024-07-25,1.67,1.67,1.67,1.67,26805.0
2024-07-26,1.75,1.73,1.75,1.59,1540868.82
2024-07-29,1.82,1.82,1.82,1.78,510979.27
2024-07-30,1.91,1.91,1.91,1.91,23435.88
2024-07-31,2.01,2.01,2.01,1.92,725051.01
2024-08-01,2.08,2.11,2.11,2.05,132015.39
2024-08-02,2.22,2.22,2.22,2.22,12609.41
2024-08-05,2.33,2.33,2.33,2.33,237675.09
2024-08-06,2.44,2.45,2.45,2.38,377382.09
2024-08-07,2.57,2.57,2.57,2.57,14923.0
2024-08-08,2.7,2.7,2.7,2.7,15075.16
2024-08-09,2.84,2.57,2.84,2.57,1235888.42
2024-08-12,2.44,2.44,2.44,2.44,177962.0
2024-08-13,2.32,2.32,2.32,2.32,43735.0
2024-08-14,2.2,2.44,2.44,2.2,634556.94
2024-08-15,2.56,2.56,2.56,2.45,1010700.67
2024-08-16,2.69,2.69,2.69,2.43,875877.68
2024-08-19,2.67,2.82,2.82,2.62,542616.15
2024-08-20,2.96,2.96,2.96,2.86,412109.9
2024-08-21,3.1,3.11,3.11,3.02,385207.38
2024-08-22,3.27,3.27,3.27,3.27,37070.6
2024-08-23,3.43,3.43,3.43,3.34,763620.71
2024-08-26,3.57,3.6,3.6,3.53,197865.8
2024-08-27,3.78,3.78,3.78,3.78,19412.9
2024-08-28,3.97,3.97,3.97,3.59,575084.04
2024-08-29,4.17,4.17,4.17,4.03,281828.2
2024-08-30,4.38,4.38,4.38,4.38,32579.81
2024-09-02,4.6,4.6,4.6,4.6,75926.9
2024-09-03,4.83,4.83,4.83,4.83,21977.14
2024-09-04,5.07,4.59,5.07,4.59,1220553.88
2024-09-05,4.36,4.36,4.36,4.36,158140.0
2024-09-06,4.58,4.58,4.58,4.58,255303.01
2024-09-09,4.81,4.81,4.81,4.35,1365448.2
2024-09-10,4.98,4.57,4.98,4.57,858366.24
2024-09-11,4.34,4.34,4.41,4.34,330161.0
2024-09-12,4.18,4.56,4.56,4.14,777576.77
2024-09-13,4.74,4.79,4.79,4.51,1066619.21
2024-09-18,4.55,4.55,4.55,4.55,235920.0
2024-09-19,4.32,4.37,4.64,4.32,978416.79
2024-09-20,4.49,4.15,4.55,4.15,646916.21
2024-09-23,3.94,3.94,3.96,3.94,111994.9
2024-09-24,3.74,3.96,4.14,3.74,879056.47
2024-09-25,3.85,3.76,3.93,3.76,852027.61
2024-09-26,3.63,3.57,3.8,3.57,784843.44
2024-09-27,3.69,3.59,3.75,3.52,799427.71
2024-09-30,3.41,3.41,3.58,3.41,1172529.92
2024-10-08,3.24,3.24,3.42,3.24,971878.4
2024-10-09,3.28,3.4,3.4,3.25,810320.8
2024-10-10,3.57,3.57,3.57,3.57,67857.86
2024-10-11,3.75,3.75,3.75,3.75,37836.83
2024-10-14,3.94,3.94,3.94,3.94,18425.5
2024-10-15,4.14,4.14,4.14,3.78,1372545.32
2024-10-16,4.14,4.2,4.35,3.98,1190657.51
2024-10-17,4.05,3.99,4.17,3.99,782813.97
2024-10-18,3.81,3.92,4.06,3.79,820228.68
2024-10-21,4.09,4.12,4.12,4.02,599207.07
2024-10-22,4.12,4.33,4.33,3.95,788273.51
2024-10-23,4.21,4.55,4.55,4.2,688300.25
2024-10-24,4.55,4.78,4.78,4.52,313348.35
2024-10-25,4.91,4.92,5.02,4.62,757298.21
2024-10-28,4.71,4.74,4.96,4.71,622192.02
2024-10-29,4.62,4.5,4.67,4.5,514173.3
2024-10-30,4.33,4.73,4.73,4.32,532819.88
2024-10-31,4.9,4.97,4.97,4.78,509361.42
2024-11-01,5.02,5.22,5.22,4.72,748158.85
2024-11-04,4.96,5.04,5.48,4.96,760161.9
2024-11-05,5.04,5.11,5.24,4.93,472358.09
2024-11-06,5.03,4.98,5.13,4.94,375141.42
2024-11-07,4.86,4.73,4.89,4.73,572332.19
2024-11-08,4.68,4.81,4.96,4.68,477947.18
2024-11-11,4.98,5.05,5.05,4.81,502928.83
2024-11-12,5.21,5.3,5.3,5.12,361138.26
2024-11-13,5.41,5.57,5.57,5.35,151191.89
2024-11-14,5.85,5.85,5.85,5.85,32207.3
2024-11-15,5.85,6.14,6.14,5.61,723971.33
2024-11-21,5.91,5.83,6.36,5.83,750012.6
2024-11-22,5.74,5.54,5.85,5.54,232496.0
2024-11-25,5.26,5.26,5.26,5.26,31464.0
2024-11-26,5.13,5.31,5.52,5.13,683234.54
2024-11-27,5.1,5.04,5.14,5.04,218766.0
2024-11-28,5.01,4.79,5.13,4.79,618421.07
2024-11-29,4.57,4.55,4.73,4.55,527729.83
2024-12-02,4.37,4.78,4.78,4.32,624397.52
2024-12-03,4.8,5.02,5.02,4.62,573523.65
2024-12-04,5.04,5.27,5.27,5.0,477548.76
2024-12-05,5.42,5.27,5.52,5.11,536109.55
2024-12-06,5.1,5.06,5.31,5.02,409341.18
2024-12-09,4.9,4.81,5.03,4.81,336764.58
2024-12-10,4.82,5.05,5.05,4.68,514460.82
2024-12-11,5.05,5.05,5.19,4.92,473435.4
2024-12-12,4.96,4.81,4.99,4.8,359022.9
2024-12-13,4.78,4.76,4.92,4.68,248028.66
2024-12-16,4.66,4.53,4.74,4.52,345292.26
2024-12-17,4.48,4.64,4.75,4.46,349562.5
2024-12-18,4.57,4.41,4.58,4.41,310991.0
2024-12-19,4.19,4.2,4.46,4.19,374778.86
2024-12-20,4.25,4.36,4.4,4.17,352440.95
2024-12-23,4.2,4.14,4.2,4.14,219677.2
2024-12-24,3.98,4.35,4.35,3.93,537372.74
2024-12-25,4.57,4.57,4.57,4.57,38662.39
2024-12-26,4.8,4.8,4.8,4.71,278886.5
2024-12-27,4.88,4.9,5.03,4.69,703154.03
2024-12-30,4.75,4.66,4.88,4.66,427487.55
2024-12-31,4.85,4.89,4.89,4.81,315200.23
2025-01-02,5.0,4.65,5.0,4.65,474787.61
2025-01-03,4.58,4.65,4.87,4.46,418440.2
2025-01-06,4.54,4.56,4.76,4.42,416524.56
2025-01-07,4.58,4.5,4.66,4.44,235764.32
2025-01-08,4.46,4.51,4.57,4.39,205534.96
2025-01-09,4.48,4.74,4.74,4.44,355885.6
2025-01-10,4.65,4.64,4.79,4.64,264093.3
2025-01-13,4.5,4.41,4.55,4.41,223892.0
2025-01-14,4.44,4.51,4.58,4.42,207752.0
2025-01-15,4.46,4.52,4.64,4.44,241642.4
2025-01-16,4.55,4.75,4.75,4.51,299354.51
2025-01-17,4.74,4.63,4.78,4.55,311296.5
2025-01-20,4.59,4.62,4.72,4.55,165259.91
2025-01-21,4.65,4.57,4.67,4.54,152942.2
2025-01-22,4.66,4.56,4.72,4.55,215012.22
2025-01-23,4.53,4.35,4.56,4.34,260569.12
2025-01-24,4.4,4.28,4.41,4.28,160833.0
2025-01-27,4.26,4.21,4.37,4.21,127984.3
2025-02-05,4.2,4.33,4.38,4.05,253088.74
2025-02-06,4.29,4.29,4.36,4.23,164228.28
2025-02-07,4.27,4.3,4.36,4.24,184377.08
2025-02-10,4.23,4.23,4.28,4.21,158077.0
2025-02-11,4.29,4.44,4.44,4.25,243567.97
2025-02-12,4.43,4.34,4.43,4.32,226888.56
2025-02-13,4.28,4.26,4.32,4.21,184073.46
2025-02-14,4.28,4.28,4.37,4.21,182461.67
2025-02-17,4.35,4.26,4.35,4.24,151875.76
2025-02-18,4.25,4.2,4.27,4.17,136521.0
2025-02-19,4.2,4.22,4.35,4.12,185197.55
2025-02-20,4.21,4.21,4.28,4.15,136954.21
2025-02-21,4.18,4.16,4.21,4.14,175511.1
2025-02-24,4.11,4.06,4.11,4.05,173768.1
2025-02-25,4.03,4.18,4.26,3.99,271067.94
2025-02-26,4.11,4.11,4.17,4.1,163958.36
2025-02-27,4.12,4.12,4.23,4.06,205991.9
2025-02-28,4.13,4.14,4.28,4.09,204453.37
2025-03-03,4.16,4.08,4.16,4.08,145196.56
2025-03-04,4.05,4.09,4.09,4.03,89856.0
2025-03-05,4.07,4.06,4.1,4.04,111698.43
2025-03-06,4.05,4.07,4.13,4.03,126420.74
2025-03-07,4.05,4.05,4.09,4.04,94083.81
2025-03-10,4.04,4.01,4.07,4.0,128457.25
2025-03-11,3.97,4.03,4.05,3.96,132518.98
2025-03-12,4.03,4.1,4.12,4.0,171263.8
2025-03-13,4.06,4.0,4.07,3.99,152871.3
2025-03-14,3.98,4.01,4.02,3.98,112999.07
2025-03-17,4.0,4.21,4.21,3.99,345528.32
2025-03-18,4.2,4.42,4.42,4.11,344906.68
2025-03-19,4.48,4.64,4.64,4.4,225041.05
2025-03-20,4.87,4.61,4.87,4.59,557346.61
2025-03-21,4.53,4.84,4.84,4.53,544335.08
2025-03-24,4.76,4.6,4.84,4.6,417182.68
2025-03-25,4.47,4.38,4.6,4.37,254754.07
2025-03-26,4.39,4.6,4.6,4.39,254434.71
2025-03-27,4.6,4.59,4.7,4.54,231166.53
2025-03-28,4.53,4.43,4.6,4.42,188344.62
2025-03-31,4.41,4.47,4.58,4.41,155493.7
2025-04-01,4.5,4.47,4.53,4.42,136907.3
2025-04-02,4.5,4.48,4.57,4.46,99232.7
2025-04-03,4.44,4.26,4.52,4.26,262039.0
2025-04-07,4.05,4.05,4.05,4.05,40099.0
2025-04-08,3.85,3.85,4.04,3.85,267453.0
2025-04-09,4.04,4.04,4.04,4.04,25393.6
2025-04-10,4.24,4.24,4.24,4.24,5534.0
2025-04-11,4.45,4.45,4.45,4.45,50370.8
2025-04-14,4.67,4.67,4.67,4.51,344106.13
2025-04-15,4.66,4.56,4.83,4.46,340742.63
2025-04-16,4.63,4.79,4.79,4.56,239775.52
2025-04-17,4.87,4.86,5.03,4.76,486034.14
2025-04-18,4.78,5.1,5.1,4.73,391643.37
2025-04-21,5.06,5.34,5.36,5.06,399952.09
2025-04-22,5.34,5.08,5.37,5.07,377141.6
2025-04-23,5.19,5.33,5.33,5.16,283232.19
2025-04-24,5.41,5.48,5.59,5.38,341297.31
2025-04-25,5.48,5.69,5.73,5.37,276812.3
2025-04-28,5.7,5.41,5.77,5.41,405761.97
2025-04-29,5.2,5.14,5.55,5.14,242377.29
2025-04-30,4.88,4.88,4.88,4.88,55158.0
2025-05-06,4.8,5.01,5.07,4.8,353768.35
2025-05-07,4.98,4.79,5.06,4.76,324251.95
2025-05-08,4.79,5.03,5.03,4.79,228803.75
2025-05-09,5.28,5.02,5.28,4.93,410076.2
2025-05-12,4.92,4.99,5.08,4.8,238618.7
2025-05-13,4.98,4.91,5.05,4.83,188609.71
2025-05-14,4.88,4.81,4.94,4.71,215990.7
2025-05-15,4.8,4.67,4.84,4.61,237279.65
2025-05-16,4.71,4.75,4.79,4.66,167811.0
2025-05-19,4.78,4.79,4.87,4.69,184266.58
2025-05-20,4.85,5.03,5.03,4.8,327705.6
2025-05-21,4.97,4.92,5.03,4.92,216782.0
2025-05-22,4.9,5.06,5.16,4.89,250563.9
2025-05-23,5.02,5.12,5.23,4.99,234333.95
2025-05-26,5.11,5.11,5.16,5.05,160265.1
2025-05-27,5.12,5.12,5.15,5.08,124314.0
2025-05-28,5.08,5.13,5.21,4.98,183396.7
2025-05-29,5.05,5.0,5.11,4.99,206211.0
2025-05-30,5.1,5.25,5.25,5.07,327316.51
2025-06-03,5.19,5.19,5.22,5.14,199188.3
2025-06-04,5.18,5.35,5.44,5.16,230648.67
2025-06-05,5.35,5.52,5.62,5.32,286503.94
2025-06-06,5.46,5.61,5.66,5.44,211197.4
2025-06-09,5.6,5.78,5.86,5.58,236534.96
2025-06-10,5.8,6.05,6.05,5.8,306052.59
2025-06-11,6.1,6.35,6.35,6.02,344210.86
2025-06-12,6.45,6.03,6.6,6.03,539023.59
2025-06-16,6.16,5.83,6.25,5.74,464450.1
2025-06-17,5.82,6.12,6.12,5.82,374745.07
2025-06-18,6.1,5.99,6.12,5.9,294666.59
2025-06-19,5.99,5.97,6.14,5.94,228275.9
2025-06-20,5.93,5.72,5.97,5.67,311664.93
2025-06-23,5.63,5.74,5.82,5.52,184569.33
2025-06-24,5.75,5.8,5.91,5.73,177693.83
2025-06-25,5.8,5.79,5.9,5.72,152714.1
2025-06-26,5.77,6.07,6.08,5.71,289274.74
2025-06-27,6.06,5.99,6.1,5.93,184489.04
2025-06-30,6.02,5.96,6.14,5.92,158836.5
2025-07-01,5.95,6.06,6.08,5.93,155034.95
2025-07-02,6.07,5.95,6.09,5.85,188215.0
2025-07-03,5.91,5.87,5.96,5.85,137989.01
2025-07-04,5.82,5.86,5.95,5.76,113525.04
2025-07-07,5.88,5.9,5.94,5.83,99618.5
2025-07-08,5.9,5.99,6.02,5.89,127567.0
2025-07-09,5.99,5.92,6.0,5.9,102338.7
2025-07-10,5.89,5.95,6.03,5.89,123398.0
2025-07-11,5.96,5.97,6.02,5.93,97725.0
2025-07-14,5.95,6.15,6.25,5.91,243925.4
2025-07-15,6.06,5.98,6.08,5.95,160488.47
2025-07-16,6.03,5.94,6.03,5.94,114385.81
2025-07-17,5.94,5.87,5.94,5.76,186898.96
2025-07-18,5.9,5.84,5.95,5.81,118621.1
2025-07-21,5.83,5.76,5.83,5.72,119258.4
2025-07-22,5.78,5.81,5.91,5.78,125039.1
2025-07-23,5.78,5.8,5.86,5.75,96870.34
2025-07-24,5.77,5.74,5.78,5.72,87521.56
2025-07-25,5.73,5.88,5.99,5.72,155184.7
2025-07-28,5.9,5.83,5.91,5.82,89731.66
2025-07-29,5.82,5.96,6.07,5.75,252774.57
2025-07-30,5.85,6.0,6.23,5.84,283934.4
2025-07-31,6.03,6.0,6.12,5.99,174178.76
2025-08-01,6.02,6.01,6.06,5.93,147272.41
2025-08-04,5.96,5.94,6.0,5.88,130452.1
2025-08-05,5.94,6.02,6.04,5.91,131143.15
2025-08-06,6.01,5.98,6.09,5.97,139276.2
2025-08-07,5.97,5.94,5.98,5.92,131431.0
2025-08-08,5.92,6.0,6.05,5.91,109120.94
2025-08-11,6.01,5.94,6.01,5.91,129154.0
2025-08-12,5.93,5.87,5.94,5.86,121178.39
2025-08-13,5.85,5.87,5.89,5.81,100337.77
2025-08-14,5.85,5.77,5.85,5.72,137373.13
2025-08-15,5.75,5.8,5.83,5.73,94522.3
2025-08-18,5.8,5.73,5.8,5.71,150009.49
2025-08-19,5.73,5.75,5.83,5.73,107756.9
2025-08-20,5.76,5.85,5.87,5.75,145974.09
2025-08-21,5.86,5.87,5.9,5.78,126678.0
2025-08-22,5.9,5.86,5.95,5.86,125178.97
