date,open,close,high,low,volume
2019-01-02,6.96,6.91,6.99,6.88,6433.19
2019-01-03,6.94,6.95,7.12,6.91,13139.6
2019-01-04,6.87,7.05,7.06,6.53,19624.6
2019-01-07,7.06,7.23,7.32,7.0,26263.2
2019-01-08,7.18,7.08,7.24,7.05,15855.9
2019-01-09,7.13,7.06,7.24,7.06,15594.2
2019-01-10,7.18,7.13,7.3,7.03,21884.31
2019-01-11,7.22,7.23,7.34,7.15,18879.81
2019-01-14,7.17,6.87,7.17,6.85,25223.6
2019-01-15,6.85,6.93,6.95,6.8,13052.31
2019-01-16,6.93,7.13,7.49,6.9,29484.22
2019-01-17,7.04,6.96,7.15,6.88,15631.8
2019-01-18,6.9,6.93,6.99,6.85,12625.91
2019-01-21,6.95,6.95,7.03,6.9,7688.3
2019-01-22,6.99,6.86,6.99,6.8,8564.42
2019-01-23,6.85,6.86,6.88,6.8,5206.92
2019-01-24,6.87,6.94,7.13,6.83,15619.7
2019-01-25,6.92,6.88,7.06,6.87,10863.62
2019-01-28,6.93,6.89,7.07,6.84,8215.2
2019-01-29,6.86,6.64,6.86,6.57,13382.4
2019-01-30,6.6,6.55,6.67,6.54,7745.97
2019-01-31,6.67,6.4,6.67,6.28,10318.49
2019-02-01,6.4,6.57,6.59,6.4,8853.5
2019-02-11,6.62,6.75,6.76,6.58,8715.7
2019-02-12,6.73,6.81,6.86,6.69,11518.7
2019-02-13,6.83,6.97,7.06,6.8,17897.73
2019-02-14,6.93,6.92,7.01,6.88,14955.2
2019-02-15,6.97,6.94,7.05,6.92,13372.4
2019-02-18,7.03,7.31,7.36,6.98,38728.1
2019-02-19,7.28,7.27,7.49,7.18,38548.93
2019-02-20,7.43,7.29,7.62,7.19,38508.69
2019-02-21,7.21,7.17,7.42,7.11,40850.97
2019-02-22,7.13,7.41,7.44,7.13,39339.67
2019-02-25,7.67,7.87,8.0,7.57,52300.67
2019-02-26,8.02,8.11,8.24,7.64,71762.0
2019-02-27,8.2,7.94,8.23,7.77,48571.1
2019-02-28,7.99,7.76,8.01,7.65,40340.83
2019-03-01,7.76,7.78,7.86,7.62,27716.81
2019-03-04,7.85,7.88,8.09,7.75,53146.38
2019-03-05,7.72,8.26,8.33,7.71,62533.18
2019-03-06,8.43,8.38,8.44,8.06,74910.31
2019-03-07,8.7,8.74,9.15,8.59,82724.32
2019-03-08,8.36,8.31,8.88,8.24,63398.1
2019-03-11,8.47,8.83,8.85,8.33,63469.55
2019-03-12,8.8,8.86,9.11,8.61,68298.33
2019-03-13,8.92,8.38,8.92,8.33,47972.31
2019-03-14,8.42,8.03,8.42,7.79,38803.81
2019-03-15,8.09,8.04,8.15,7.83,31751.71
2019-03-18,8.04,8.18,8.18,7.88,29951.61
2019-03-19,8.17,8.18,8.36,8.11,25772.9
2019-03-20,8.23,8.23,8.41,7.99,26998.24
2019-03-21,8.21,8.38,8.43,8.18,35552.7
2019-03-22,8.3,8.25,8.43,8.08,27172.94
2019-03-25,8.03,8.19,8.38,7.99,21442.81
2019-03-26,8.2,9.01,9.01,8.18,51372.4
2019-03-27,9.03,9.39,9.9,8.62,164858.99
2019-03-28,9.09,10.33,10.33,8.99,151408.08
2019-03-29,10.48,10.17,11.02,9.94,183726.71
2019-04-01,11.09,11.19,11.19,10.64,157538.4
2019-04-02,11.04,11.29,12.29,10.8,210384.14
2019-04-03,10.79,10.84,11.22,10.5,131694.5
2019-04-04,10.77,10.29,10.98,10.21,100102.26
2019-04-08,10.29,10.51,10.52,10.14,76540.81
2019-04-09,10.44,10.31,10.61,10.24,57706.29
2019-04-10,10.29,9.75,10.29,9.73,63540.01
2019-04-11,9.84,9.72,10.03,9.6,45799.79
2019-04-12,9.81,10.44,10.59,9.71,83169.39
2019-04-15,10.44,10.17,10.64,10.14,69427.6
2019-04-16,10.1,10.19,10.21,9.61,57057.98
2019-04-17,10.08,9.96,10.14,9.86,40727.4
2019-04-18,9.96,10.39,10.42,9.86,63533.93
2019-04-19,10.36,10.27,10.37,10.09,40550.18
2019-04-22,10.29,9.72,10.3,9.66,45120.5
2019-04-23,9.73,9.44,9.82,9.34,31357.05
2019-04-24,9.44,9.54,9.68,9.29,28301.46
2019-04-25,9.54,8.99,9.66,8.92,36286.65
2019-04-26,9.03,9.1,9.28,9.02,27093.58
2019-04-29,9.07,8.57,9.18,8.35,37496.3
2019-04-30,8.62,8.91,9.06,8.62,30184.4
2019-05-06,8.77,8.11,8.78,8.03,37622.2
2019-05-07,8.43,8.92,8.92,8.42,11991.25
2019-05-08,9.11,9.24,9.78,9.04,85094.05
2019-05-09,9.05,9.94,10.16,9.04,208494.1
2019-05-10,9.66,10.31,10.46,9.39,215824.95
2019-05-13,10.93,11.34,11.34,10.93,80488.3
2019-05-14,12.47,12.47,12.47,12.47,44763.88
2019-05-15,13.72,13.72,13.72,13.72,44463.54
2019-05-16,13.72,12.44,13.97,12.34,393804.85
2019-05-17,12.27,11.19,12.56,11.19,274590.28
2019-05-20,11.08,10.81,11.2,10.39,183676.11
2019-05-21,10.65,10.87,11.23,10.46,178490.96
2019-05-22,10.72,10.65,10.83,10.31,132408.05
2019-05-23,10.57,9.58,10.57,9.58,144427.71
2019-05-24,9.69,9.52,9.91,9.45,98040.29
2019-05-27,9.84,10.0,10.19,9.78,122926.5
2019-05-28,9.91,9.91,10.26,9.81,116743.96
2019-05-29,9.63,10.06,10.13,9.63,103055.99
2019-05-30,9.92,9.46,10.02,9.12,126116.54
2019-05-31,9.58,9.6,10.1,9.56,96930.85
2019-06-03,9.63,9.36,9.96,9.32,73643.5
2019-06-04,9.38,10.3,10.3,9.35,145221.66
2019-06-05,10.56,10.46,11.01,10.13,253659.56
2019-06-06,10.46,10.08,10.89,9.96,148257.13
2019-06-10,9.89,9.76,9.97,9.39,123340.83
2019-06-11,9.84,10.12,10.16,9.49,132841.58
2019-06-12,9.94,9.93,10.14,9.85,107077.28
2019-06-13,10.09,10.15,10.31,9.97,110736.88
2019-06-14,10.09,10.31,10.86,10.09,162433.25
2019-06-17,10.46,11.35,11.35,10.33,125353.68
2019-06-18,11.35,11.72,12.34,11.08,314965.91
2019-06-19,12.08,11.31,12.35,11.25,256601.55
2019-06-20,11.03,10.85,11.07,10.54,191564.35
2019-06-21,11.02,11.94,11.94,10.9,229993.81
2019-06-24,13.13,13.13,13.13,12.31,396294.29
2019-06-25,12.53,11.91,12.83,11.82,314919.55
2019-06-26,11.69,12.33,13.11,11.51,310488.24
2019-06-27,12.43,12.0,12.93,11.79,256239.99
2019-06-28,10.95,10.87,11.31,10.8,185486.79
2019-07-01,11.06,11.32,11.4,11.02,140314.39
2019-07-02,11.3,11.06,11.36,10.95,111230.35
2019-07-03,11.21,11.26,11.65,11.07,141832.3
2019-07-04,10.97,10.9,11.38,10.82,99633.38
2019-07-05,10.89,10.94,11.07,10.8,62774.93
2019-07-08,10.93,10.16,10.93,9.88,100958.73
2019-07-09,10.24,10.43,10.57,10.07,79276.04
2019-07-10,10.46,10.66,10.95,10.27,98025.55
2019-07-11,10.56,10.38,10.77,10.29,81284.45
2019-07-12,10.27,10.19,10.53,10.16,53056.96
2019-07-15,10.12,10.39,10.48,9.72,73850.89
2019-07-16,10.43,10.27,10.43,10.16,47281.13
2019-07-17,10.25,10.13,10.34,10.09,47897.08
2019-07-18,10.22,10.53,10.9,10.09,94462.48
2019-07-19,10.33,10.42,10.62,10.28,76654.85
2019-07-22,10.31,9.77,10.48,9.55,55708.2
2019-07-23,9.82,10.04,10.19,9.68,46700.15
2019-07-24,10.03,10.13,10.35,9.97,49934.13
2019-07-25,10.13,10.41,10.53,10.06,68676.05
2019-07-26,10.39,10.09,10.39,10.01,56167.85
2019-07-29,10.06,10.23,10.3,10.03,39171.52
2019-07-30,10.18,10.21,10.37,10.12,39292.62
2019-07-31,10.13,9.99,10.16,9.98,32080.65
2019-08-01,9.9,10.03,10.22,9.84,34378.15
2019-08-02,9.74,9.78,9.86,9.6,42286.9
2019-08-05,10.16,10.76,10.76,10.16,181421.54
2019-08-06,10.54,11.17,11.7,10.28,255164.05
2019-08-07,10.82,10.72,11.12,10.58,147172.65
2019-08-08,10.84,10.99,11.08,10.59,119166.35
2019-08-09,10.93,11.29,11.6,10.78,192201.4
2019-08-12,11.25,11.42,11.57,11.1,169246.91
2019-08-13,10.82,11.11,11.17,10.82,119345.41
2019-08-14,11.21,10.93,11.32,10.87,96972.0
2019-08-15,10.28,10.66,10.8,10.18,90207.87
2019-08-16,10.74,10.76,10.82,10.59,79566.45
2019-08-19,10.95,11.11,11.24,10.69,111370.34
2019-08-20,11.33,11.11,11.78,11.09,150855.64
2019-08-21,11.33,11.54,11.93,11.17,176193.58
2019-08-22,11.35,11.36,11.45,11.2,95006.34
2019-08-23,11.55,10.96,11.73,10.89,132404.52
2019-08-26,10.43,10.6,10.72,10.37,74379.52
2019-08-27,10.65,10.76,10.9,10.61,68016.52
2019-08-28,10.7,11.11,11.19,10.65,98015.05
2019-08-29,10.99,11.3,11.44,10.79,124790.16
2019-08-30,11.38,11.15,11.48,10.74,108823.16
2019-09-02,11.15,11.9,12.27,11.08,284487.72
2019-09-03,11.76,12.09,12.12,11.63,224520.12
2019-09-04,11.93,11.79,12.07,11.55,149472.75
2019-09-05,11.86,12.97,12.97,11.78,273279.15
2019-09-06,12.53,12.54,12.83,12.5,218488.02
2019-09-09,12.6,12.81,13.21,12.45,170692.42
2019-09-10,12.87,13.18,13.52,12.32,220848.69
2019-09-11,13.31,12.5,13.31,12.5,133490.88
2019-09-12,12.68,12.5,12.68,12.37,86989.44
2019-09-16,12.5,13.03,13.65,12.47,231222.82
2019-09-17,12.81,12.65,12.84,12.02,166815.22
2019-09-18,12.53,12.12,12.53,12.1,107724.94
2019-09-19,12.19,12.28,12.31,11.79,95610.95
2019-09-20,12.1,12.37,12.56,12.08,104468.58
2019-09-23,12.36,12.28,12.48,11.79,67729.59
2019-09-24,12.27,12.68,12.8,12.08,153180.75
2019-09-25,12.5,12.87,12.92,12.41,171445.79
2019-09-26,12.8,11.58,12.8,11.58,134992.2
2019-09-27,11.17,11.35,11.73,11.1,69728.53
2019-09-30,11.54,11.42,11.83,11.4,52915.1
2019-10-08,11.45,11.38,11.8,11.34,49435.1
2019-10-09,11.43,11.79,11.81,11.27,69314.2
2019-10-10,11.79,12.23,12.28,11.66,104124.01
2019-10-11,12.45,12.28,12.67,12.16,107573.69
2019-10-14,12.45,12.5,12.7,12.21,102858.4
2019-10-15,12.29,11.95,12.31,11.82,88742.7
2019-10-16,11.8,11.82,12.19,11.74,50659.75
2019-10-17,11.78,12.16,12.44,11.71,98417.96
2019-10-18,12.21,12.08,12.62,11.91,83714.89
2019-10-21,12.32,12.76,13.14,11.88,191885.46
2019-10-22,12.55,13.33,13.61,12.46,237818.26
2019-10-23,13.2,13.19,13.32,12.9,139956.63
2019-10-24,13.14,12.99,13.17,12.56,123133.52
2019-10-25,13.02,13.33,13.46,12.56,159831.0
2019-10-28,14.66,14.66,14.66,14.66,16040.35
2019-10-29,16.13,15.03,16.13,14.81,194929.76
2019-10-30,15.01,14.01,15.46,13.82,304544.86
2019-10-31,13.52,12.74,13.8,12.61,230964.94
2019-11-01,12.68,12.77,12.99,12.53,127608.77
2019-11-04,12.96,12.71,13.31,12.68,141990.34
2019-11-05,12.76,12.86,12.89,12.46,107027.54
2019-11-06,12.78,12.39,12.87,12.17,112261.8
2019-11-07,12.52,13.63,13.63,12.51,292107.29
2019-11-08,13.41,13.06,13.56,13.03,263667.57
2019-11-11,13.04,13.4,13.48,12.72,181220.04
2019-11-12,13.3,13.95,14.07,13.12,222183.7
2019-11-13,13.7,13.82,13.95,13.24,154647.2
2019-11-14,13.67,13.59,13.95,13.47,122662.57
2019-11-15,13.42,12.93,13.82,12.9,134640.1
2019-11-18,12.74,13.13,13.28,12.62,91947.08
2019-11-19,13.18,13.24,13.33,12.95,91609.91
2019-11-20,13.3,13.02,13.55,12.97,93834.75
2019-11-21,12.83,13.01,13.19,12.65,65561.1
2019-11-22,13.11,12.6,13.2,12.46,89383.35
2019-11-25,12.51,11.56,12.65,11.49,97805.33
2019-11-26,11.65,11.55,11.82,11.44,49098.3
2019-11-27,11.53,11.49,11.67,11.41,43315.0
2019-11-28,11.52,11.43,11.64,11.23,55954.15
2019-11-29,11.46,11.33,11.53,11.25,36704.15
2019-12-02,11.43,11.2,11.44,11.17,41109.75
2019-12-03,11.2,11.33,11.33,11.13,39055.26
2019-12-04,10.95,10.95,11.0,10.59,75721.41
2019-12-05,10.95,11.1,11.19,10.89,48562.55
2019-12-06,11.1,11.22,11.27,10.96,42892.5
2019-12-09,11.2,11.45,11.58,11.2,56409.95
2019-12-10,11.33,11.52,11.57,11.32,43884.2
2019-12-11,11.46,11.57,11.8,11.46,51490.0
2019-12-12,11.54,11.52,11.68,11.41,41578.29
2019-12-13,11.68,11.62,11.68,11.48,39544.75
2019-12-16,11.7,11.82,11.82,11.58,44801.43
2019-12-17,11.86,11.96,12.04,11.78,58952.6
2019-12-18,11.96,11.86,12.04,11.83,49874.55
2019-12-19,11.92,12.0,12.03,11.82,49124.7
2019-12-20,11.98,11.55,11.99,11.55,51600.65
2019-12-23,11.63,11.14,11.63,11.14,41241.75
2019-12-24,11.23,11.43,11.48,11.23,29562.25
2019-12-25,11.48,11.59,12.06,11.48,58206.5
2019-12-26,11.35,11.7,11.76,11.35,38552.65
2019-12-27,11.7,11.41,11.79,11.4,45471.41
2019-12-30,11.43,11.41,11.46,11.07,34984.2
2019-12-31,11.17,11.17,11.54,11.14,44101.22
2020-01-02,11.2,11.48,11.51,11.2,44204.45
2020-01-03,11.54,11.65,11.7,11.45,44185.4
2020-01-06,11.7,11.77,11.82,11.56,52326.1
2020-01-07,11.83,12.03,12.04,11.71,69596.92
2020-01-08,11.93,11.79,12.16,11.69,74363.1
2020-01-09,11.93,12.27,12.3,11.93,91661.25
2020-01-10,12.25,12.27,12.68,12.25,92505.75
2020-01-13,12.0,12.37,12.42,11.7,85748.15
2020-01-14,12.39,12.71,12.9,12.19,116339.27
2020-01-15,12.72,13.27,13.33,12.54,147041.81
2020-01-16,13.14,12.84,13.14,12.67,104337.86
2020-01-17,12.76,12.59,12.87,12.5,62847.52
2020-01-20,12.8,12.76,13.12,12.68,68147.91
2020-01-21,12.76,12.84,13.27,12.61,66592.21
2020-01-22,12.71,12.74,13.03,12.29,66221.01
2020-01-23,12.67,12.52,13.21,12.37,85992.33
2020-02-03,11.26,11.26,11.26,11.26,5085.0
2020-02-04,10.14,10.57,10.95,10.14,81225.01
2020-02-05,10.66,10.89,11.13,10.66,53226.65
2020-02-06,10.94,11.31,11.33,10.91,64134.8
2020-02-07,11.3,11.97,12.16,11.29,70376.5
2020-02-10,12.08,12.32,12.53,11.97,77524.29
2020-02-11,12.38,11.97,12.38,11.89,60993.39
2020-02-12,12.03,12.22,12.28,11.82,50558.99
2020-02-13,12.36,12.34,12.59,12.14,70687.39
2020-02-14,12.27,12.23,12.57,11.99,73067.68
2020-02-17,12.22,12.68,12.72,12.19,79743.04
2020-02-18,12.61,12.91,12.95,12.48,86429.76
2020-02-19,12.84,12.49,12.84,12.47,69317.45
2020-02-20,12.6,12.85,12.89,12.24,88833.15
2020-02-21,12.87,13.11,13.4,12.81,110769.25
2020-02-24,13.1,13.44,13.72,12.99,108459.15
2020-02-25,12.99,13.76,13.81,12.75,156077.9
2020-02-26,13.45,12.71,13.51,12.53,120476.53
2020-02-27,12.9,12.71,13.01,12.42,71366.65
2020-02-28,12.27,11.54,12.31,11.48,91591.78
2020-03-02,11.74,12.22,12.36,11.33,57393.45
2020-03-03,12.57,12.66,12.9,12.43,66048.45
2020-03-04,12.74,12.91,13.02,12.53,60641.95
2020-03-05,13.21,12.8,13.29,12.66,54135.7
2020-03-06,12.64,12.84,12.95,12.47,41696.75
2020-03-09,12.84,12.2,13.02,12.17,62413.42
2020-03-10,11.84,12.68,12.71,11.84,56588.73
2020-03-11,12.71,12.81,13.14,12.61,85632.5
2020-03-12,12.66,13.04,13.15,12.47,94153.82
2020-03-13,11.83,13.3,13.43,11.78,112090.92
2020-03-16,13.52,12.22,13.52,12.0,114298.12
2020-03-17,12.46,11.96,12.62,11.66,56778.88
2020-03-18,12.14,11.54,12.28,11.48,55658.2
2020-03-19,11.69,11.78,11.91,11.39,46450.78
2020-03-20,11.88,11.78,11.98,11.6,30892.0
2020-03-23,11.39,10.94,11.64,10.86,42622.46
2020-03-24,11.17,11.26,11.32,10.8,37288.88
2020-03-25,11.53,11.47,11.67,11.4,33469.43
2020-03-26,11.37,11.17,11.48,11.1,27000.15
2020-03-27,11.3,11.07,11.37,11.03,23673.5
2020-03-30,10.81,10.65,11.01,10.43,37347.8
2020-03-31,10.81,10.5,10.88,10.46,21213.9
2020-04-01,10.57,10.44,10.78,10.41,18818.13
2020-04-02,10.44,10.77,10.77,10.36,18549.8
2020-04-03,10.8,10.49,10.85,10.46,18705.28
2020-04-07,10.76,11.22,11.23,10.76,41919.68
2020-04-08,11.06,11.08,11.39,11.02,29717.57
2020-04-09,11.17,11.19,11.27,11.08,23593.3
2020-04-10,10.96,10.69,11.07,10.58,32102.56
2020-04-13,10.72,10.34,10.72,10.18,25887.25
2020-04-14,10.48,10.55,10.6,10.35,17442.0
2020-04-15,10.68,10.53,10.88,10.52,25070.61
2020-04-16,10.52,11.02,11.06,10.35,44853.14
2020-04-17,11.09,10.86,11.33,10.81,49147.33
2020-04-20,10.93,11.1,11.16,10.68,31147.33
2020-04-21,11.1,11.31,11.44,10.95,45752.57
2020-04-22,11.18,11.3,11.38,11.08,31172.53
2020-04-23,11.3,11.3,11.48,11.03,39183.01
2020-04-24,11.23,11.31,11.4,10.95,27997.71
2020-04-27,11.25,10.87,11.36,10.83,27757.75
2020-04-28,10.83,10.49,10.94,10.2,25510.1
2020-04-29,10.6,10.47,10.68,10.37,12937.65
2020-04-30,10.58,10.83,10.88,10.53,15577.97
2020-05-06,10.71,11.21,11.23,10.62,23217.7
2020-05-07,11.15,11.09,11.36,11.04,17717.85
2020-05-08,11.22,11.17,11.41,11.15,27802.4
2020-05-11,11.22,11.05,11.3,10.98,17430.38
2020-05-12,11.08,10.86,11.08,10.65,18506.68
2020-05-13,10.87,10.94,10.98,10.72,12490.24
2020-05-14,10.92,10.91,11.19,10.8,20001.6
2020-05-15,11.02,11.13,11.21,10.97,24326.55
2020-05-18,11.17,10.86,11.21,10.85,20763.05
2020-05-19,11.0,10.91,11.07,10.84,12979.9
2020-05-20,10.9,10.58,10.94,10.53,23923.75
2020-05-21,10.58,10.51,10.7,10.47,13527.0
2020-05-22,10.55,10.4,10.6,10.31,15423.65
2020-05-25,10.4,10.43,10.44,10.29,9488.15
2020-05-26,10.43,10.62,10.63,10.42,11531.35
2020-05-27,10.65,10.57,10.67,10.49,10812.81
2020-05-28,10.59,10.48,10.64,10.31,11780.05
2020-05-29,10.52,10.49,10.52,10.4,11015.2
2020-06-01,10.54,10.78,10.85,10.44,21761.51
2020-06-02,10.83,10.81,11.04,10.71,28992.44
2020-06-03,10.89,11.1,11.44,10.77,56214.92
2020-06-04,11.01,11.02,11.14,10.84,24097.07
2020-06-05,10.98,10.94,11.07,10.92,16379.91
2020-06-08,10.98,10.93,11.13,10.83,18238.4
2020-06-09,11.26,11.05,11.26,11.02,25404.39
2020-06-10,11.05,10.91,11.09,10.81,19629.66
2020-06-11,10.88,10.91,11.01,10.81,18881.27
2020-06-12,10.67,10.77,10.84,10.55,21956.84
2020-06-15,10.75,10.77,10.98,10.7,20491.78
2020-06-16,10.84,11.02,11.07,10.84,21245.75
2020-06-17,10.99,11.01,11.03,10.85,23482.53
2020-06-18,10.95,11.03,11.09,10.9,16955.38
2020-06-19,11.02,10.98,11.04,10.94,18483.92
2020-06-22,10.95,10.95,11.09,10.92,21065.95
2020-06-23,11.03,10.83,11.03,10.82,23937.54
2020-06-24,10.9,10.76,10.95,10.7,17099.99
2020-06-29,10.74,10.51,10.74,10.45,23807.69
2020-06-30,10.59,10.79,10.83,10.58,25421.87
2020-07-01,10.99,10.78,11.01,10.6,17463.13
2020-07-02,10.79,10.9,10.92,10.67,22489.63
2020-07-03,10.97,11.05,11.14,10.84,40283.55
2020-07-06,11.13,11.47,11.55,11.09,59089.67
2020-07-07,11.56,11.75,11.9,11.38,75025.23
2020-07-08,11.68,11.9,12.15,11.59,72410.98
2020-07-09,11.88,12.01,12.19,11.77,72979.35
2020-07-10,11.92,11.74,12.1,11.72,71946.0
2020-07-13,11.65,12.11,12.26,11.61,62355.02
2020-07-14,12.07,12.02,12.24,11.65,55151.91
2020-07-15,12.05,11.58,12.14,11.52,42674.3
2020-07-16,11.59,11.35,11.77,11.29,41878.85
2020-07-17,11.35,11.25,11.52,11.16,27133.35
2020-07-20,11.34,11.69,11.72,11.34,26899.52
2020-07-21,11.85,12.06,12.63,11.78,94181.77
2020-07-22,12.13,12.51,13.06,12.12,139095.0
2020-07-23,12.25,12.18,12.29,11.84,79944.16
2020-07-24,12.02,11.98,12.95,11.9,106144.69
2020-07-27,12.65,12.16,12.72,11.98,83028.09
2020-07-28,12.07,12.66,13.05,11.8,118473.98
2020-07-29,12.54,12.63,12.68,12.21,84744.73
2020-07-30,12.58,12.3,12.8,12.16,64973.91
2020-07-31,12.36,12.69,12.86,12.13,80457.79
2020-08-03,12.74,12.91,13.04,12.62,81642.14
2020-08-04,13.11,12.67,13.32,12.46,84929.01
2020-08-05,12.76,12.68,12.8,12.45,49196.88
2020-08-06,12.85,12.82,13.2,12.67,68998.89
2020-08-07,12.76,12.31,12.87,12.06,66994.48
2020-08-10,12.13,12.49,12.71,12.13,49884.24
2020-08-11,12.53,11.89,12.53,11.82,55972.76
2020-08-12,11.85,11.64,11.92,11.43,35853.45
2020-08-13,11.69,11.62,11.82,11.56,21646.32
2020-08-14,11.53,11.92,11.96,11.49,32401.84
2020-08-17,12.1,12.54,12.6,11.78,56006.07
2020-08-18,12.45,12.57,12.7,12.36,56249.62
2020-08-19,12.53,11.97,12.65,11.97,41008.04
2020-08-20,11.84,12.11,12.66,11.83,52908.36
2020-08-21,12.09,11.91,12.24,11.76,38996.8
2020-08-24,11.92,12.68,12.84,11.63,88421.12
2020-08-25,12.64,12.76,13.02,12.55,73032.49
2020-08-26,12.74,12.75,13.17,12.66,93211.93
2020-08-27,12.84,13.04,13.17,12.47,84329.72
2020-08-28,13.11,13.64,14.17,12.89,145942.22
2020-08-31,13.74,13.2,13.85,13.1,124987.95
2020-09-01,13.06,13.25,13.46,12.97,76125.22
2020-09-02,13.26,13.62,14.2,13.01,122454.84
2020-09-03,13.51,13.2,13.73,13.11,78725.21
2020-09-04,12.5,13.79,14.13,12.5,150280.97
2020-09-07,13.99,13.68,14.29,13.57,131942.18
2020-09-08,13.88,14.2,14.37,13.63,121391.47
2020-09-09,13.88,14.37,15.68,13.56,179714.5
2020-09-10,14.33,12.5,14.47,12.42,158244.25
2020-09-11,12.26,12.58,12.69,12.18,74815.97
2020-09-14,12.65,13.77,14.02,12.53,133831.16
2020-09-15,13.77,13.96,14.08,13.58,94776.87
2020-09-16,13.85,13.69,14.08,13.39,67177.3
2020-09-17,13.69,14.16,14.28,13.59,103054.04
2020-09-18,14.11,14.0,14.11,13.45,101439.72
2020-09-21,14.19,14.51,14.81,13.98,131957.96
2020-09-22,14.23,13.95,14.37,13.61,97410.3
2020-09-23,13.94,13.98,14.04,13.59,61642.03
2020-09-24,13.8,13.09,13.88,13.07,70093.84
2020-09-25,13.14,13.38,13.52,12.95,55051.82
2020-09-28,13.39,12.96,13.63,12.9,39293.92
2020-09-29,13.21,15.19,15.55,13.21,307866.3
2020-09-30,14.66,15.45,16.33,14.11,297749.35
2020-10-09,15.88,18.54,18.54,15.25,310068.61
2020-10-12,20.21,22.25,22.25,20.13,295149.54
2020-10-13,24.3,21.37,24.86,21.15,558438.38
2020-10-14,21.37,21.86,22.25,20.62,358278.19
2020-10-15,21.01,19.82,21.24,19.31,298751.9
2020-10-16,19.82,19.79,20.35,19.41,194493.04
2020-10-19,19.57,20.02,20.76,19.51,219947.9
2020-10-20,19.82,20.12,20.12,18.65,202723.99
2020-10-21,19.64,18.79,20.31,18.77,187343.27
2020-10-22,18.65,19.33,20.12,18.65,219359.57
2020-10-23,19.28,18.21,19.58,18.03,181702.82
2020-10-26,18.42,18.42,18.89,18.15,114976.72
2020-10-27,18.43,18.58,19.31,18.4,135963.5
2020-10-28,18.85,18.2,19.03,17.98,120895.95
2020-10-29,17.66,18.28,18.61,17.34,123015.3
2020-10-30,18.24,16.98,18.41,16.97,141199.22
2020-11-02,17.06,17.27,17.46,16.84,84065.98
2020-11-03,17.43,17.4,17.64,17.08,88651.95
2020-11-04,17.66,17.12,17.66,17.03,86213.26
2020-11-05,17.14,17.42,17.59,17.12,84825.41
2020-11-06,17.6,17.21,17.61,16.68,90592.08
2020-11-09,17.36,17.48,17.54,17.15,101365.55
2020-11-10,17.46,17.06,17.54,16.84,69345.43
2020-11-11,17.1,16.4,17.15,16.38,78070.85
2020-11-12,16.68,16.23,16.87,16.21,50990.15
2020-11-13,16.48,16.25,16.48,16.0,40206.18
2020-11-16,16.33,16.06,16.34,15.95,35550.6
2020-11-17,16.02,15.7,16.18,15.36,59404.12
2020-11-18,15.8,15.96,16.13,15.65,63863.29
2020-11-19,15.94,16.66,16.8,15.7,133152.48
2020-11-20,16.51,16.42,16.95,16.34,96602.7
2020-11-23,16.28,16.3,16.74,15.94,91444.94
2020-11-24,16.57,17.13,17.92,16.29,229383.93
2020-11-25,17.13,17.46,17.76,16.9,165102.44
2020-11-26,17.27,17.25,17.44,16.75,121316.59
2020-11-27,17.05,16.43,17.25,16.3,121154.24
2020-11-30,16.09,15.35,16.27,15.31,131198.62
2020-12-01,15.3,18.42,18.42,15.28,156662.33
2020-12-02,19.67,18.7,20.55,18.35,464639.19
2020-12-03,17.98,18.1,18.33,17.37,278629.44
2020-12-04,17.9,17.31,18.02,17.21,174422.35
2020-12-07,17.08,17.21,17.61,16.97,123457.2
2020-12-08,16.65,16.14,16.65,15.81,163637.71
2020-12-09,16.03,15.46,16.21,15.41,124395.59
2020-12-10,15.4,15.57,15.75,15.27,86118.9
2020-12-11,15.57,15.05,15.57,14.86,97509.75
2020-12-14,15.18,15.31,15.49,14.69,63652.49
2020-12-15,15.77,15.34,16.23,15.3,96568.1
2020-12-16,14.77,14.66,15.24,14.62,86624.84
2020-12-17,15.69,15.36,16.24,15.22,143429.84
2020-12-18,15.34,14.87,15.51,14.77,99660.45
2020-12-21,14.67,14.86,15.07,14.63,59209.53
2020-12-22,14.78,14.24,14.81,14.23,82114.98
2020-12-23,14.23,14.39,14.42,13.92,66709.81
2020-12-24,14.4,14.11,14.42,13.98,60152.47
2020-12-25,14.11,13.82,14.28,13.78,49221.81
2020-12-28,13.98,14.14,14.71,13.84,86809.14
2020-12-29,13.88,14.03,14.52,13.77,59853.29
2020-12-30,13.86,14.11,14.15,13.5,63190.87
2020-12-31,14.08,14.23,14.51,14.05,53693.35
2021-01-04,14.52,14.75,15.0,14.32,79860.84
2021-01-05,14.4,14.37,14.72,14.2,67865.73
2021-01-06,14.23,13.78,14.38,13.73,56958.76
2021-01-07,13.6,13.0,14.03,12.83,81460.51
2021-01-08,13.24,13.22,13.68,12.95,55963.88
2021-01-11,12.86,12.56,13.2,12.56,58700.81
2021-01-12,12.64,12.49,12.87,12.32,40228.74
2021-01-13,12.52,11.94,12.6,11.88,56577.08
2021-01-14,11.91,12.11,12.29,11.76,50155.7
2021-01-15,12.26,12.49,12.64,12.18,45458.05
2021-01-18,12.33,12.61,12.73,12.33,36190.25
2021-01-19,12.56,13.1,13.1,12.49,56594.68
2021-01-20,13.74,13.11,13.76,13.0,66096.62
2021-01-21,12.86,13.14,13.37,12.85,48233.62
2021-01-22,12.94,12.79,13.13,12.76,43462.77
2021-01-25,12.92,12.43,13.04,12.37,35935.61
2021-01-26,12.45,12.22,12.63,12.16,29853.51
2021-01-27,12.25,12.1,12.4,12.04,24745.01
2021-01-28,12.18,11.84,12.28,11.79,29026.25
2021-01-29,11.85,11.55,11.96,11.38,31062.35
2021-02-01,11.64,11.72,11.78,11.4,22285.5
2021-02-02,11.72,11.54,11.75,11.48,17253.35
2021-02-03,11.46,11.12,11.48,11.12,24697.92
2021-02-04,11.12,10.76,11.22,10.67,27723.83
2021-02-05,10.79,10.57,11.12,10.57,22889.61
2021-02-08,10.57,10.62,10.77,10.46,19097.91
2021-02-09,10.86,10.88,11.16,10.8,31572.47
2021-02-10,10.85,10.92,10.99,10.75,23388.5
2021-02-18,11.49,11.59,11.96,11.31,49422.47
2021-02-19,11.55,11.71,11.74,11.35,41968.24
2021-02-22,11.89,11.84,12.21,11.82,52326.95
2021-02-23,11.67,11.62,11.87,11.56,34688.17
2021-02-24,11.55,12.0,12.2,11.5,64153.16
2021-02-25,11.82,11.76,11.98,11.58,41693.29
2021-02-26,11.62,11.77,12.08,11.6,47351.69
2021-03-01,11.89,12.07,12.16,11.88,40363.7
2021-03-02,12.17,12.14,12.4,11.97,53538.9
2021-03-03,12.08,12.03,12.26,11.88,38867.8
2021-03-04,12.04,11.9,12.16,11.87,39220.0
2021-03-05,11.82,12.16,12.21,11.73,49955.95
2021-03-08,12.27,11.74,12.27,11.74,46234.8
2021-03-09,11.76,11.03,11.87,11.03,46505.94
2021-03-10,11.27,10.77,11.27,10.6,37267.52
2021-03-11,10.77,10.99,11.02,10.64,29437.18
2021-03-12,11.05,10.83,11.05,10.79,22492.0
2021-03-15,10.86,10.7,10.89,10.57,24742.23
2021-03-16,10.77,10.97,10.99,10.62,29419.19
2021-03-17,10.88,11.13,11.14,10.8,32330.96
2021-03-18,11.15,10.9,11.15,10.86,25062.79
2021-03-19,11.04,11.03,11.44,10.91,44550.11
2021-03-22,10.93,11.03,11.04,10.85,28702.75
2021-03-23,11.03,11.35,11.53,10.94,59300.48
2021-03-24,11.15,11.38,11.38,11.06,44349.9
2021-03-25,11.27,11.72,12.06,11.17,82663.37
2021-03-26,11.6,11.73,12.02,11.48,52165.54
2021-03-29,11.65,11.87,12.07,11.65,49983.94
2021-03-30,11.87,11.46,11.87,11.38,43198.35
2021-03-31,11.45,11.71,11.94,11.45,45718.54
2021-04-01,11.67,11.62,11.85,11.58,28993.46
2021-04-02,11.64,12.41,12.45,11.58,98784.43
2021-04-06,12.45,12.19,12.5,12.15,53449.83
2021-04-07,12.18,12.09,12.26,12.01,38030.36
2021-04-08,11.68,11.33,11.81,11.31,91435.4
2021-04-09,11.33,11.09,11.46,11.03,42196.69
2021-04-12,11.09,11.16,11.19,10.94,34854.03
2021-04-13,11.08,11.08,11.3,10.95,29862.01
2021-04-14,11.1,11.12,11.14,10.89,22783.18
2021-04-15,11.09,11.28,11.54,10.89,48023.01
2021-04-16,11.18,11.77,11.86,11.14,71215.14
2021-04-19,11.73,11.82,11.89,11.66,57769.43
2021-04-20,11.75,11.61,11.86,11.55,39030.6
2021-04-21,11.49,11.49,11.75,11.41,30387.0
2021-04-22,11.53,11.95,12.01,11.46,59974.96
2021-04-23,11.93,11.61,11.93,11.55,37326.95
2021-04-26,11.61,11.73,12.0,11.44,48996.64
2021-04-27,11.65,12.29,12.47,11.65,102909.06
2021-04-28,12.01,11.1,12.02,10.79,99529.87
2021-04-29,10.96,11.09,11.4,10.89,46509.78
2021-04-30,10.99,10.71,11.1,10.58,45060.58
2021-05-06,10.74,10.65,10.82,10.56,25046.97
2021-05-07,10.72,10.59,10.73,10.24,32086.46
2021-05-10,10.65,10.88,10.98,10.47,32603.29
2021-05-11,10.72,10.98,11.15,10.69,35892.36
2021-05-12,10.98,11.03,11.21,10.84,26105.15
2021-05-13,10.89,10.96,11.22,10.88,28487.73
2021-05-14,11.0,11.21,11.22,10.93,30405.75
2021-05-17,11.24,11.0,11.31,10.9,30104.13
2021-05-18,11.02,10.83,11.05,10.73,25145.81
2021-05-19,10.87,10.91,11.15,10.7,25485.78
2021-05-20,10.8,10.71,10.87,10.66,18855.86
2021-05-21,10.78,10.76,10.93,10.69,14102.74
2021-05-24,10.76,11.02,11.18,10.58,28135.68
2021-05-25,10.88,11.06,11.08,10.83,24124.85
2021-05-26,11.06,11.09,11.25,10.98,24038.04
2021-05-27,11.03,11.25,11.25,11.03,26846.9
2021-05-28,11.28,11.12,11.28,11.02,20395.99
2021-05-31,11.07,11.22,11.27,11.07,17938.42
2021-06-01,11.3,11.27,11.35,11.19,25307.61
2021-06-02,11.35,11.14,11.36,11.07,20965.9
2021-06-03,11.07,11.27,11.56,11.04,28601.99
2021-06-04,11.15,11.25,11.33,11.07,22144.1
2021-06-07,11.2,11.67,11.75,11.14,47792.78
2021-06-08,12.4,14.0,14.0,12.36,100563.79
2021-06-09,14.34,15.09,15.43,14.24,361978.78
2021-06-10,14.6,17.01,17.68,14.34,395850.62
2021-06-11,16.12,16.02,17.9,15.68,350522.25
2021-06-15,15.33,15.26,15.77,14.59,241419.27
2021-06-16,15.03,14.89,15.92,14.69,207598.02
2021-06-17,14.64,15.31,15.31,14.13,216448.1
2021-06-18,15.42,14.86,15.56,14.59,190696.74
2021-06-21,14.41,15.0,15.33,14.41,151310.65
2021-06-22,14.95,14.68,14.95,14.24,147896.29
2021-06-23,14.54,14.8,14.96,14.26,131258.01
2021-06-24,14.81,13.81,14.81,13.76,138513.61
2021-06-25,13.71,13.17,14.04,13.15,123216.68
2021-06-28,13.17,13.34,13.42,13.06,64910.84
2021-06-29,13.42,13.01,13.85,12.99,88392.36
2021-06-30,13.07,13.68,13.71,13.03,93719.83
2021-07-01,13.65,12.98,13.65,12.98,76994.75
2021-07-02,12.99,13.43,13.44,12.98,76855.38
2021-07-05,13.41,13.88,13.94,12.99,106801.55
2021-07-06,13.62,13.71,14.19,13.46,95186.56
2021-07-07,13.45,13.29,13.49,13.05,63236.99
2021-07-08,13.24,13.31,13.38,12.98,62971.83
2021-07-09,13.15,12.72,13.25,12.69,71316.02
2021-07-12,12.79,13.6,13.64,12.73,105512.45
2021-07-13,13.61,13.44,14.09,13.39,99330.11
2021-07-14,13.63,13.14,13.72,13.13,63915.55
2021-07-15,13.06,12.93,13.19,12.74,50283.79
2021-07-16,12.91,12.9,13.08,12.77,38416.15
2021-07-19,12.78,13.65,13.73,12.57,88564.73
2021-07-20,13.73,13.45,13.73,13.11,68866.88
2021-07-21,13.42,13.5,13.63,13.32,64920.07
2021-07-22,13.51,13.84,13.88,13.18,85229.19
2021-07-23,13.96,13.49,13.99,13.25,83397.61
2021-07-26,13.32,12.93,13.43,12.72,55503.43
2021-07-27,13.06,12.88,13.33,12.86,43916.78
2021-07-28,12.77,11.84,12.91,11.74,58671.08
2021-07-29,11.95,12.05,12.21,11.87,42516.55
2021-07-30,12.04,12.33,12.66,11.98,60038.53
2021-08-02,12.38,12.6,12.65,12.17,41623.83
2021-08-03,12.48,12.55,12.88,12.48,47621.99
2021-08-04,12.55,12.64,12.72,12.47,35094.37
2021-08-05,12.52,12.22,12.79,12.13,39374.97
2021-08-06,12.16,12.18,12.25,11.99,32089.7
2021-08-09,12.19,12.3,12.4,12.14,27486.48
2021-08-10,12.3,12.6,12.79,12.22,45048.37
2021-08-11,12.58,12.61,12.75,12.41,32287.51
2021-08-12,12.6,13.03,13.29,12.52,69320.29
2021-08-13,13.06,12.72,13.11,12.62,55151.86
2021-08-16,12.69,12.53,12.85,12.51,34276.5
2021-08-17,12.53,11.98,12.71,11.89,45576.06
2021-08-18,11.98,12.23,12.35,11.88,33677.21
2021-08-19,12.2,12.1,12.38,12.05,26697.0
2021-08-20,12.05,11.83,12.16,11.73,30082.52
2021-08-23,11.82,12.19,12.23,11.82,26275.0
2021-08-24,12.17,11.95,12.18,11.92,32176.29
2021-08-25,11.95,11.48,12.0,11.38,51625.48
2021-08-26,11.47,11.04,11.51,10.92,48522.0
2021-08-27,11.07,11.22,11.4,10.98,37254.8
2021-08-30,11.23,11.37,11.53,11.23,27708.1
2021-08-31,11.32,11.21,11.45,11.03,27201.18
2021-09-01,11.57,11.81,12.25,11.56,61161.29
2021-09-02,11.27,11.48,11.57,11.22,41575.51
2021-09-03,11.56,11.96,12.01,11.5,57662.32
2021-09-06,11.95,12.06,12.06,11.72,36089.11
2021-09-07,11.96,12.11,12.28,11.89,34568.09
2021-09-08,12.04,12.01,12.12,11.93,30629.76
2021-09-09,11.89,11.92,12.02,11.69,28820.14
2021-09-10,11.91,11.85,11.98,11.77,20869.25
2021-09-13,11.77,11.86,11.93,11.61,19645.36
2021-09-14,11.77,11.99,12.26,11.75,46783.71
2021-09-15,11.93,11.71,12.05,11.62,30265.83
2021-09-16,11.71,11.47,11.8,11.46,20022.94
2021-09-17,11.52,11.62,11.68,11.44,16717.36
2021-09-22,11.45,11.7,11.77,11.36,12330.84
2021-09-23,11.72,12.26,12.26,11.72,49258.68
2021-09-24,13.44,14.72,14.72,13.44,153239.46
2021-09-27,16.09,15.43,17.65,15.33,437627.46
2021-09-28,13.95,14.2,14.74,13.7,269547.6
2021-09-29,13.82,12.46,14.04,12.46,234353.05
2021-09-30,12.72,12.99,13.45,12.64,193048.84
2021-10-08,13.36,14.02,14.71,13.06,227898.43
2021-10-11,13.81,14.53,15.15,13.72,220149.58
2021-10-12,14.8,13.94,15.01,13.6,160694.78
2021-10-13,14.13,13.42,14.13,12.98,118793.43
2021-10-14,13.33,13.21,13.33,12.77,89063.5
2021-10-15,13.08,12.87,13.68,12.77,127768.62
2021-10-18,12.8,13.15,13.25,12.57,76487.02
2021-10-19,12.97,13.55,13.81,12.97,117031.27
2021-10-20,13.89,13.47,14.0,13.25,129754.6
2021-10-21,13.15,14.41,14.81,13.07,206111.85
2021-10-22,14.14,13.77,14.21,13.66,138298.78
2021-10-25,13.48,13.39,13.61,13.09,91500.06
2021-10-26,12.97,12.06,13.04,12.03,175374.04
2021-10-27,11.89,11.63,12.01,11.34,95070.8
2021-10-28,11.47,11.66,11.93,11.44,66173.53
2021-10-29,11.6,12.01,12.31,11.57,79654.63
2021-11-01,11.95,11.99,12.2,11.83,62006.59
2021-11-02,11.92,12.08,12.29,11.74,63648.74
2021-11-03,11.91,12.38,12.38,11.88,78914.81
2021-11-04,12.42,12.11,12.46,12.07,83156.52
2021-11-05,12.03,13.0,13.23,11.99,165195.78
2021-11-08,12.77,12.54,12.82,12.35,111457.14
2021-11-09,12.71,13.17,13.35,12.55,146547.22
2021-11-10,13.06,13.29,13.43,12.88,120515.98
2021-11-11,13.2,13.29,13.29,12.98,86551.61
2021-11-12,13.37,13.06,13.91,12.99,109348.93
2021-11-15,12.88,13.57,13.57,12.87,119269.05
2021-11-16,13.57,13.34,13.66,13.3,87422.22
2021-11-17,13.43,13.55,13.63,13.18,88392.13
2021-11-18,13.49,13.15,13.66,13.06,80021.42
2021-11-19,13.07,13.2,13.33,13.02,52044.16
2021-11-22,13.22,13.17,13.22,12.98,47383.71
2021-11-23,13.12,13.1,13.28,12.8,72083.3
2021-11-24,13.15,13.17,13.31,12.86,66979.7
2021-11-25,13.15,13.55,13.57,13.09,110727.75
2021-11-26,13.47,13.22,13.7,12.58,142702.49
2021-11-29,12.91,12.84,13.05,12.79,64757.55
2021-11-30,12.85,13.85,14.14,12.84,175220.26
2021-12-01,13.91,13.87,14.07,13.67,112175.9
2021-12-02,13.91,13.3,13.93,13.24,78255.38
2021-12-03,13.41,13.19,13.63,13.12,65598.17
2021-12-06,13.11,12.95,13.18,12.88,57450.0
2021-12-07,12.97,13.13,13.15,12.88,51477.99
2021-12-08,13.17,13.37,13.39,13.02,59283.21
2021-12-09,13.3,13.3,13.45,13.2,50343.52
2021-12-10,13.23,13.0,13.3,12.96,44351.26
2021-12-13,13.08,13.13,13.2,12.89,37595.73
2021-12-14,13.17,13.8,13.85,13.06,127464.45
2021-12-15,13.69,13.69,14.09,13.6,116563.46
2021-12-16,13.74,13.79,14.33,13.68,82166.13
2021-12-17,13.81,13.54,13.92,13.36,72772.09
2021-12-20,13.49,13.95,13.95,13.35,98114.55
2021-12-21,14.5,13.75,14.98,13.73,149291.47
2021-12-22,13.35,13.68,14.0,13.35,89308.73
2021-12-23,13.6,13.07,13.71,13.07,79430.25
2021-12-24,13.15,14.01,14.36,12.81,146175.71
2021-12-27,13.83,15.09,15.16,13.45,222530.2
2021-12-28,14.8,14.7,15.32,14.62,181514.15
2021-12-29,14.76,14.88,14.95,14.35,116735.32
2021-12-30,14.74,14.53,15.28,14.51,126863.92
2021-12-31,14.39,15.1,15.46,14.25,149237.96
2022-01-04,15.1,15.44,16.13,14.84,200917.89
2022-01-05,15.69,16.32,16.71,15.31,295437.86
2022-01-06,16.14,16.07,16.41,15.43,200019.58
2022-01-07,15.83,14.72,16.52,14.43,223751.19
2022-01-10,13.77,14.09,14.28,13.23,159778.8
2022-01-11,13.98,13.45,14.12,13.37,107205.65
2022-01-12,13.55,13.74,13.94,13.5,77187.46
2022-01-13,13.85,13.65,14.02,13.59,66701.6
2022-01-14,13.49,13.57,13.9,13.45,67621.05
2022-01-17,13.62,14.37,14.48,13.62,117194.55
2022-01-18,14.34,14.33,14.98,14.29,141240.64
2022-01-19,14.1,15.03,15.33,14.1,142572.01
2022-01-20,14.84,15.16,15.6,14.65,169050.86
2022-01-21,14.89,14.91,15.7,14.6,161035.06
2022-01-24,14.75,14.83,15.19,14.64,106285.52
2022-01-25,14.58,15.31,16.31,14.54,264039.32
2022-01-26,15.02,14.86,15.3,13.9,205329.48
2022-01-27,14.96,12.28,14.98,12.24,209151.74
2022-01-28,12.1,12.76,13.31,12.1,129258.21
2022-02-07,13.29,12.46,13.35,12.32,98646.2
2022-02-08,12.4,12.9,12.94,12.09,94359.3
2022-02-09,12.92,13.79,13.94,12.82,149800.04
2022-02-10,13.73,13.41,13.73,13.35,81804.95
2022-02-11,13.33,13.59,13.92,13.33,104252.77
2022-02-14,13.49,13.7,13.96,13.01,83123.98
2022-02-15,13.83,13.45,13.85,13.29,64110.23
2022-02-16,13.8,13.22,13.81,13.06,68075.62
2022-02-17,13.15,13.0,13.58,12.88,69251.91
2022-02-18,13.15,13.42,13.48,12.97,82272.7
2022-02-21,13.45,14.01,14.15,13.36,125105.61
2022-02-22,13.74,13.89,14.0,13.61,86293.66
2022-02-23,13.82,14.19,14.29,13.55,100294.96
2022-02-24,13.95,13.2,14.1,12.98,135723.91
2022-02-25,13.44,12.99,13.67,12.96,80938.58
2022-02-28,13.59,15.59,15.59,13.45,266606.37
2022-03-01,16.02,18.7,18.7,15.82,386014.85
2022-03-02,20.32,18.05,20.51,17.72,768840.13
2022-03-03,18.3,18.03,18.85,17.11,620074.59
2022-03-04,17.06,16.74,17.67,16.43,453116.12
2022-03-07,16.74,17.11,17.17,16.49,338524.5
2022-03-08,16.96,16.44,17.29,16.13,297217.08
2022-03-09,16.02,15.76,16.06,14.81,324903.67
2022-03-10,15.82,16.06,17.08,15.7,372306.43
2022-03-11,15.72,16.45,16.79,15.45,325284.28
2022-03-14,15.77,15.03,16.08,14.96,267121.25
2022-03-15,14.91,14.6,15.48,14.45,213530.95
2022-03-16,14.75,15.28,15.38,14.15,250510.34
2022-03-17,15.16,15.63,15.88,14.86,328556.98
2022-03-18,15.25,15.27,15.53,14.94,226013.61
2022-03-21,15.23,15.2,15.51,14.83,197240.39
2022-03-22,14.97,15.47,15.63,14.83,217041.36
2022-03-23,15.4,16.08,16.29,15.08,351244.89
2022-03-24,15.68,15.14,15.86,15.0,210258.02
2022-03-25,14.61,13.91,14.93,13.84,250859.32
2022-03-28,13.45,13.74,14.12,13.36,118157.41
2022-03-29,13.85,13.43,13.85,13.28,103358.0
2022-03-30,13.43,13.61,13.72,13.4,80419.68
2022-03-31,13.55,13.94,14.17,13.44,141093.36
2022-04-01,14.0,13.75,14.42,13.75,125473.88
2022-04-06,13.6,13.81,14.03,13.59,91875.66
2022-04-07,13.7,13.13,13.71,13.13,104440.0
2022-04-08,13.22,12.76,13.3,12.67,86447.87
2022-04-11,12.76,12.24,12.86,12.1,72214.68
2022-04-12,12.2,12.31,12.39,12.03,56257.37
2022-04-13,12.22,11.65,12.3,11.62,88199.23
2022-04-14,11.76,11.57,11.83,11.53,53509.73
2022-04-15,11.54,11.21,11.55,11.15,69541.37
2022-04-18,11.22,11.41,11.42,10.93,52752.0
2022-04-19,11.46,11.3,11.52,11.13,59696.0
2022-04-20,11.4,11.18,11.61,11.05,74175.86
2022-04-21,11.05,10.58,11.16,10.56,74534.32
2022-04-22,10.58,10.21,10.77,10.21,50215.55
2022-04-25,10.01,9.14,10.09,9.13,72047.87
2022-04-26,9.16,9.11,9.59,9.07,85578.3
2022-04-27,9.1,9.43,9.45,8.85,69416.83
2022-04-28,9.3,9.13,9.39,9.0,56560.94
2022-04-29,9.24,9.47,9.55,9.18,68328.7
2022-05-05,9.49,9.54,9.68,9.28,59896.06
2022-05-06,9.34,9.53,9.92,9.23,86203.1
2022-05-09,9.49,9.74,9.8,9.49,52442.95
2022-05-10,9.62,9.87,9.93,9.59,49325.0
2022-05-11,9.88,9.77,10.14,9.75,72111.0
2022-05-12,9.78,9.9,10.04,9.71,54546.52
2022-05-13,9.96,9.86,10.04,9.74,37175.31
2022-05-16,9.84,9.93,10.2,9.8,69940.22
2022-05-17,9.95,9.85,10.04,9.64,43453.01
2022-05-18,9.94,10.05,10.29,9.94,56732.48
2022-05-19,9.94,10.02,10.04,9.86,40893.52
2022-05-20,10.02,10.12,10.19,9.92,40296.85
2022-05-23,10.28,10.3,10.35,10.14,46698.27
2022-05-24,10.29,9.69,10.37,9.69,69489.97
2022-05-25,9.69,10.08,10.09,9.69,50532.25
2022-05-26,10.12,10.07,10.19,9.79,53403.55
2022-05-27,10.16,10.11,10.24,10.0,44849.0
2022-05-30,10.14,10.18,10.19,10.06,36908.91
2022-05-31,10.17,10.22,10.24,9.99,37492.0
2022-06-01,10.18,10.43,10.47,10.17,61327.9
2022-06-02,10.41,10.86,10.92,10.29,89772.65
2022-06-06,10.95,10.99,11.04,10.76,66194.75
2022-06-07,11.02,10.89,11.05,10.78,51087.74
2022-06-08,10.86,10.91,11.06,10.68,42652.0
2022-06-09,10.92,10.63,10.96,10.58,34641.34
2022-06-10,10.62,10.78,10.85,10.53,28433.0
2022-06-13,10.69,11.1,11.12,10.59,50759.52
2022-06-14,10.93,11.08,11.08,10.64,49017.56
2022-06-15,11.13,11.2,11.4,11.08,73455.8
2022-06-16,11.22,11.19,11.41,11.13,59099.26
2022-06-17,11.11,11.21,11.22,10.93,49631.42
2022-06-20,11.21,11.27,11.4,11.17,51873.0
2022-06-21,11.75,11.31,11.99,11.12,85437.58
2022-06-22,11.22,11.0,11.29,10.87,53103.58
2022-06-23,11.0,11.27,11.3,10.95,54140.71
2022-06-24,11.35,11.38,11.46,11.2,53262.97
2022-06-27,11.4,11.45,11.52,11.29,50386.95
2022-06-28,11.45,11.48,11.52,11.19,41764.0
2022-06-29,11.42,11.59,11.88,11.33,82413.41
2022-06-30,11.55,11.47,11.59,11.33,49514.92
2022-07-01,11.47,11.35,11.55,11.22,31689.55
2022-07-04,11.35,11.21,11.44,11.1,37399.0
2022-07-05,11.25,11.24,11.68,11.18,72425.95
2022-07-06,11.09,11.1,11.37,10.96,46547.65
2022-07-07,11.17,11.22,11.37,11.09,33631.61
2022-07-08,11.24,11.37,11.47,11.17,39822.71
2022-07-11,11.34,11.06,11.35,11.0,33859.41
2022-07-12,11.07,10.81,11.08,10.8,36541.0
2022-07-13,10.81,11.05,11.05,10.81,23182.0
2022-07-14,11.06,10.97,11.08,10.9,18451.92
2022-07-15,10.9,10.64,11.03,10.58,32890.0
2022-07-18,10.66,11.07,11.13,10.65,43158.95
2022-07-19,11.14,11.48,11.48,11.06,68413.69
2022-07-20,11.59,11.5,11.77,11.27,65282.57
2022-07-21,11.47,11.3,11.72,11.29,43621.37
2022-07-22,11.47,11.25,11.49,11.14,32289.8
2022-07-25,11.36,11.09,11.41,11.06,21455.0
2022-07-26,11.1,11.29,11.4,11.04,37862.95
2022-07-27,11.3,11.44,11.47,11.17,33913.39
2022-07-28,11.45,11.39,11.54,11.34,29722.07
2022-07-29,11.4,11.3,11.42,11.22,22010.1
2022-08-01,11.35,11.29,11.39,11.19,23627.12
2022-08-02,11.23,10.74,11.25,10.54,48137.3
2022-08-03,10.7,10.84,11.17,10.7,46837.21
2022-08-04,10.93,11.06,11.15,10.91,26671.97
2022-08-05,11.13,11.39,11.41,11.13,45421.65
2022-08-08,11.39,11.54,11.56,11.3,39721.4
2022-08-09,11.54,11.37,11.65,11.29,26091.21
2022-08-10,11.34,11.34,11.44,11.27,21992.0
2022-08-11,11.48,11.42,11.54,11.38,25231.45
2022-08-12,11.39,13.71,13.71,11.36,250852.66
2022-08-15,13.66,12.86,13.66,12.83,299437.9
2022-08-16,12.99,12.85,13.09,12.65,158438.96
2022-08-17,12.75,12.55,12.78,12.34,131390.2
2022-08-18,12.47,12.44,12.66,12.4,129632.72
2022-08-19,12.42,12.87,13.38,12.18,230781.82
2022-08-22,12.48,12.31,12.67,12.11,155895.64
2022-08-23,12.45,12.37,12.58,12.18,101132.91
2022-08-24,12.19,12.22,12.47,11.95,90702.78
2022-08-25,12.11,12.41,12.7,12.08,128742.61
2022-08-26,12.27,11.62,12.3,11.57,105657.55
2022-08-29,11.43,11.77,11.81,11.29,58449.69
2022-08-30,11.77,11.68,12.07,11.53,44819.48
2022-08-31,11.77,11.25,11.77,11.17,48794.57
2022-09-01,11.25,11.28,11.77,11.24,53007.2
2022-09-02,11.5,12.06,12.18,11.39,112304.2
2022-09-05,12.05,12.56,12.77,11.81,147553.68
2022-09-06,12.62,12.66,12.85,12.33,143836.08
2022-09-07,12.66,13.16,13.34,12.22,216798.09
2022-09-08,13.05,12.67,13.47,12.6,250121.77
2022-09-09,12.46,12.7,13.57,12.46,191450.26
2022-09-13,13.12,12.49,13.45,12.34,177786.42
2022-09-14,11.99,12.15,12.38,11.82,121500.65
2022-09-15,12.17,12.5,12.82,11.91,165473.46
2022-09-16,12.26,12.02,12.82,12.01,150595.58
2022-09-19,11.72,11.82,12.17,11.72,105657.76
2022-09-20,12.02,11.77,12.24,11.62,71391.86
2022-09-21,11.46,11.6,11.69,10.72,122628.48
2022-09-22,11.7,11.95,12.37,11.49,125942.57
2022-09-23,12.01,11.3,12.03,11.22,94625.46
2022-09-26,11.24,10.91,11.42,10.86,74037.2
2022-09-27,10.94,11.09,11.23,10.81,47246.57
2022-09-28,11.08,10.57,11.08,10.52,50936.4
2022-09-29,10.63,10.46,10.99,10.39,56678.75
2022-09-30,10.65,10.47,10.73,10.44,42921.54
2022-10-10,10.62,10.21,10.62,10.11,43862.3
2022-10-11,10.19,10.27,10.35,10.09,33071.3
2022-10-12,10.24,10.7,10.76,10.2,54032.85
2022-10-13,10.79,11.11,11.39,10.71,97819.85
2022-10-14,11.1,11.17,11.29,11.1,60229.0
2022-10-17,11.17,11.33,11.55,11.15,49583.0
2022-10-18,11.33,11.17,11.38,11.15,42135.57
2022-10-19,11.16,11.26,11.47,10.96,57502.9
2022-10-20,11.07,11.33,11.58,11.07,60808.87
2022-10-21,11.38,11.41,11.56,11.12,46260.0
2022-10-24,11.54,11.49,11.86,11.41,69626.0
2022-10-25,11.45,11.17,11.57,11.08,54400.48
2022-10-26,11.34,11.75,11.82,11.2,68788.73
2022-10-27,11.93,11.82,12.11,11.63,67167.15
2022-10-28,11.83,11.7,12.21,11.57,60639.0
2022-10-31,11.91,12.12,12.27,11.84,94546.47
2022-11-01,12.07,11.99,12.12,11.77,75042.72
2022-11-02,11.99,12.06,12.27,11.91,70336.15
2022-11-03,11.77,11.85,12.03,11.57,71160.0
2022-11-04,11.81,11.85,11.95,11.65,61961.41
2022-11-07,11.84,12.06,12.21,11.72,60737.02
2022-11-08,12.05,13.57,14.48,11.97,394921.79
2022-11-09,13.15,12.85,13.25,12.63,271121.16
2022-11-10,12.59,13.1,13.33,12.58,253012.09
2022-11-11,13.2,13.08,13.76,13.08,263679.69
2022-11-14,13.02,13.45,13.48,12.68,208885.84
2022-11-15,13.27,13.36,13.8,13.13,215580.01
2022-11-16,13.02,12.93,13.45,12.76,180775.62
2022-11-17,13.09,13.2,13.32,12.75,159979.42
2022-11-18,13.17,13.31,13.76,12.97,206290.39
2022-11-21,13.39,14.01,14.18,12.98,309483.9
2022-11-22,13.65,13.25,13.87,13.16,197777.66
2022-11-23,13.17,13.72,13.77,12.27,209411.03
2022-11-24,13.48,14.13,15.07,13.39,384864.01
2022-11-25,14.11,14.04,14.37,13.65,251604.01
2022-11-28,13.62,13.67,14.56,13.6,223979.49
2022-11-29,13.31,13.83,13.85,13.17,196190.32
2022-11-30,13.59,13.85,14.28,13.31,209092.79
2022-12-01,13.77,14.17,14.25,13.48,220445.72
2022-12-02,14.09,14.69,15.06,13.92,340644.65
2022-12-05,14.83,15.03,15.68,14.38,307472.25
2022-12-06,14.69,15.64,15.84,14.25,412157.27
2022-12-07,15.27,14.81,15.64,14.79,289800.64
2022-12-08,14.47,13.66,14.62,13.65,271084.49
2022-12-09,13.67,13.14,13.76,13.09,171323.23
2022-12-12,13.09,13.24,13.34,12.84,136858.48
2022-12-13,13.0,12.57,13.16,12.49,153532.77
2022-12-14,12.48,12.55,12.77,12.48,81641.97
2022-12-15,12.57,12.67,12.8,12.45,72525.24
2022-12-16,12.55,12.19,12.57,12.15,89118.26
2022-12-19,12.2,12.02,12.35,11.9,57780.69
2022-12-20,12.19,11.93,12.23,11.85,47233.88
2022-12-21,11.9,11.85,12.04,11.67,46090.52
2022-12-22,11.93,11.56,12.08,11.55,56772.08
2022-12-23,11.42,11.71,11.86,11.42,46707.63
2022-12-26,11.71,11.91,11.96,11.62,39470.23
2022-12-27,11.91,11.77,11.95,11.62,40091.0
2022-12-28,11.7,11.52,11.86,11.38,43920.08
2022-12-29,11.31,11.53,11.68,11.31,35112.3
2022-12-30,11.55,11.61,11.77,11.51,31279.0
2023-01-03,11.63,12.11,12.15,11.61,72001.0
2023-01-04,12.17,12.2,12.22,11.99,60289.5
2023-01-05,12.16,12.2,12.27,12.05,48265.69
2023-01-06,12.19,11.98,12.2,11.95,48653.8
2023-01-09,12.01,12.08,12.23,11.99,40983.0
2023-01-10,12.08,12.16,12.24,11.92,41349.0
2023-01-11,12.13,11.98,12.3,11.95,43732.96
2023-01-12,12.25,12.12,12.47,12.06,65850.87
2023-01-13,11.99,11.95,12.1,11.79,53667.64
2023-01-16,11.92,12.15,12.23,11.92,45559.63
2023-01-17,12.17,12.0,12.2,11.97,33826.25
2023-01-18,12.0,12.14,12.19,11.92,45290.29
2023-01-19,12.14,12.37,12.37,12.09,53985.89
2023-01-20,12.34,12.46,12.51,12.3,50960.41
2023-01-30,12.62,12.61,12.71,12.51,69441.28
2023-01-31,12.57,12.68,12.72,12.5,49101.0
2023-02-01,12.71,13.1,13.1,12.64,89345.31
2023-02-02,13.12,13.03,13.2,12.94,77717.45
2023-02-03,12.95,13.3,13.32,12.94,98629.1
2023-02-06,13.35,13.62,13.62,13.22,132199.71
2023-02-07,13.49,13.55,13.65,13.27,107623.54
2023-02-08,13.21,13.19,13.38,13.12,108597.68
2023-02-09,13.19,13.53,13.53,13.02,79111.7
2023-02-10,13.47,13.41,13.68,13.34,76343.83
2023-02-13,13.4,13.44,13.5,13.27,72017.08
2023-02-14,13.55,13.24,13.58,13.16,86405.95
2023-02-15,13.21,13.53,13.58,13.16,90337.78
2023-02-16,13.62,13.4,13.87,13.21,132703.06
2023-02-17,13.38,12.95,13.56,12.93,90959.0
2023-02-20,13.07,13.05,13.11,12.8,55454.0
2023-02-21,13.04,13.1,13.52,13.0,84920.87
2023-02-22,13.04,13.22,13.26,12.82,70830.54
2023-02-23,13.18,12.92,13.22,12.83,66805.9
2023-02-24,12.95,13.04,13.19,12.9,65710.25
2023-02-27,12.93,12.54,13.09,12.53,63077.0
2023-02-28,12.74,12.79,12.93,12.61,56263.15
2023-03-01,12.93,13.39,13.47,12.8,116901.1
2023-03-02,13.4,13.41,13.51,13.3,70728.25
2023-03-03,13.36,13.32,13.43,13.06,60692.0
2023-03-06,13.39,13.3,13.48,13.24,63055.62
2023-03-07,13.28,12.9,13.35,12.86,57082.0
2023-03-08,12.9,13.31,13.32,12.89,61438.0
2023-03-09,13.4,13.7,14.02,13.11,160545.46
2023-03-10,13.48,13.71,13.94,13.47,162047.23
2023-03-13,14.77,14.09,15.08,13.77,274475.48
2023-03-14,14.02,13.93,14.31,13.78,186778.61
2023-03-15,14.06,14.0,14.34,13.6,165751.27
2023-03-16,13.73,14.01,14.34,13.47,181840.38
2023-03-17,13.94,14.22,14.32,13.84,190899.53
2023-03-20,14.24,13.73,14.45,13.7,145058.06
2023-03-21,13.8,14.09,14.13,13.52,117273.24
2023-03-22,13.97,14.29,14.32,13.82,148693.83
2023-03-23,14.27,14.25,14.37,14.05,119133.92
2023-03-24,14.15,14.45,14.55,13.94,151839.24
2023-03-27,14.4,14.49,14.58,14.12,133706.14
2023-03-28,14.6,14.2,14.74,14.06,103790.07
2023-03-29,14.12,14.09,14.31,13.89,94850.97
2023-03-30,14.09,14.1,14.6,13.65,142569.59
2023-03-31,14.08,14.25,14.33,13.78,116696.5
2023-04-03,14.33,14.61,14.63,14.13,143681.21
2023-04-04,14.63,14.64,14.75,14.4,149167.3
2023-04-06,14.37,14.33,14.52,14.2,112820.06
2023-04-07,14.43,14.77,14.81,14.2,144717.0
2023-04-10,14.67,14.06,14.75,13.97,136316.18
2023-04-11,14.07,14.16,14.3,13.88,71561.13
2023-04-12,14.27,14.72,14.77,14.19,131903.8
2023-04-13,14.57,14.51,15.07,14.47,127982.16
2023-04-14,14.6,14.43,14.74,14.17,83328.48
2023-04-17,14.19,13.68,14.56,13.66,121828.05
2023-04-18,13.65,13.41,13.82,13.27,60740.97
2023-04-19,13.46,13.58,13.99,13.41,76400.41
2023-04-20,13.53,13.68,13.89,13.53,56293.64
2023-04-21,13.68,12.65,13.7,12.63,92337.34
2023-04-24,12.74,12.91,13.17,12.72,70498.0
2023-04-25,12.95,12.52,13.02,12.42,52784.0
2023-04-26,12.49,12.32,12.72,12.27,58802.34
2023-04-27,12.27,12.57,12.82,12.2,69376.34
2023-04-28,12.54,12.96,13.01,12.46,72989.0
2023-05-04,12.89,12.85,13.22,12.59,61142.0
2023-05-05,12.76,13.13,13.22,12.69,73322.0
2023-05-08,13.52,13.26,13.6,13.11,100358.16
2023-05-09,13.22,12.72,13.35,12.68,98566.93
2023-05-10,12.76,12.71,13.07,12.47,67790.44
2023-05-11,12.75,12.68,12.95,12.67,43984.89
2023-05-12,12.66,12.53,12.96,12.51,56970.46
2023-05-15,12.49,12.27,12.72,12.04,54178.25
2023-05-16,12.32,11.87,12.33,11.85,50640.95
2023-05-17,11.84,12.07,12.12,11.79,33025.9
2023-05-18,12.07,12.27,12.33,12.03,36081.94
2023-05-19,12.34,12.28,12.36,12.15,25701.0
2023-05-22,12.29,12.24,12.33,12.12,24421.8
2023-05-23,12.25,12.07,12.37,12.03,22604.0
2023-05-24,12.07,12.15,12.22,11.97,25446.06
2023-05-25,12.21,12.13,12.32,11.87,31025.0
2023-05-26,12.14,12.35,12.39,12.11,35121.95
2023-05-29,12.34,12.34,12.49,12.28,27886.25
2023-05-30,12.34,12.64,12.66,12.16,39050.66
2023-05-31,12.67,12.82,12.87,12.57,38931.15
2023-06-01,12.82,12.97,13.05,12.68,41280.05
2023-06-02,12.96,13.0,13.07,12.84,44149.26
2023-06-05,12.92,13.02,13.09,12.87,29838.8
2023-06-06,13.04,12.7,13.1,12.68,35517.23
2023-06-07,12.82,12.83,13.0,12.63,37638.05
2023-06-08,13.06,12.85,13.07,12.68,30491.73
2023-06-09,12.9,12.97,13.07,12.82,27617.43
2023-06-12,12.99,13.01,13.16,12.88,33366.9
2023-06-13,12.95,13.11,13.14,12.85,29015.89
2023-06-14,13.04,13.03,13.17,13.0,24785.89
2023-06-15,12.99,12.86,13.07,12.83,32450.3
2023-06-16,12.82,13.15,13.19,12.76,47949.33
2023-06-19,13.15,13.22,13.29,13.09,37585.0
2023-06-20,13.22,13.14,13.23,13.06,27796.58
2023-06-21,13.07,12.73,13.08,12.72,33519.0
2023-06-26,12.66,12.05,12.74,12.01,43546.0
2023-06-27,12.09,12.16,12.27,12.05,25394.9
2023-06-28,12.16,11.85,12.16,11.49,47949.9
2023-06-29,11.83,11.86,11.98,11.76,28293.59
2023-06-30,11.92,11.91,11.98,11.75,25543.45
2023-07-03,11.92,11.87,11.98,11.71,31233.0
2023-07-04,11.91,12.04,12.05,11.81,27501.16
2023-07-05,11.99,11.91,12.19,11.88,30497.0
2023-07-06,11.97,11.97,12.18,11.76,27402.0
2023-07-07,11.96,11.75,11.99,11.63,31694.0
2023-07-10,11.82,11.77,11.88,11.72,18192.3
2023-07-11,11.77,11.76,11.85,11.7,20868.4
2023-07-12,11.77,11.48,11.84,11.46,33345.6
2023-07-13,11.6,11.46,11.67,11.41,41611.15
2023-07-14,11.45,11.8,11.94,11.43,43642.0
2023-07-17,11.87,11.77,11.91,11.7,26531.0
2023-07-18,11.81,11.66,11.84,11.64,25086.5
2023-07-19,11.67,11.69,11.78,11.64,15590.0
2023-07-20,11.69,11.47,11.76,11.45,27588.0
2023-07-21,11.48,11.33,11.53,11.31,21557.07
2023-07-24,11.3,11.34,11.47,11.26,17334.3
2023-07-25,11.46,11.66,11.68,11.43,23255.5
2023-07-26,11.61,11.54,11.68,11.47,18422.0
2023-07-27,11.53,11.42,11.69,11.39,19202.0
2023-07-28,11.37,11.7,11.74,11.33,30013.28
2023-07-31,11.71,11.78,11.86,11.65,27044.54
2023-08-01,11.78,11.79,11.9,11.67,23071.3
2023-08-02,11.79,11.82,11.86,11.71,15912.32
2023-08-03,11.77,11.89,11.92,11.7,19567.07
2023-08-04,11.98,12.25,12.38,11.92,76954.67
2023-08-07,12.25,13.03,13.29,12.16,192231.95
2023-08-08,12.94,12.77,13.17,12.56,144209.33
2023-08-09,14.24,15.33,15.33,13.87,265883.88
2023-08-10,16.09,16.15,16.95,15.33,758361.17
2023-08-11,15.5,14.92,15.73,14.44,513873.05
2023-08-14,14.39,15.31,15.33,14.01,440735.24
2023-08-15,14.78,14.29,15.14,13.86,432871.16
2023-08-16,14.09,14.45,14.94,13.57,459144.07
2023-08-17,14.17,15.09,15.76,14.17,506720.82
2023-08-18,14.74,15.7,17.81,14.74,657184.66
2023-08-21,15.39,14.99,15.98,14.76,491138.96
2023-08-22,15.21,16.31,16.37,14.5,543919.29
2023-08-23,15.7,15.6,17.36,15.41,600952.64
2023-08-24,15.19,14.56,16.28,14.41,455016.6
2023-08-25,14.4,15.74,17.47,14.4,697976.02
2023-08-28,18.57,14.81,18.57,14.59,685614.24
2023-08-29,14.19,15.41,15.57,14.19,463649.86
2023-08-30,15.1,15.6,15.77,14.29,451535.31
2023-08-31,15.3,14.82,15.34,14.61,285880.06
2023-09-01,14.92,13.78,14.96,13.76,311596.98
2023-09-04,13.85,14.37,14.37,13.64,226151.16
2023-09-05,14.29,14.13,14.31,13.98,146292.57
2023-09-06,14.12,13.8,14.13,13.67,146507.0
2023-09-07,13.65,13.93,14.14,13.65,168692.66
2023-09-08,13.82,13.94,13.99,13.49,156898.57
2023-09-11,13.84,13.75,13.86,13.52,119986.9
2023-09-12,13.66,13.39,13.77,13.29,137411.25
2023-09-13,13.37,13.0,13.42,12.9,116697.65
2023-09-14,12.94,12.68,13.12,12.63,99220.0
2023-09-15,12.68,12.56,12.79,12.48,85775.95
2023-09-18,12.45,12.46,12.62,12.31,65920.0
2023-09-19,12.47,12.22,12.48,12.13,70142.9
2023-09-20,12.16,12.15,12.34,12.13,45410.73
2023-09-21,12.18,12.22,12.32,12.12,44822.19
2023-09-22,12.08,12.61,12.64,12.08,88932.49
2023-09-25,12.61,12.62,12.69,12.47,64829.05
2023-09-26,12.51,12.92,13.12,12.51,131020.9
2023-09-27,12.74,13.15,13.31,12.7,129962.2
2023-09-28,13.2,13.27,13.29,13.02,86251.0
2023-10-09,13.29,13.19,13.29,13.0,84298.0
2023-10-10,13.24,13.45,13.51,13.16,125533.2
2023-10-11,13.46,13.32,13.46,13.2,88621.2
2023-10-12,13.43,13.2,13.48,13.19,65674.25
2023-10-13,13.11,13.02,13.22,12.97,77564.0
2023-10-16,13.03,13.16,13.36,12.91,77480.79
2023-10-17,13.98,13.63,14.24,13.27,303306.15
2023-10-18,13.31,13.33,13.49,13.0,217178.65
2023-10-19,13.3,13.0,13.48,12.97,161563.12
2023-10-20,12.7,12.55,13.03,12.49,117361.43
2023-10-23,12.5,12.17,12.57,12.07,93122.6
2023-10-24,12.28,12.54,12.68,11.85,95921.16
2023-10-25,12.52,12.81,12.99,12.47,87514.08
2023-10-26,12.6,12.7,12.81,12.54,71522.0
2023-10-27,12.7,12.79,12.83,12.51,74638.43
2023-10-30,12.8,13.12,13.18,12.65,81095.74
2023-10-31,13.23,12.95,13.24,12.83,65808.0
2023-11-01,12.91,12.88,13.19,12.85,65600.78
2023-11-02,12.83,12.7,12.99,12.69,41542.0
2023-11-03,12.67,12.83,12.93,12.65,48697.65
2023-11-06,12.94,13.16,13.23,12.93,65101.72
2023-11-07,13.22,13.23,13.24,13.08,62988.69
2023-11-08,13.23,13.51,13.59,13.16,117669.97
2023-11-09,13.97,14.41,15.09,13.9,378396.53
2023-11-10,14.04,13.68,14.14,13.6,249292.08
2023-11-13,13.85,14.06,14.12,13.76,191354.86
2023-11-14,14.1,14.56,14.79,14.07,252198.58
2023-11-15,14.4,14.93,15.54,14.34,379523.33
2023-11-16,14.74,14.77,15.17,14.48,244705.85
2023-11-17,14.74,14.66,14.96,14.55,160136.8
2023-11-20,14.55,14.52,14.68,14.3,134756.88
2023-11-21,14.94,14.67,15.12,14.29,223998.12
2023-11-22,14.3,14.21,14.73,14.2,136839.68
2023-11-23,14.19,14.24,14.33,13.99,92861.1
2023-11-24,14.15,13.73,14.24,13.7,85055.0
2023-11-27,13.73,13.87,14.1,13.67,80167.0
2023-11-28,13.86,13.81,13.98,13.64,54729.53
2023-11-29,13.8,13.59,13.8,13.57,55997.0
2023-11-30,13.6,13.46,13.65,13.31,48342.0
2023-12-01,13.49,13.97,14.12,13.45,91949.3
2023-12-04,13.89,14.22,14.45,13.8,106553.8
2023-12-05,14.22,13.64,14.27,13.63,87176.97
2023-12-06,13.59,13.58,13.81,13.39,64385.0
2023-12-07,13.57,13.8,13.89,13.57,69656.58
2023-12-08,13.87,13.47,13.91,13.47,70243.0
2023-12-11,13.4,13.82,13.83,13.29,73888.0
2023-12-12,13.79,13.85,13.96,13.7,51083.0
2023-12-13,13.84,13.62,13.9,13.6,42440.0
2023-12-14,13.71,13.64,13.84,13.59,44770.0
2023-12-15,13.59,13.53,13.69,13.45,35203.58
2023-12-18,13.44,13.17,13.55,13.15,40947.0
2023-12-19,13.17,13.51,13.71,13.1,57892.0
2023-12-20,13.51,13.22,13.58,13.21,45122.0
2023-12-21,13.14,13.21,13.39,12.99,48929.0
2023-12-22,13.19,12.74,13.28,12.71,65294.65
2023-12-25,12.74,12.72,13.03,12.59,38543.0
2023-12-26,12.71,12.38,12.77,12.33,33784.0
2023-12-27,12.37,12.59,12.67,12.37,32378.86
2023-12-28,12.69,12.86,12.93,12.4,37625.92
2023-12-29,12.96,13.09,13.09,12.83,33971.85
2024-01-02,13.06,13.03,13.24,13.01,36355.85
2024-01-03,13.01,13.04,13.11,12.8,39056.65
2024-01-04,12.94,13.05,13.39,12.75,65843.04
2024-01-05,13.14,12.89,13.19,12.72,44409.93
2024-01-08,12.8,12.49,12.84,12.49,48724.88
2024-01-09,12.72,12.41,12.72,12.34,39343.3
2024-01-10,12.49,12.11,12.49,12.1,31951.38
2024-01-11,12.15,12.82,12.97,12.14,77009.73
2024-01-12,12.81,12.4,12.92,12.39,44289.65
2024-01-15,12.38,12.28,12.43,12.14,34342.0
2024-01-16,12.04,11.92,12.19,11.6,88232.3
2024-01-17,12.01,11.71,12.03,11.69,38074.6
2024-01-18,11.69,11.61,11.75,11.28,43405.1
2024-01-19,11.63,11.32,11.67,11.3,29463.55
2024-01-22,11.32,10.54,11.42,10.35,53292.2
2024-01-23,10.52,10.48,10.55,10.25,46731.94
2024-01-24,10.54,10.82,10.87,10.23,48059.11
2024-01-25,10.86,11.17,11.21,10.66,39804.97
2024-01-26,11.21,11.22,11.47,11.09,38822.0
2024-01-29,11.37,10.73,11.37,10.7,33362.7
2024-01-30,10.73,10.44,10.87,10.4,31750.7
2024-01-31,10.29,9.72,10.4,9.68,53157.0
2024-02-01,9.65,9.6,9.95,9.33,51732.75
2024-02-02,9.7,9.13,9.9,8.83,58463.46
2024-02-05,9.14,8.48,9.19,8.25,98730.0
2024-02-06,8.47,8.34,8.75,7.5,96655.9
2024-02-07,8.43,7.38,8.44,7.11,162206.16
2024-02-08,7.39,8.12,8.17,6.83,140435.07
2024-02-19,8.14,8.67,8.79,8.12,98384.88
2024-02-20,8.56,8.82,8.87,8.46,61628.14
2024-02-21,8.63,8.99,9.32,8.62,71323.3
2024-02-22,8.91,9.54,9.83,8.91,99277.0
2024-02-23,9.7,10.29,10.48,9.57,130829.9
2024-02-26,10.11,9.98,10.2,9.73,126860.46
2024-02-27,9.89,10.45,10.51,9.84,98440.4
2024-02-28,10.48,9.36,10.67,9.34,124622.33
2024-02-29,9.49,9.96,10.13,9.47,86247.29
2024-03-01,10.08,10.23,10.49,9.98,90263.92
2024-03-04,10.23,10.21,10.34,9.91,69550.21
2024-03-05,10.07,10.25,10.47,9.99,71334.0
2024-03-06,10.12,10.09,10.25,9.91,58597.0
2024-03-07,10.09,9.88,10.23,9.87,52198.0
2024-03-08,9.81,9.98,10.04,9.75,32235.0
2024-03-11,9.94,10.29,10.29,9.93,52564.01
2024-03-12,10.35,10.96,11.27,10.24,134438.16
2024-03-13,10.93,10.67,10.94,10.55,115414.92
2024-03-14,10.57,10.45,10.74,10.24,77286.94
2024-03-15,10.43,10.94,10.99,10.32,101496.35
2024-03-18,11.15,11.73,11.99,11.04,210618.88
2024-03-19,11.5,11.26,11.65,11.24,160783.63
2024-03-20,11.59,12.04,12.49,11.57,238703.78
2024-03-21,11.94,14.45,14.45,11.82,598555.58
2024-03-22,13.73,13.13,13.94,13.0,493870.95
2024-03-25,12.96,12.63,13.99,12.59,387409.04
2024-03-26,12.51,12.79,13.23,12.04,295254.72
2024-03-27,12.42,11.6,12.42,11.41,294626.16
2024-03-28,11.96,13.07,13.29,11.89,365717.97
2024-03-29,12.68,12.73,13.15,12.17,275199.1
2024-04-01,12.83,12.91,13.05,12.51,204753.88
2024-04-02,12.91,12.78,13.37,12.49,260481.92
2024-04-03,12.39,13.14,13.39,11.92,273560.11
2024-04-08,12.95,12.29,12.95,12.24,179998.61
2024-04-09,12.31,12.09,12.89,11.74,146424.0
2024-04-10,11.7,12.0,12.3,11.19,165032.16
2024-04-11,11.69,11.27,11.79,11.04,125669.69
2024-04-12,11.17,10.93,11.42,10.88,91968.3
2024-04-15,10.81,10.39,11.06,10.17,99164.96
2024-04-16,10.32,9.09,10.37,9.07,146187.42
2024-04-17,9.34,10.09,10.09,9.34,144580.95
2024-04-18,10.07,10.43,11.08,9.84,185224.23
2024-04-19,10.59,11.09,11.23,10.44,197529.07
2024-04-22,11.04,11.31,11.72,10.87,203911.14
2024-04-23,11.29,12.19,13.24,11.19,296411.93
2024-04-24,13.55,13.98,14.63,13.55,690775.86
2024-04-25,13.47,13.02,13.65,12.51,546408.17
2024-04-26,12.7,13.04,13.77,12.66,510383.71
2024-04-29,12.2,13.4,13.4,12.2,372959.29
2024-04-30,13.19,12.31,13.2,12.22,295810.02
2024-05-06,12.62,12.17,12.71,11.99,189692.95
2024-05-07,12.17,13.29,13.49,11.99,398740.48
2024-05-08,13.04,13.21,13.74,12.79,309167.25
2024-05-09,13.27,14.01,14.29,12.91,428357.89
2024-05-10,13.81,13.01,14.11,12.94,335465.53
2024-05-13,12.82,12.38,12.95,12.29,176413.85
2024-05-14,12.51,12.56,12.87,12.17,154478.26
2024-05-15,12.56,13.09,13.37,12.32,265373.46
2024-05-16,13.63,15.0,15.71,13.35,724832.5
2024-05-17,17.13,18.0,18.0,15.59,856452.24
2024-05-20,16.59,16.24,17.28,15.92,764350.78
2024-05-21,15.77,16.36,16.43,15.65,510740.49
2024-05-22,16.18,17.22,17.24,15.53,616704.83
2024-05-23,17.76,16.51,18.87,16.27,683645.89
2024-05-24,16.14,16.33,17.35,15.59,542911.11
2024-05-27,15.5,15.09,15.59,14.69,412395.41
2024-05-28,14.98,14.56,15.21,14.42,282081.15
2024-05-29,14.5,14.17,14.64,13.99,250718.81
2024-05-30,13.99,14.16,14.65,13.68,271852.8
2024-05-31,14.1,14.91,14.99,13.89,399268.68
2024-06-03,14.68,14.02,15.19,13.92,333344.48
2024-06-04,13.8,13.59,14.2,13.3,246198.3
2024-06-05,13.59,13.18,13.63,13.13,165505.69
2024-06-06,13.11,12.53,13.29,12.27,221208.01
2024-06-07,12.72,13.05,13.1,12.45,179901.0
2024-06-11,12.79,13.31,13.47,12.71,196004.6
2024-06-12,13.19,13.3,13.48,13.14,148343.0
2024-06-13,13.38,13.17,13.51,13.09,166058.96
2024-06-14,13.07,13.36,13.44,12.82,193851.36
2024-06-17,13.47,13.35,13.75,13.26,198366.36
2024-06-18,13.33,13.82,13.93,13.25,229325.83
2024-06-19,13.61,14.45,14.87,13.59,323815.91
2024-06-20,14.14,13.26,14.15,13.25,238978.63
2024-06-21,13.26,13.07,13.44,12.97,129108.47
2024-06-24,12.81,12.83,13.34,12.63,133970.0
2024-06-25,12.77,12.44,13.01,12.19,142025.0
2024-06-26,12.31,12.69,12.77,12.15,116369.0
2024-06-27,12.66,12.12,12.68,12.09,130231.0
2024-06-28,12.1,12.28,12.67,12.09,124489.0
2024-07-01,12.25,12.46,12.54,12.25,76048.0
2024-07-02,12.47,12.6,12.89,12.4,133806.31
2024-07-03,12.49,11.66,12.59,11.66,167487.5
2024-07-04,11.74,11.45,11.89,11.42,87790.97
2024-07-05,11.43,11.71,11.79,11.25,76899.27
2024-07-08,11.69,11.44,11.87,11.42,58187.2
2024-07-09,11.44,11.88,11.89,11.28,87741.0
2024-07-10,11.76,11.83,12.18,11.75,82000.0
2024-07-11,12.05,12.12,12.16,11.9,78488.5
2024-07-12,12.2,12.01,12.4,12.01,78282.0
2024-07-15,12.01,12.0,12.15,11.88,57213.57
2024-07-16,11.9,11.91,12.12,11.84,58785.0
2024-07-17,11.9,11.42,11.92,11.41,85861.0
2024-07-18,11.5,11.27,11.5,10.93,76632.01
2024-07-19,11.27,11.27,11.45,11.17,48384.3
2024-07-22,11.6,11.44,11.68,11.24,67442.16
2024-07-23,11.38,11.24,11.53,11.24,57437.0
2024-07-24,11.23,10.98,11.32,10.95,62290.0
2024-07-25,11.0,11.2,11.5,10.99,109292.25
2024-07-26,11.06,11.55,11.65,11.06,114786.25
2024-07-29,11.76,11.97,12.1,11.4,160259.0
2024-07-30,11.65,12.08,12.25,11.61,149528.0
2024-07-31,12.08,14.19,14.5,11.97,470713.0
2024-08-01,14.38,14.01,14.78,13.7,492324.8
2024-08-02,13.94,13.7,14.52,13.55,417828.91
2024-08-05,13.33,12.8,13.65,12.77,275596.3
2024-08-06,13.02,12.84,13.13,12.59,160068.9
2024-08-07,12.84,13.1,13.33,12.77,188072.81
2024-08-08,13.09,12.53,13.1,12.43,171908.0
2024-08-09,12.63,12.36,12.82,12.34,90604.0
2024-08-12,12.29,11.92,12.35,11.86,95548.0
2024-08-13,11.92,12.08,12.11,11.78,64058.0
2024-08-14,12.06,11.89,12.13,11.86,57392.0
2024-08-15,11.79,11.99,12.08,11.64,77955.0
2024-08-16,12.08,11.8,12.15,11.74,74327.3
2024-08-19,12.0,13.25,13.26,12.0,368260.31
2024-08-20,12.62,12.31,12.65,12.14,227932.31
2024-08-21,12.18,11.68,12.39,11.67,162695.43
2024-08-22,11.7,11.43,11.87,11.38,108515.88
2024-08-23,11.5,11.59,11.9,11.35,122483.0
2024-08-26,11.4,11.45,11.69,11.19,111320.61
2024-08-27,11.06,10.89,11.26,10.85,115949.61
2024-08-28,10.82,10.85,10.98,10.71,52374.0
2024-08-29,10.78,11.07,11.15,10.7,64566.0
2024-08-30,11.0,11.4,11.64,11.0,96661.89
2024-09-02,11.45,11.19,11.58,11.18,76331.0
2024-09-03,11.22,11.42,11.43,11.13,71707.39
2024-09-04,11.28,11.28,11.47,11.22,58079.0
2024-09-05,11.4,11.59,11.76,11.4,115166.38
2024-09-06,11.56,11.49,11.86,11.34,119061.0
2024-09-09,11.58,11.28,11.7,11.25,67965.0
2024-09-10,11.3,11.62,11.68,11.2,85893.0
2024-09-11,11.57,11.45,11.6,11.4,48582.0
2024-09-12,11.52,11.57,11.75,11.5,75493.0
2024-09-13,11.64,11.13,11.66,11.13,76523.87
2024-09-18,11.1,11.23,11.4,11.02,50819.33
2024-09-19,11.38,11.56,11.65,11.21,71116.0
2024-09-20,11.51,11.71,11.76,11.5,87022.57
2024-09-23,11.66,11.73,11.96,11.65,90903.0
2024-09-24,11.74,12.27,12.36,11.63,167692.39
2024-09-25,12.49,12.84,13.04,12.24,245825.95
2024-09-26,12.56,12.97,12.99,12.43,233642.98
2024-09-27,13.53,13.82,14.24,13.31,313119.87
2024-09-30,14.96,16.5,16.55,14.51,429686.66
2024-10-08,19.79,19.8,19.8,17.2,474377.45
2024-10-09,18.51,21.25,23.76,17.89,727273.25
2024-10-10,20.2,18.05,20.88,17.0,498913.58
2024-10-11,17.42,18.49,20.18,17.4,455639.34
2024-10-14,19.7,20.61,21.18,18.4,565499.1
2024-10-15,19.33,20.48,23.49,19.13,679082.32
2024-10-16,19.34,21.08,21.41,19.34,469722.02
2024-10-17,21.6,21.8,23.88,20.45,630728.38
2024-10-18,22.41,26.16,26.16,22.27,648950.17
2024-10-21,29.44,31.39,31.39,28.8,392465.11
2024-10-22,37.0,31.03,37.0,30.1,1101943.48
2024-10-23,29.99,31.07,33.0,29.99,671189.47
2024-10-24,29.0,28.46,29.8,27.6,514650.38
2024-10-25,28.1,28.13,29.52,27.69,440497.45
2024-10-28,28.37,29.11,29.41,27.43,450413.81
2024-10-29,28.16,27.6,29.1,27.6,412524.25
2024-10-30,27.33,27.84,28.2,26.31,311487.71
2024-10-31,27.8,30.06,31.63,27.28,567738.86
2024-11-01,29.18,25.76,29.18,25.06,393600.78
2024-11-04,25.25,25.89,26.23,25.21,198706.1
2024-11-05,25.99,27.34,27.6,25.85,269399.09
2024-11-06,28.88,28.97,30.86,28.22,465052.5
2024-11-07,28.28,29.29,30.48,28.13,324873.08
2024-11-08,30.26,28.79,30.36,28.5,314632.15
2024-11-11,28.22,29.86,30.3,28.01,308429.65
2024-11-12,29.99,29.15,30.6,28.4,262099.73
2024-11-13,28.54,28.52,28.99,27.81,158918.64
2024-11-14,27.9,27.16,28.68,27.02,145947.33
2024-11-15,26.95,25.25,27.56,25.21,186227.15
2024-11-18,25.33,23.56,25.65,22.77,207152.36
2024-11-19,24.0,25.08,25.36,23.9,203283.0
2024-11-20,24.99,25.44,25.66,24.65,149231.77
2024-11-21,25.4,25.49,25.76,25.11,127297.81
2024-11-22,25.16,24.29,25.76,24.18,137510.9
2024-11-25,24.35,24.18,24.64,23.26,110746.59
2024-11-26,24.4,23.48,24.48,23.45,78407.09
2024-11-27,23.36,24.08,24.09,22.7,108120.28
2024-11-28,24.08,24.19,25.1,24.08,136021.84
2024-11-29,24.19,25.13,25.69,23.9,196486.01
2024-12-02,24.98,25.3,25.49,24.5,142223.86
2024-12-03,25.3,26.0,26.62,25.02,197149.6
2024-12-04,25.44,24.78,25.71,24.58,156499.74
2024-12-05,24.66,24.78,25.36,24.58,96416.3
2024-12-06,24.77,24.35,25.0,24.21,106201.07
2024-12-09,24.15,23.96,24.49,23.66,90247.52
2024-12-10,25.4,24.89,25.85,24.52,200314.49
2024-12-11,25.0,24.96,25.39,24.74,125087.95
2024-12-12,24.9,26.48,26.5,24.9,260409.42
2024-12-13,25.6,26.33,27.4,25.48,312186.84
2024-12-16,25.9,27.1,27.34,25.01,241799.09
2024-12-17,26.94,25.66,27.75,25.61,230631.8
2024-12-18,25.48,24.37,25.48,23.1,187090.09
2024-12-19,23.69,23.69,24.49,23.4,124834.36
2024-12-20,23.53,24.08,24.5,23.39,104983.12
2024-12-23,24.0,22.42,24.06,22.35,131404.8
2024-12-24,22.51,22.53,23.0,22.06,88727.04
2024-12-25,22.5,21.9,22.6,21.24,106332.36
2024-12-26,22.05,21.91,22.3,21.88,65537.3
2024-12-27,21.93,22.06,22.64,21.86,76771.03
2024-12-30,22.1,22.17,22.3,21.4,61534.68
2024-12-31,22.21,20.54,22.37,20.38,147302.1
2025-01-02,20.55,19.85,20.65,19.56,114513.73
2025-01-03,19.99,18.54,20.05,18.51,102145.68
2025-01-06,18.56,18.39,18.84,17.76,82179.36
2025-01-07,18.71,19.05,19.05,18.5,69632.58
2025-01-08,19.1,19.12,19.4,18.34,75881.58
2025-01-09,18.91,19.26,19.37,18.85,55238.48
2025-01-10,19.25,18.56,19.56,18.56,58761.37
2025-01-13,18.55,18.79,18.96,17.82,56580.63
2025-01-14,19.0,20.43,20.54,18.7,116943.95
2025-01-15,20.8,20.06,20.89,19.96,95127.8
2025-01-16,20.15,20.15,20.69,19.85,75899.0
2025-01-17,20.15,20.15,20.35,19.87,59170.0
2025-01-20,20.75,20.2,21.0,20.09,65458.5
2025-01-21,20.15,20.15,20.48,19.81,53440.05
2025-01-22,20.15,19.8,20.15,19.68,45318.0
2025-01-23,20.15,19.81,20.7,19.79,74852.0
2025-01-24,19.8,20.23,20.35,19.67,68588.55
2025-01-27,20.2,19.26,20.54,19.26,79543.0
2025-02-05,19.6,20.05,20.34,19.44,79278.0
2025-02-06,20.25,20.65,20.66,19.66,83560.0
2025-02-07,20.78,21.19,21.48,20.7,122422.42
2025-02-10,21.9,21.85,21.9,21.2,122107.0
2025-02-11,21.88,21.46,21.9,21.27,101907.94
2025-02-12,21.8,22.13,22.65,21.62,174343.65
2025-02-13,22.5,21.9,22.57,21.9,125057.54
2025-02-14,21.64,22.22,22.4,21.37,142038.0
2025-02-17,22.45,22.12,22.6,21.9,127702.9
2025-02-18,22.2,20.67,22.29,20.62,136242.4
2025-02-19,21.1,21.3,21.49,20.75,93255.9
2025-02-20,20.82,20.98,21.1,20.51,123167.0
2025-02-21,20.8,21.49,21.5,20.49,121697.19
2025-02-24,21.48,21.76,22.35,21.01,156690.98
2025-02-25,21.2,21.9,22.4,21.16,153060.63
2025-02-26,21.8,21.88,22.03,21.5,111878.2
2025-02-27,21.69,21.42,22.03,20.98,101532.82
2025-02-28,21.3,19.72,21.34,19.69,108107.0
2025-03-03,19.81,19.9,20.44,19.42,76700.3
2025-03-04,19.9,20.46,21.08,19.8,80970.51
2025-03-05,20.65,20.34,20.67,20.02,68952.61
2025-03-06,20.5,21.16,21.33,20.39,110659.88
2025-03-07,21.0,20.55,21.1,20.34,106362.0
2025-03-10,20.46,20.24,20.58,19.97,60515.14
2025-03-11,19.99,20.08,20.15,19.77,65370.0
2025-03-12,20.3,20.08,20.41,20.02,55314.55
2025-03-13,20.04,19.46,20.04,19.22,71761.1
2025-03-14,19.46,20.09,20.1,19.1,94027.01
2025-03-17,20.1,19.96,20.21,19.82,56027.0
2025-03-18,19.92,19.95,20.18,19.81,51259.59
2025-03-19,19.85,19.64,19.9,19.5,46490.95
2025-03-20,19.63,19.28,19.68,19.27,40622.0
2025-03-21,19.3,18.56,19.32,18.5,68623.34
2025-03-24,18.51,17.98,18.66,17.4,74600.4
2025-03-25,17.98,17.83,18.08,17.69,59858.58
2025-03-26,17.9,17.8,18.02,17.7,34826.58
2025-03-27,17.7,17.79,18.06,17.48,37267.9
2025-03-28,17.75,17.52,17.89,17.49,35059.0
2025-03-31,17.35,17.25,17.49,16.8,68566.0
2025-04-01,17.28,17.24,17.45,17.1,45155.58
2025-04-02,17.23,17.1,17.36,17.02,42541.0
2025-04-03,16.82,17.28,17.94,16.82,98161.0
2025-04-07,16.28,13.88,16.47,13.82,146479.54
2025-04-22,16.66,16.66,16.66,16.66,10640.73
2025-04-23,19.99,19.99,19.99,19.99,19817.0
2025-04-24,23.5,21.66,23.5,20.62,602361.46
2025-04-25,21.57,19.05,21.9,19.01,462136.7
2025-04-28,18.8,18.12,19.73,18.09,307078.14
2025-04-29,17.95,18.35,18.8,17.65,270862.02
2025-04-30,18.4,18.13,18.85,18.08,249018.22
2025-05-06,18.17,19.52,19.57,18.17,325628.3
2025-05-07,20.25,19.54,20.62,19.33,298079.7
2025-05-08,19.8,19.4,19.95,19.33,202830.48
2025-05-09,19.38,19.07,19.59,18.8,157763.0
2025-05-12,19.13,19.5,19.59,18.95,156863.77
2025-05-13,19.6,19.08,19.79,19.0,141428.0
2025-05-14,19.02,19.46,19.68,18.75,174804.2
2025-05-15,19.24,18.4,19.27,18.37,154914.97
2025-05-16,18.5,18.61,18.81,18.32,95859.0
2025-05-19,19.3,19.16,19.68,18.75,166431.4
2025-05-20,19.31,20.29,20.45,19.31,372667.13
2025-05-21,20.08,19.84,20.66,19.41,275629.75
2025-05-22,19.65,19.15,20.45,19.15,197422.03
2025-05-23,19.25,18.36,19.45,18.33,165377.6
2025-05-26,18.41,18.67,18.69,18.2,107861.0
2025-05-27,18.51,19.23,19.83,18.51,197569.77
2025-05-28,19.17,18.98,19.45,18.66,142272.0
2025-05-29,18.88,20.54,20.8,18.85,363641.51
2025-05-30,20.2,20.44,20.89,20.04,282696.03
2025-06-03,20.5,20.1,21.11,20.04,268200.0
2025-06-04,20.0,19.83,20.2,19.68,178107.63
2025-06-05,19.75,20.07,20.27,19.62,196196.62
2025-06-06,19.88,20.54,21.46,19.88,334689.77
2025-06-09,21.02,20.55,21.2,20.28,227676.08
2025-06-10,20.55,20.03,20.6,19.7,170744.0
2025-06-11,20.03,20.18,20.52,19.83,148175.0
2025-06-12,19.91,21.07,21.47,19.83,303045.67
2025-06-13,21.0,20.4,21.3,20.13,235222.0
2025-06-16,20.21,21.38,21.52,20.21,300378.68
2025-06-17,21.4,22.07,22.41,21.1,401553.68
2025-06-18,21.65,21.67,22.19,21.5,262195.31
2025-06-19,21.9,20.55,22.27,20.55,232390.24
2025-06-20,20.53,20.35,20.7,19.7,159899.6
2025-06-23,20.4,21.74,22.02,20.31,306257.0
2025-06-24,21.76,22.26,22.3,21.38,327149.4
2025-06-25,21.81,23.44,23.9,21.81,507284.22
2025-06-26,23.82,24.99,26.66,23.49,640631.04
2025-06-27,24.52,23.55,25.03,23.52,432165.09
2025-06-30,23.56,23.74,24.0,23.36,272377.17
2025-07-01,23.6,22.94,23.74,22.63,252643.3
2025-07-02,22.88,22.54,22.88,22.25,148785.0
2025-07-03,22.37,22.36,22.63,22.17,107173.97
2025-07-04,22.57,22.76,23.32,21.92,300875.0
2025-07-07,23.16,23.72,24.29,23.0,398267.09
2025-07-08,23.34,24.47,25.0,23.05,370476.96
2025-07-09,24.11,24.83,25.5,23.7,417742.11
2025-07-10,24.33,24.04,25.26,23.66,351340.3
2025-07-11,23.7,24.48,25.98,23.68,372596.18
2025-07-14,24.01,23.35,24.27,23.0,257549.75
2025-07-15,23.21,22.96,23.43,22.69,151175.98
2025-07-16,22.82,22.95,23.05,22.6,108623.0
2025-07-17,23.1,23.05,23.31,22.81,124232.61
2025-07-18,23.1,22.6,23.37,22.6,138255.97
2025-07-21,22.63,22.53,22.8,22.4,117872.56
2025-07-22,22.55,22.01,22.68,21.95,144987.21
2025-07-23,21.9,21.76,22.17,21.72,91279.0
2025-07-24,21.69,22.43,22.45,21.67,118278.1
2025-07-25,22.81,22.67,23.49,22.51,172774.0
2025-07-28,22.45,22.4,22.67,22.21,104460.0
2025-07-29,22.24,22.44,22.48,21.77,112477.0
2025-07-30,22.42,21.68,22.42,21.52,103153.0
2025-07-31,21.56,21.5,21.92,21.46,70359.35
2025-08-01,21.5,21.52,21.76,21.1,66883.5
2025-08-04,21.27,21.65,21.84,21.22,59705.0
2025-08-05,21.65,22.14,22.18,21.57,93058.0
2025-08-06,22.0,22.12,22.3,21.81,87739.0
2025-08-07,22.0,22.59,22.66,21.72,153355.89
2025-08-08,22.5,21.88,22.5,21.88,104593.0
2025-08-11,21.88,22.14,22.15,21.74,75654.95
2025-08-12,20.01,20.91,20.95,20.01,173195.61
2025-08-13,20.83,20.67,20.95,20.66,99492.13
2025-08-14,20.7,20.86,21.3,20.66,123682.68
2025-08-15,20.69,21.14,21.17,20.48,115185.0
2025-08-18,21.07,21.96,22.39,21.03,182244.58
2025-08-19,22.46,21.88,22.55,21.79,141406.27
2025-08-20,21.68,21.92,22.15,21.51,100822.95
2025-08-21,24.45,24.68,26.3,24.45,611152.25
2025-08-22,23.55,23.99,24.54,22.88,513984.91
